Workbook

Sheet ダッシュボード
A1: テスト進捗ダッシュボード
A2: 基準日: | B2: 46086 | F2: 週範囲From: | H2: To:
A4: ■ 実施進捗
A5: チーム | B5: 日次 | D5: 週次 | H5: 総計
B6: 予定 | C6: 実績 | D6: 予定 | E6: 実績 | F6: 残数 | G6: 遅延 | H6: 総数 | I6: 予定累計 | J6: 実績累計 | K6: 残数 | L6: 遅延 | M6: 予定消化率 | N6: 実績消化率 | O6: 乖離 | P6: 状態
A7: 全体 | B7: =IFERROR(INDEX('進捗サマリー_ALL'!D6:D30,MATCH($B$2,'進捗サマリー_ALL'!A6:A30,0)),0) | C7: =IFERROR(INDEX('進捗サマリー_ALL'!E6:E30,MATCH($B$2,'進捗サマリー_ALL'!A6:A30,0)),0) | D7: =IF(OR($G$2="",$I$2=""),"-",SUMIFS('進捗サマリー_ALL'!D6:D30,'進捗サマリー_ALL'!A6:A30,">="&$G$2,'進捗サマリー_ALL'!A6:A30,"<="&$I$2)) | E7: =IF(OR($G$2="",$I$2=""),"-",SUMIFS('進捗サマリー_ALL'!E6:E30,'進捗サマリー_ALL'!A6:A30,">="&$G$2,'進捗サマリー_ALL'!A6:A30,"<="&$I$2)) | F7: =IF(OR($G$2="",$I$2=""),"-",D7-E7) | G7: =IF(OR($G$2="",$I$2=""),"-",IF(F7>0,F7,0)) | H7: ='進捗サマリー_ALL'!D5 | I7: =IFERROR(INDEX('進捗サマリー_ALL'!G6:G30,MATCH($B$2,'進捗サマリー_ALL'!A6:A30,0)),0) | J7: =IFERROR(INDEX('進捗サマリー_ALL'!H6:H30,MATCH($B$2,'進捗サマリー_ALL'!A6:A30,0)),0) | K7: =H7-J7 | L7: =I7-J7 | M7: =IF(H7=0,0,I7/H7) | N7: =IF(H7=0,0,J7/H7) | O7: =N7-M7 | P7: =IF(J7>=H7,"完了",IF(L7>0,"遅延","順調"))
A8: オンライン | B8: =IFERROR(INDEX('進捗サマリー_オンライン'!D6:D23,MATCH($B$2,'進捗サマリー_オンライン'!A6:A23,0)),0) | C8: =IFERROR(INDEX('進捗サマリー_オンライン'!E6:E23,MATCH($B$2,'進捗サマリー_オンライン'!A6:A23,0)),0) | D8: =IF(OR($G$2="",$I$2=""),"-",SUMIFS('進捗サマリー_オンライン'!D6:D23,'進捗サマリー_オンライン'!A6:A23,">="&$G$2,'進捗サマリー_オンライン'!A6:A23,"<="&$I$2)) | E8: =IF(OR($G$2="",$I$2=""),"-",SUMIFS('進捗サマリー_オンライン'!E6:E23,'進捗サマリー_オンライン'!A6:A23,">="&$G$2,'進捗サマリー_オンライン'!A6:A23,"<="&$I$2)) | F8: =IF(OR($G$2="",$I$2=""),"-",D8-E8) | G8: =IF(OR($G$2="",$I$2=""),"-",IF(F8>0,F8,0)) | H8: ='進捗サマリー_オンライン'!D5 | I8: =IFERROR(INDEX('進捗サマリー_オンライン'!G6:G23,MATCH($B$2,'進捗サマリー_オンライン'!A6:A23,0)),0) | J8: =IFERROR(INDEX('進捗サマリー_オンライン'!H6:H23,MATCH($B$2,'進捗サマリー_オンライン'!A6:A23,0)),0) | K8: =H8-J8 | L8: =I8-J8 | M8: =IF(H8=0,0,I8/H8) | N8: =IF(H8=0,0,J8/H8) | O8: =N8-M8 | P8: =IF(J8>=H8,"完了",IF(L8>0,"遅延","順調"))
A9: バッチ | B9: =IFERROR(INDEX('進捗サマリー_バッチ'!D6:D30,MATCH($B$2,'進捗サマリー_バッチ'!A6:A30,0)),0) | C9: =IFERROR(INDEX('進捗サマリー_バッチ'!E6:E30,MATCH($B$2,'進捗サマリー_バッチ'!A6:A30,0)),0) | D9: =IF(OR($G$2="",$I$2=""),"-",SUMIFS('進捗サマリー_バッチ'!D6:D30,'進捗サマリー_バッチ'!A6:A30,">="&$G$2,'進捗サマリー_バッチ'!A6:A30,"<="&$I$2)) | E9: =IF(OR($G$2="",$I$2=""),"-",SUMIFS('進捗サマリー_バッチ'!E6:E30,'進捗サマリー_バッチ'!A6:A30,">="&$G$2,'進捗サマリー_バッチ'!A6:A30,"<="&$I$2)) | F9: =IF(OR($G$2="",$I$2=""),"-",D9-E9) | G9: =IF(OR($G$2="",$I$2=""),"-",IF(F9>0,F9,0)) | H9: ='進捗サマリー_バッチ'!D5 | I9: =IFERROR(INDEX('進捗サマリー_バッチ'!G6:G30,MATCH($B$2,'進捗サマリー_バッチ'!A6:A30,0)),0) | J9: =IFERROR(INDEX('進捗サマリー_バッチ'!H6:H30,MATCH($B$2,'進捗サマリー_バッチ'!A6:A30,0)),0) | K9: =H9-J9 | L9: =I9-J9 | M9: =IF(H9=0,0,I9/H9) | N9: =IF(H9=0,0,J9/H9) | O9: =N9-M9 | P9: =IF(J9>=H9,"完了",IF(L9>0,"遅延","順調"))
A10: 基盤 | B10: =IFERROR(INDEX('進捗サマリー_基盤'!D6:D24,MATCH($B$2,'進捗サマリー_基盤'!A6:A24,0)),0) | C10: =IFERROR(INDEX('進捗サマリー_基盤'!E6:E24,MATCH($B$2,'進捗サマリー_基盤'!A6:A24,0)),0) | D10: =IF(OR($G$2="",$I$2=""),"-",SUMIFS('進捗サマリー_基盤'!D6:D24,'進捗サマリー_基盤'!A6:A24,">="&$G$2,'進捗サマリー_基盤'!A6:A24,"<="&$I$2)) | E10: =IF(OR($G$2="",$I$2=""),"-",SUMIFS('進捗サマリー_基盤'!E6:E24,'進捗サマリー_基盤'!A6:A24,">="&$G$2,'進捗サマリー_基盤'!A6:A24,"<="&$I$2)) | F10: =IF(OR($G$2="",$I$2=""),"-",D10-E10) | G10: =IF(OR($G$2="",$I$2=""),"-",IF(F10>0,F10,0)) | H10: ='進捗サマリー_基盤'!D5 | I10: =IFERROR(INDEX('進捗サマリー_基盤'!G6:G24,MATCH($B$2,'進捗サマリー_基盤'!A6:A24,0)),0) | J10: =IFERROR(INDEX('進捗サマリー_基盤'!H6:H24,MATCH($B$2,'進捗サマリー_基盤'!A6:A24,0)),0) | K10: =H10-J10 | L10: =I10-J10 | M10: =IF(H10=0,0,I10/H10) | N10: =IF(H10=0,0,J10/H10) | O10: =N10-M10 | P10: =IF(J10>=H10,"完了",IF(L10>0,"遅延","順調"))
A11: 運用 | B11: =IFERROR(INDEX('進捗サマリー_運用'!D6:D25,MATCH($B$2,'進捗サマリー_運用'!A6:A25,0)),0) | C11: =IFERROR(INDEX('進捗サマリー_運用'!E6:E25,MATCH($B$2,'進捗サマリー_運用'!A6:A25,0)),0) | D11: =IF(OR($G$2="",$I$2=""),"-",SUMIFS('進捗サマリー_運用'!D6:D25,'進捗サマリー_運用'!A6:A25,">="&$G$2,'進捗サマリー_運用'!A6:A25,"<="&$I$2)) | E11: =IF(OR($G$2="",$I$2=""),"-",SUMIFS('進捗サマリー_運用'!E6:E25,'進捗サマリー_運用'!A6:A25,">="&$G$2,'進捗サマリー_運用'!A6:A25,"<="&$I$2)) | F11: =IF(OR($G$2="",$I$2=""),"-",D11-E11) | G11: =IF(OR($G$2="",$I$2=""),"-",IF(F11>0,F11,0)) | H11: ='進捗サマリー_運用'!D5 | I11: =IFERROR(INDEX('進捗サマリー_運用'!G6:G25,MATCH($B$2,'進捗サマリー_運用'!A6:A25,0)),0) | J11: =IFERROR(INDEX('進捗サマリー_運用'!H6:H25,MATCH($B$2,'進捗サマリー_運用'!A6:A25,0)),0) | K11: =H11-J11 | L11: =I11-J11 | M11: =IF(H11=0,0,I11/H11) | N11: =IF(H11=0,0,J11/H11) | O11: =N11-M11 | P11: =IF(J11>=H11,"完了",IF(L11>0,"遅延","順調"))
A13: ■ 検証進捗
A14: チーム | B14: 日次 | D14: 週次 | H14: 総計
B15: 予定 | C15: 実績 | D15: 予定 | E15: 実績 | F15: 残数 | G15: 遅延 | H15: 総数 | I15: 予定累計 | J15: 実績累計 | K15: 残数 | L15: 遅延 | M15: 予定消化率 | N15: 実績消化率 | O15: 乖離 | P15: 状態
A16: 全体 | B16: =IFERROR(INDEX('進捗サマリー_ALL'!K6:K30,MATCH($B$2,'進捗サマリー_ALL'!A6:A30,0)),0) | C16: =IFERROR(INDEX('進捗サマリー_ALL'!L6:L30,MATCH($B$2,'進捗サマリー_ALL'!A6:A30,0)),0) | D16: =IF(OR($G$2="",$I$2=""),"-",SUMIFS('進捗サマリー_ALL'!K6:K30,'進捗サマリー_ALL'!A6:A30,">="&$G$2,'進捗サマリー_ALL'!A6:A30,"<="&$I$2)) | E16: =IF(OR($G$2="",$I$2=""),"-",SUMIFS('進捗サマリー_ALL'!L6:L30,'進捗サマリー_ALL'!A6:A30,">="&$G$2,'進捗サマリー_ALL'!A6:A30,"<="&$I$2)) | F16: =IF(OR($G$2="",$I$2=""),"-",D16-E16) | G16: =IF(OR($G$2="",$I$2=""),"-",IF(F16>0,F16,0)) | H16: ='進捗サマリー_ALL'!K5 | I16: =IFERROR(INDEX('進捗サマリー_ALL'!N6:N30,MATCH($B$2,'進捗サマリー_ALL'!A6:A30,0)),0) | J16: =IFERROR(INDEX('進捗サマリー_ALL'!O6:O30,MATCH($B$2,'進捗サマリー_ALL'!A6:A30,0)),0) | K16: =H16-J16 | L16: =I16-J16 | M16: =IF(H16=0,0,I16/H16) | N16: =IF(H16=0,0,J16/H16) | O16: =N16-M16 | P16: =IF(J16>=H16,"完了",IF(L16>0,"遅延","順調"))
A17: オンライン | B17: =IFERROR(INDEX('進捗サマリー_オンライン'!K6:K23,MATCH($B$2,'進捗サマリー_オンライン'!A6:A23,0)),0) | C17: =IFERROR(INDEX('進捗サマリー_オンライン'!L6:L23,MATCH($B$2,'進捗サマリー_オンライン'!A6:A23,0)),0) | D17: =IF(OR($G$2="",$I$2=""),"-",SUMIFS('進捗サマリー_オンライン'!K6:K23,'進捗サマリー_オンライン'!A6:A23,">="&$G$2,'進捗サマリー_オンライン'!A6:A23,"<="&$I$2)) | E17: =IF(OR($G$2="",$I$2=""),"-",SUMIFS('進捗サマリー_オンライン'!L6:L23,'進捗サマリー_オンライン'!A6:A23,">="&$G$2,'進捗サマリー_オンライン'!A6:A23,"<="&$I$2)) | F17: =IF(OR($G$2="",$I$2=""),"-",D17-E17) | G17: =IF(OR($G$2="",$I$2=""),"-",IF(F17>0,F17,0)) | H17: ='進捗サマリー_オンライン'!K5 | I17: =IFERROR(INDEX('進捗サマリー_オンライン'!N6:N23,MATCH($B$2,'進捗サマリー_オンライン'!A6:A23,0)),0) | J17: =IFERROR(INDEX('進捗サマリー_オンライン'!O6:O23,MATCH($B$2,'進捗サマリー_オンライン'!A6:A23,0)),0) | K17: =H17-J17 | L17: =I17-J17 | M17: =IF(H17=0,0,I17/H17) | N17: =IF(H17=0,0,J17/H17) | O17: =N17-M17 | P17: =IF(J17>=H17,"完了",IF(L17>0,"遅延","順調"))
A18: バッチ | B18: =IFERROR(INDEX('進捗サマリー_バッチ'!K6:K30,MATCH($B$2,'進捗サマリー_バッチ'!A6:A30,0)),0) | C18: =IFERROR(INDEX('進捗サマリー_バッチ'!L6:L30,MATCH($B$2,'進捗サマリー_バッチ'!A6:A30,0)),0) | D18: =IF(OR($G$2="",$I$2=""),"-",SUMIFS('進捗サマリー_バッチ'!K6:K30,'進捗サマリー_バッチ'!A6:A30,">="&$G$2,'進捗サマリー_バッチ'!A6:A30,"<="&$I$2)) | E18: =IF(OR($G$2="",$I$2=""),"-",SUMIFS('進捗サマリー_バッチ'!L6:L30,'進捗サマリー_バッチ'!A6:A30,">="&$G$2,'進捗サマリー_バッチ'!A6:A30,"<="&$I$2)) | F18: =IF(OR($G$2="",$I$2=""),"-",D18-E18) | G18: =IF(OR($G$2="",$I$2=""),"-",IF(F18>0,F18,0)) | H18: ='進捗サマリー_バッチ'!K5 | I18: =IFERROR(INDEX('進捗サマリー_バッチ'!N6:N30,MATCH($B$2,'進捗サマリー_バッチ'!A6:A30,0)),0) | J18: =IFERROR(INDEX('進捗サマリー_バッチ'!O6:O30,MATCH($B$2,'進捗サマリー_バッチ'!A6:A30,0)),0) | K18: =H18-J18 | L18: =I18-J18 | M18: =IF(H18=0,0,I18/H18) | N18: =IF(H18=0,0,J18/H18) | O18: =N18-M18 | P18: =IF(J18>=H18,"完了",IF(L18>0,"遅延","順調"))
A19: 基盤 | B19: =IFERROR(INDEX('進捗サマリー_基盤'!K6:K24,MATCH($B$2,'進捗サマリー_基盤'!A6:A24,0)),0) | C19: =IFERROR(INDEX('進捗サマリー_基盤'!L6:L24,MATCH($B$2,'進捗サマリー_基盤'!A6:A24,0)),0) | D19: =IF(OR($G$2="",$I$2=""),"-",SUMIFS('進捗サマリー_基盤'!K6:K24,'進捗サマリー_基盤'!A6:A24,">="&$G$2,'進捗サマリー_基盤'!A6:A24,"<="&$I$2)) | E19: =IF(OR($G$2="",$I$2=""),"-",SUMIFS('進捗サマリー_基盤'!L6:L24,'進捗サマリー_基盤'!A6:A24,">="&$G$2,'進捗サマリー_基盤'!A6:A24,"<="&$I$2)) | F19: =IF(OR($G$2="",$I$2=""),"-",D19-E19) | G19: =IF(OR($G$2="",$I$2=""),"-",IF(F19>0,F19,0)) | H19: ='進捗サマリー_基盤'!K5 | I19: =IFERROR(INDEX('進捗サマリー_基盤'!N6:N24,MATCH($B$2,'進捗サマリー_基盤'!A6:A24,0)),0) | J19: =IFERROR(INDEX('進捗サマリー_基盤'!O6:O24,MATCH($B$2,'進捗サマリー_基盤'!A6:A24,0)),0) | K19: =H19-J19 | L19: =I19-J19 | M19: =IF(H19=0,0,I19/H19) | N19: =IF(H19=0,0,J19/H19) | O19: =N19-M19 | P19: =IF(J19>=H19,"完了",IF(L19>0,"遅延","順調"))
A20: 運用 | B20: =IFERROR(INDEX('進捗サマリー_運用'!K6:K25,MATCH($B$2,'進捗サマリー_運用'!A6:A25,0)),0) | C20: =IFERROR(INDEX('進捗サマリー_運用'!L6:L25,MATCH($B$2,'進捗サマリー_運用'!A6:A25,0)),0) | D20: =IF(OR($G$2="",$I$2=""),"-",SUMIFS('進捗サマリー_運用'!K6:K25,'進捗サマリー_運用'!A6:A25,">="&$G$2,'進捗サマリー_運用'!A6:A25,"<="&$I$2)) | E20: =IF(OR($G$2="",$I$2=""),"-",SUMIFS('進捗サマリー_運用'!L6:L25,'進捗サマリー_運用'!A6:A25,">="&$G$2,'進捗サマリー_運用'!A6:A25,"<="&$I$2)) | F20: =IF(OR($G$2="",$I$2=""),"-",D20-E20) | G20: =IF(OR($G$2="",$I$2=""),"-",IF(F20>0,F20,0)) | H20: ='進捗サマリー_運用'!K5 | I20: =IFERROR(INDEX('進捗サマリー_運用'!N6:N25,MATCH($B$2,'進捗サマリー_運用'!A6:A25,0)),0) | J20: =IFERROR(INDEX('進捗サマリー_運用'!O6:O25,MATCH($B$2,'進捗サマリー_運用'!A6:A25,0)),0) | K20: =H20-J20 | L20: =I20-J20 | M20: =IF(H20=0,0,I20/H20) | N20: =IF(H20=0,0,J20/H20) | O20: =N20-M20 | P20: =IF(J20>=H20,"完了",IF(L20>0,"遅延","順調"))
A22: ■ 進捗推移チャート（左: 実施 / 右: 検証） ※実施予定=青、検証予定=緑、実績=オレンジ

Sheet 要対応一覧
A1: 要対応一覧（12件）
A2: 基準日: 2026/03/05
A4: ■ 遅延サマリー
A5: 項目 | B5: 遅延件数
A6: 実施者_遅延 | B6: =COUNTIF(明細!$H$5:$H$76,"遅延")
A7: 検証者_遅延 | B7: =COUNTIF(明細!$K$5:$K$76,"遅延")
A9: ■ 遅延一覧
A10: No. | B10: チーム名 | C10: シート名 | D10: テストID | E10: 実施予定 | F10: 実施実績 | G10: 検証予定 | H10: 検証実績
A11: 1 | B11: バッチ | C11: ITB-EV003-SC001-B-001 | D11: ITB-EV003-SC001-B-001-004 | E11: 2026/03/02 | F11: 未完了 | G11: 2026/03/05 | H11: 未完了
A12: 2 | B12: バッチ | C12: ITB-EV003-SC001-B-001 | D12: ITB-EV003-SC001-B-001-006 | E12: 2026/02/24 | F12: 未完了 | G12: 2026/02/26 | H12: 未完了
A13: 3 | B13: バッチ | C13: ITB-EV003-SC001-B-001 | D13: ITB-EV003-SC001-B-001-008 | E13: 2026/03/05 | F13: 未完了 | G13: 2026/03/08 | H13: 未完了
A14: 4 | B14: バッチ | C14: ITB-EV003-SC002-B-001 | D14: ITB-EV003-SC002-B-001-002 | E14: 2026/02/26 | F14: 未完了 | G14: 2026/02/28 | H14: 未完了
A15: 5 | B15: バッチ | C15: ITB-EV004-SC001-B-001 | D15: ITB-EV004-SC001-B-001-002 | E15: 2026/02/23 | F15: 2026/02/25 | G15: 2026/02/25 | H15: 未完了
A16: 6 | B16: バッチ | C16: ITB-EV004-SC001-B-001 | D16: ITB-EV004-SC001-B-001-006 | E16: 2026/02/28 | F16: 未完了 | G16: 2026/03/04 | H16: 未完了
A17: 7 | B17: 基盤 | C17: ITB-EV005-SC001-I-001 | D17: ITB-EV005-SC001-I-001-004 | E17: 2026/03/02 | F17: 未完了 | G17: 2026/03/05 | H17: 未完了
A18: 8 | B18: 基盤 | C18: ITB-EV005-SC001-I-001 | D18: ITB-EV005-SC001-I-001-006 | E18: 2026/02/25 | F18: 2026/02/26 | G18: 2026/02/28 | H18: 未完了
A19: 9 | B19: 基盤 | C19: ITB-EV005-SC002-I-001 | D19: ITB-EV005-SC002-I-001-005 | E19: 2026/02/26 | F19: 未完了 | G19: 2026/03/01 | H19: 未完了
A20: 10 | B20: 運用 | C20: ITB-EV006-SC001-U-001 | D20: ITB-EV006-SC001-U-001-004 | E20: 2026/02/26 | F20: 未完了 | G20: 2026/03/02 | H20: 未完了
A21: 11 | B21: 運用 | C21: ITB-EV006-SC001-U-001 | D21: ITB-EV006-SC001-U-001-006 | E21: 2026/03/01 | F21: 2026/02/28 | G21: 2026/03/03 | H21: 未完了
A22: 12 | B22: 運用 | C22: ITB-EV006-SC002-U-001 | D22: ITB-EV006-SC002-U-001-003 | E22: 2026/03/01 | F22: 2026/02/28 | G22: 2026/03/05 | H22: 未完了

Sheet 進捗サマリー_ALL
A1: テスト進捗サマリー（全体）
A2: 集計期間: 2026/02/22 ～ 2026/03/18 (25日間) | R2: 基準日: | S2: =ダッシュボード!$B$2
A3: 共通 | D3: 実施 | K3: 検証 | R3: 合計
A4: 日付 | B4: 曜 | C4: 営業日 | D4: 予定 | E4: 実績 | F4: 消化率 | G4: 予定累計 | H4: 実績累計 | I4: 累計消化率 | J4: 判定 | K4: 予定 | L4: 実績 | M4: 消化率 | N4: 予定累計 | O4: 実績累計 | P4: 累計消化率 | Q4: 判定 | R4: 予定 | S4: 実績
A5: 合計 | D5: =SUM(D6:D30) | E5: =SUM(E6:E30) | F5: =IF(D5=0,0,E5/D5) | G5: =D5 | H5: =E5 | I5: =IF(G5=0,"",H5/G5) | J5: =IF(I5>=1,"完了",IF(H5>=G5,"順調","遅延")) | K5: =SUM(K6:K30) | L5: =SUM(L6:L30) | M5: =IF(K5=0,0,L5/K5) | N5: =K5 | O5: =L5 | P5: =IF(N5=0,"",O5/N5) | Q5: =IF(P5>=1,"完了",IF(O5>=N5,"順調","遅延")) | R5: =D5+K5 | S5: =E5+L5
A6: 46075 | B6: =CHOOSE(WEEKDAY(A6,2),"月","火","水","木","金","土","日") | C6: =IF(OR(WEEKDAY(A6,2)>=6,COUNTIF(祝日マスタ!$A:$A,A6)>0),"非営業日","営業日") | D6: =COUNTIFS(明細!$F$5:$F$76,A6) | E6: =COUNTIFS(明細!$G$5:$G$76,A6) | F6: =IF(D6=0,0,E6/D6) | G6: =SUM($D$6:D6) | H6: =SUM($E$6:E6) | I6: =IF(G6=0,"",H6/G6) | J6: =IF(A6>$S$2,"予定",IF(G6=0,"－",IF(I6>=1,"完了",IF(H6>=G6,"順調","遅延")))) | K6: =COUNTIFS(明細!$I$5:$I$76,A6) | L6: =COUNTIFS(明細!$J$5:$J$76,A6) | M6: =IF(K6=0,0,L6/K6) | N6: =SUM($K$6:K6) | O6: =SUM($L$6:L6) | P6: =IF(N6=0,"",O6/N6) | Q6: =IF(A6>$S$2,"予定",IF(N6=0,"－",IF(P6>=1,"完了",IF(O6>=N6,"順調","遅延")))) | R6: =D6+K6 | S6: =E6+L6
A7: 46076 | B7: =CHOOSE(WEEKDAY(A7,2),"月","火","水","木","金","土","日") | C7: =IF(OR(WEEKDAY(A7,2)>=6,COUNTIF(祝日マスタ!$A:$A,A7)>0),"非営業日","営業日") | D7: =COUNTIFS(明細!$F$5:$F$76,A7) | E7: =COUNTIFS(明細!$G$5:$G$76,A7) | F7: =IF(D7=0,0,E7/D7) | G7: =SUM($D$6:D7) | H7: =SUM($E$6:E7) | I7: =IF(G7=0,"",H7/G7) | J7: =IF(A7>$S$2,"予定",IF(G7=0,"－",IF(I7>=1,"完了",IF(H7>=G7,"順調","遅延")))) | K7: =COUNTIFS(明細!$I$5:$I$76,A7) | L7: =COUNTIFS(明細!$J$5:$J$76,A7) | M7: =IF(K7=0,0,L7/K7) | N7: =SUM($K$6:K7) | O7: =SUM($L$6:L7) | P7: =IF(N7=0,"",O7/N7) | Q7: =IF(A7>$S$2,"予定",IF(N7=0,"－",IF(P7>=1,"完了",IF(O7>=N7,"順調","遅延")))) | R7: =D7+K7 | S7: =E7+L7
A8: 46077 | B8: =CHOOSE(WEEKDAY(A8,2),"月","火","水","木","金","土","日") | C8: =IF(OR(WEEKDAY(A8,2)>=6,COUNTIF(祝日マスタ!$A:$A,A8)>0),"非営業日","営業日") | D8: =COUNTIFS(明細!$F$5:$F$76,A8) | E8: =COUNTIFS(明細!$G$5:$G$76,A8) | F8: =IF(D8=0,0,E8/D8) | G8: =SUM($D$6:D8) | H8: =SUM($E$6:E8) | I8: =IF(G8=0,"",H8/G8) | J8: =IF(A8>$S$2,"予定",IF(G8=0,"－",IF(I8>=1,"完了",IF(H8>=G8,"順調","遅延")))) | K8: =COUNTIFS(明細!$I$5:$I$76,A8) | L8: =COUNTIFS(明細!$J$5:$J$76,A8) | M8: =IF(K8=0,0,L8/K8) | N8: =SUM($K$6:K8) | O8: =SUM($L$6:L8) | P8: =IF(N8=0,"",O8/N8) | Q8: =IF(A8>$S$2,"予定",IF(N8=0,"－",IF(P8>=1,"完了",IF(O8>=N8,"順調","遅延")))) | R8: =D8+K8 | S8: =E8+L8
A9: 46078 | B9: =CHOOSE(WEEKDAY(A9,2),"月","火","水","木","金","土","日") | C9: =IF(OR(WEEKDAY(A9,2)>=6,COUNTIF(祝日マスタ!$A:$A,A9)>0),"非営業日","営業日") | D9: =COUNTIFS(明細!$F$5:$F$76,A9) | E9: =COUNTIFS(明細!$G$5:$G$76,A9) | F9: =IF(D9=0,0,E9/D9) | G9: =SUM($D$6:D9) | H9: =SUM($E$6:E9) | I9: =IF(G9=0,"",H9/G9) | J9: =IF(A9>$S$2,"予定",IF(G9=0,"－",IF(I9>=1,"完了",IF(H9>=G9,"順調","遅延")))) | K9: =COUNTIFS(明細!$I$5:$I$76,A9) | L9: =COUNTIFS(明細!$J$5:$J$76,A9) | M9: =IF(K9=0,0,L9/K9) | N9: =SUM($K$6:K9) | O9: =SUM($L$6:L9) | P9: =IF(N9=0,"",O9/N9) | Q9: =IF(A9>$S$2,"予定",IF(N9=0,"－",IF(P9>=1,"完了",IF(O9>=N9,"順調","遅延")))) | R9: =D9+K9 | S9: =E9+L9
A10: 46079 | B10: =CHOOSE(WEEKDAY(A10,2),"月","火","水","木","金","土","日") | C10: =IF(OR(WEEKDAY(A10,2)>=6,COUNTIF(祝日マスタ!$A:$A,A10)>0),"非営業日","営業日") | D10: =COUNTIFS(明細!$F$5:$F$76,A10) | E10: =COUNTIFS(明細!$G$5:$G$76,A10) | F10: =IF(D10=0,0,E10/D10) | G10: =SUM($D$6:D10) | H10: =SUM($E$6:E10) | I10: =IF(G10=0,"",H10/G10) | J10: =IF(A10>$S$2,"予定",IF(G10=0,"－",IF(I10>=1,"完了",IF(H10>=G10,"順調","遅延")))) | K10: =COUNTIFS(明細!$I$5:$I$76,A10) | L10: =COUNTIFS(明細!$J$5:$J$76,A10) | M10: =IF(K10=0,0,L10/K10) | N10: =SUM($K$6:K10) | O10: =SUM($L$6:L10) | P10: =IF(N10=0,"",O10/N10) | Q10: =IF(A10>$S$2,"予定",IF(N10=0,"－",IF(P10>=1,"完了",IF(O10>=N10,"順調","遅延")))) | R10: =D10+K10 | S10: =E10+L10
A11: 46080 | B11: =CHOOSE(WEEKDAY(A11,2),"月","火","水","木","金","土","日") | C11: =IF(OR(WEEKDAY(A11,2)>=6,COUNTIF(祝日マスタ!$A:$A,A11)>0),"非営業日","営業日") | D11: =COUNTIFS(明細!$F$5:$F$76,A11) | E11: =COUNTIFS(明細!$G$5:$G$76,A11) | F11: =IF(D11=0,0,E11/D11) | G11: =SUM($D$6:D11) | H11: =SUM($E$6:E11) | I11: =IF(G11=0,"",H11/G11) | J11: =IF(A11>$S$2,"予定",IF(G11=0,"－",IF(I11>=1,"完了",IF(H11>=G11,"順調","遅延")))) | K11: =COUNTIFS(明細!$I$5:$I$76,A11) | L11: =COUNTIFS(明細!$J$5:$J$76,A11) | M11: =IF(K11=0,0,L11/K11) | N11: =SUM($K$6:K11) | O11: =SUM($L$6:L11) | P11: =IF(N11=0,"",O11/N11) | Q11: =IF(A11>$S$2,"予定",IF(N11=0,"－",IF(P11>=1,"完了",IF(O11>=N11,"順調","遅延")))) | R11: =D11+K11 | S11: =E11+L11
A12: 46081 | B12: =CHOOSE(WEEKDAY(A12,2),"月","火","水","木","金","土","日") | C12: =IF(OR(WEEKDAY(A12,2)>=6,COUNTIF(祝日マスタ!$A:$A,A12)>0),"非営業日","営業日") | D12: =COUNTIFS(明細!$F$5:$F$76,A12) | E12: =COUNTIFS(明細!$G$5:$G$76,A12) | F12: =IF(D12=0,0,E12/D12) | G12: =SUM($D$6:D12) | H12: =SUM($E$6:E12) | I12: =IF(G12=0,"",H12/G12) | J12: =IF(A12>$S$2,"予定",IF(G12=0,"－",IF(I12>=1,"完了",IF(H12>=G12,"順調","遅延")))) | K12: =COUNTIFS(明細!$I$5:$I$76,A12) | L12: =COUNTIFS(明細!$J$5:$J$76,A12) | M12: =IF(K12=0,0,L12/K12) | N12: =SUM($K$6:K12) | O12: =SUM($L$6:L12) | P12: =IF(N12=0,"",O12/N12) | Q12: =IF(A12>$S$2,"予定",IF(N12=0,"－",IF(P12>=1,"完了",IF(O12>=N12,"順調","遅延")))) | R12: =D12+K12 | S12: =E12+L12
A13: 46082 | B13: =CHOOSE(WEEKDAY(A13,2),"月","火","水","木","金","土","日") | C13: =IF(OR(WEEKDAY(A13,2)>=6,COUNTIF(祝日マスタ!$A:$A,A13)>0),"非営業日","営業日") | D13: =COUNTIFS(明細!$F$5:$F$76,A13) | E13: =COUNTIFS(明細!$G$5:$G$76,A13) | F13: =IF(D13=0,0,E13/D13) | G13: =SUM($D$6:D13) | H13: =SUM($E$6:E13) | I13: =IF(G13=0,"",H13/G13) | J13: =IF(A13>$S$2,"予定",IF(G13=0,"－",IF(I13>=1,"完了",IF(H13>=G13,"順調","遅延")))) | K13: =COUNTIFS(明細!$I$5:$I$76,A13) | L13: =COUNTIFS(明細!$J$5:$J$76,A13) | M13: =IF(K13=0,0,L13/K13) | N13: =SUM($K$6:K13) | O13: =SUM($L$6:L13) | P13: =IF(N13=0,"",O13/N13) | Q13: =IF(A13>$S$2,"予定",IF(N13=0,"－",IF(P13>=1,"完了",IF(O13>=N13,"順調","遅延")))) | R13: =D13+K13 | S13: =E13+L13
A14: 46083 | B14: =CHOOSE(WEEKDAY(A14,2),"月","火","水","木","金","土","日") | C14: =IF(OR(WEEKDAY(A14,2)>=6,COUNTIF(祝日マスタ!$A:$A,A14)>0),"非営業日","営業日") | D14: =COUNTIFS(明細!$F$5:$F$76,A14) | E14: =COUNTIFS(明細!$G$5:$G$76,A14) | F14: =IF(D14=0,0,E14/D14) | G14: =SUM($D$6:D14) | H14: =SUM($E$6:E14) | I14: =IF(G14=0,"",H14/G14) | J14: =IF(A14>$S$2,"予定",IF(G14=0,"－",IF(I14>=1,"完了",IF(H14>=G14,"順調","遅延")))) | K14: =COUNTIFS(明細!$I$5:$I$76,A14) | L14: =COUNTIFS(明細!$J$5:$J$76,A14) | M14: =IF(K14=0,0,L14/K14) | N14: =SUM($K$6:K14) | O14: =SUM($L$6:L14) | P14: =IF(N14=0,"",O14/N14) | Q14: =IF(A14>$S$2,"予定",IF(N14=0,"－",IF(P14>=1,"完了",IF(O14>=N14,"順調","遅延")))) | R14: =D14+K14 | S14: =E14+L14
A15: 46084 | B15: =CHOOSE(WEEKDAY(A15,2),"月","火","水","木","金","土","日") | C15: =IF(OR(WEEKDAY(A15,2)>=6,COUNTIF(祝日マスタ!$A:$A,A15)>0),"非営業日","営業日") | D15: =COUNTIFS(明細!$F$5:$F$76,A15) | E15: =COUNTIFS(明細!$G$5:$G$76,A15) | F15: =IF(D15=0,0,E15/D15) | G15: =SUM($D$6:D15) | H15: =SUM($E$6:E15) | I15: =IF(G15=0,"",H15/G15) | J15: =IF(A15>$S$2,"予定",IF(G15=0,"－",IF(I15>=1,"完了",IF(H15>=G15,"順調","遅延")))) | K15: =COUNTIFS(明細!$I$5:$I$76,A15) | L15: =COUNTIFS(明細!$J$5:$J$76,A15) | M15: =IF(K15=0,0,L15/K15) | N15: =SUM($K$6:K15) | O15: =SUM($L$6:L15) | P15: =IF(N15=0,"",O15/N15) | Q15: =IF(A15>$S$2,"予定",IF(N15=0,"－",IF(P15>=1,"完了",IF(O15>=N15,"順調","遅延")))) | R15: =D15+K15 | S15: =E15+L15
A16: 46085 | B16: =CHOOSE(WEEKDAY(A16,2),"月","火","水","木","金","土","日") | C16: =IF(OR(WEEKDAY(A16,2)>=6,COUNTIF(祝日マスタ!$A:$A,A16)>0),"非営業日","営業日") | D16: =COUNTIFS(明細!$F$5:$F$76,A16) | E16: =COUNTIFS(明細!$G$5:$G$76,A16) | F16: =IF(D16=0,0,E16/D16) | G16: =SUM($D$6:D16) | H16: =SUM($E$6:E16) | I16: =IF(G16=0,"",H16/G16) | J16: =IF(A16>$S$2,"予定",IF(G16=0,"－",IF(I16>=1,"完了",IF(H16>=G16,"順調","遅延")))) | K16: =COUNTIFS(明細!$I$5:$I$76,A16) | L16: =COUNTIFS(明細!$J$5:$J$76,A16) | M16: =IF(K16=0,0,L16/K16) | N16: =SUM($K$6:K16) | O16: =SUM($L$6:L16) | P16: =IF(N16=0,"",O16/N16) | Q16: =IF(A16>$S$2,"予定",IF(N16=0,"－",IF(P16>=1,"完了",IF(O16>=N16,"順調","遅延")))) | R16: =D16+K16 | S16: =E16+L16
A17: 46086 | B17: =CHOOSE(WEEKDAY(A17,2),"月","火","水","木","金","土","日") | C17: =IF(OR(WEEKDAY(A17,2)>=6,COUNTIF(祝日マスタ!$A:$A,A17)>0),"非営業日","営業日") | D17: =COUNTIFS(明細!$F$5:$F$76,A17) | E17: =COUNTIFS(明細!$G$5:$G$76,A17) | F17: =IF(D17=0,0,E17/D17) | G17: =SUM($D$6:D17) | H17: =SUM($E$6:E17) | I17: =IF(G17=0,"",H17/G17) | J17: =IF(A17>$S$2,"予定",IF(G17=0,"－",IF(I17>=1,"完了",IF(H17>=G17,"順調","遅延")))) | K17: =COUNTIFS(明細!$I$5:$I$76,A17) | L17: =COUNTIFS(明細!$J$5:$J$76,A17) | M17: =IF(K17=0,0,L17/K17) | N17: =SUM($K$6:K17) | O17: =SUM($L$6:L17) | P17: =IF(N17=0,"",O17/N17) | Q17: =IF(A17>$S$2,"予定",IF(N17=0,"－",IF(P17>=1,"完了",IF(O17>=N17,"順調","遅延")))) | R17: =D17+K17 | S17: =E17+L17
... A30: 46099 | B30: =CHOOSE(WEEKDAY(A30,2),"月","火","水","木","金","土","日") | C30: =IF(OR(WEEKDAY(A30,2)>=6,COUNTIF(祝日マスタ!$A:$A,A30)>0),"非営業日","営業日") | D30: =COUNTIFS(明細!$F$5:$F$76,A30) | E30: =COUNTIFS(明細!$G$5:$G$76,A30) | F30: =IF(D30=0,0,E30/D30) | G30: =SUM($D$6:D30) | H30: =SUM($E$6:E30) | I30: =IF(G30=0,"",H30/G30) | J30: =IF(A30>$S$2,"予定",IF(G30=0,"－",IF(I30>=1,"完了",IF(H30>=G30,"順調","遅延")))) | K30: =COUNTIFS(明細!$I$5:$I$76,A30) | L30: =COUNTIFS(明細!$J$5:$J$76,A30) | M30: =IF(K30=0,0,L30/K30) | N30: =SUM($K$6:K30) | O30: =SUM($L$6:L30) | P30: =IF(N30=0,"",O30/N30) | Q30: =IF(A30>$S$2,"予定",IF(N30=0,"－",IF(P30>=1,"完了",IF(O30>=N30,"順調","遅延")))) | R30: =D30+K30 | S30: =E30+L30

Sheet 進捗サマリー_オンライン
A1: テスト進捗サマリー（オンライン）
A2: 集計期間: 2026/02/27 ～ 2026/03/16 (18日間) | R2: 基準日: | S2: =ダッシュボード!$B$2
A3: 共通 | D3: 実施 | K3: 検証 | R3: 合計
A4: 日付 | B4: 曜 | C4: 営業日 | D4: 予定 | E4: 実績 | F4: 消化率 | G4: 予定累計 | H4: 実績累計 | I4: 累計消化率 | J4: 判定 | K4: 予定 | L4: 実績 | M4: 消化率 | N4: 予定累計 | O4: 実績累計 | P4: 累計消化率 | Q4: 判定 | R4: 予定 | S4: 実績
A5: 合計 | D5: =SUM(D6:D23) | E5: =SUM(E6:E23) | F5: =IF(D5=0,0,E5/D5) | G5: =D5 | H5: =E5 | I5: =IF(G5=0,"",H5/G5) | J5: =IF(I5>=1,"完了",IF(H5>=G5,"順調","遅延")) | K5: =SUM(K6:K23) | L5: =SUM(L6:L23) | M5: =IF(K5=0,0,L5/K5) | N5: =K5 | O5: =L5 | P5: =IF(N5=0,"",O5/N5) | Q5: =IF(P5>=1,"完了",IF(O5>=N5,"順調","遅延")) | R5: =D5+K5 | S5: =E5+L5
A6: 46080 | B6: =CHOOSE(WEEKDAY(A6,2),"月","火","水","木","金","土","日") | C6: =IF(OR(WEEKDAY(A6,2)>=6,COUNTIF(祝日マスタ!$A:$A,A6)>0),"非営業日","営業日") | D6: =COUNTIFS(明細!$F$5:$F$76,A6,明細!$D$5:$D$76,"オンライン") | E6: =COUNTIFS(明細!$G$5:$G$76,A6,明細!$D$5:$D$76,"オンライン") | F6: =IF(D6=0,0,E6/D6) | G6: =SUM($D$6:D6) | H6: =SUM($E$6:E6) | I6: =IF(G6=0,"",H6/G6) | J6: =IF(A6>$S$2,"予定",IF(G6=0,"－",IF(I6>=1,"完了",IF(H6>=G6,"順調","遅延")))) | K6: =COUNTIFS(明細!$I$5:$I$76,A6,明細!$D$5:$D$76,"オンライン") | L6: =COUNTIFS(明細!$J$5:$J$76,A6,明細!$D$5:$D$76,"オンライン") | M6: =IF(K6=0,0,L6/K6) | N6: =SUM($K$6:K6) | O6: =SUM($L$6:L6) | P6: =IF(N6=0,"",O6/N6) | Q6: =IF(A6>$S$2,"予定",IF(N6=0,"－",IF(P6>=1,"完了",IF(O6>=N6,"順調","遅延")))) | R6: =D6+K6 | S6: =E6+L6
A7: 46081 | B7: =CHOOSE(WEEKDAY(A7,2),"月","火","水","木","金","土","日") | C7: =IF(OR(WEEKDAY(A7,2)>=6,COUNTIF(祝日マスタ!$A:$A,A7)>0),"非営業日","営業日") | D7: =COUNTIFS(明細!$F$5:$F$76,A7,明細!$D$5:$D$76,"オンライン") | E7: =COUNTIFS(明細!$G$5:$G$76,A7,明細!$D$5:$D$76,"オンライン") | F7: =IF(D7=0,0,E7/D7) | G7: =SUM($D$6:D7) | H7: =SUM($E$6:E7) | I7: =IF(G7=0,"",H7/G7) | J7: =IF(A7>$S$2,"予定",IF(G7=0,"－",IF(I7>=1,"完了",IF(H7>=G7,"順調","遅延")))) | K7: =COUNTIFS(明細!$I$5:$I$76,A7,明細!$D$5:$D$76,"オンライン") | L7: =COUNTIFS(明細!$J$5:$J$76,A7,明細!$D$5:$D$76,"オンライン") | M7: =IF(K7=0,0,L7/K7) | N7: =SUM($K$6:K7) | O7: =SUM($L$6:L7) | P7: =IF(N7=0,"",O7/N7) | Q7: =IF(A7>$S$2,"予定",IF(N7=0,"－",IF(P7>=1,"完了",IF(O7>=N7,"順調","遅延")))) | R7: =D7+K7 | S7: =E7+L7
A8: 46082 | B8: =CHOOSE(WEEKDAY(A8,2),"月","火","水","木","金","土","日") | C8: =IF(OR(WEEKDAY(A8,2)>=6,COUNTIF(祝日マスタ!$A:$A,A8)>0),"非営業日","営業日") | D8: =COUNTIFS(明細!$F$5:$F$76,A8,明細!$D$5:$D$76,"オンライン") | E8: =COUNTIFS(明細!$G$5:$G$76,A8,明細!$D$5:$D$76,"オンライン") | F8: =IF(D8=0,0,E8/D8) | G8: =SUM($D$6:D8) | H8: =SUM($E$6:E8) | I8: =IF(G8=0,"",H8/G8) | J8: =IF(A8>$S$2,"予定",IF(G8=0,"－",IF(I8>=1,"完了",IF(H8>=G8,"順調","遅延")))) | K8: =COUNTIFS(明細!$I$5:$I$76,A8,明細!$D$5:$D$76,"オンライン") | L8: =COUNTIFS(明細!$J$5:$J$76,A8,明細!$D$5:$D$76,"オンライン") | M8: =IF(K8=0,0,L8/K8) | N8: =SUM($K$6:K8) | O8: =SUM($L$6:L8) | P8: =IF(N8=0,"",O8/N8) | Q8: =IF(A8>$S$2,"予定",IF(N8=0,"－",IF(P8>=1,"完了",IF(O8>=N8,"順調","遅延")))) | R8: =D8+K8 | S8: =E8+L8
A9: 46083 | B9: =CHOOSE(WEEKDAY(A9,2),"月","火","水","木","金","土","日") | C9: =IF(OR(WEEKDAY(A9,2)>=6,COUNTIF(祝日マスタ!$A:$A,A9)>0),"非営業日","営業日") | D9: =COUNTIFS(明細!$F$5:$F$76,A9,明細!$D$5:$D$76,"オンライン") | E9: =COUNTIFS(明細!$G$5:$G$76,A9,明細!$D$5:$D$76,"オンライン") | F9: =IF(D9=0,0,E9/D9) | G9: =SUM($D$6:D9) | H9: =SUM($E$6:E9) | I9: =IF(G9=0,"",H9/G9) | J9: =IF(A9>$S$2,"予定",IF(G9=0,"－",IF(I9>=1,"完了",IF(H9>=G9,"順調","遅延")))) | K9: =COUNTIFS(明細!$I$5:$I$76,A9,明細!$D$5:$D$76,"オンライン") | L9: =COUNTIFS(明細!$J$5:$J$76,A9,明細!$D$5:$D$76,"オンライン") | M9: =IF(K9=0,0,L9/K9) | N9: =SUM($K$6:K9) | O9: =SUM($L$6:L9) | P9: =IF(N9=0,"",O9/N9) | Q9: =IF(A9>$S$2,"予定",IF(N9=0,"－",IF(P9>=1,"完了",IF(O9>=N9,"順調","遅延")))) | R9: =D9+K9 | S9: =E9+L9
A10: 46084 | B10: =CHOOSE(WEEKDAY(A10,2),"月","火","水","木","金","土","日") | C10: =IF(OR(WEEKDAY(A10,2)>=6,COUNTIF(祝日マスタ!$A:$A,A10)>0),"非営業日","営業日") | D10: =COUNTIFS(明細!$F$5:$F$76,A10,明細!$D$5:$D$76,"オンライン") | E10: =COUNTIFS(明細!$G$5:$G$76,A10,明細!$D$5:$D$76,"オンライン") | F10: =IF(D10=0,0,E10/D10) | G10: =SUM($D$6:D10) | H10: =SUM($E$6:E10) | I10: =IF(G10=0,"",H10/G10) | J10: =IF(A10>$S$2,"予定",IF(G10=0,"－",IF(I10>=1,"完了",IF(H10>=G10,"順調","遅延")))) | K10: =COUNTIFS(明細!$I$5:$I$76,A10,明細!$D$5:$D$76,"オンライン") | L10: =COUNTIFS(明細!$J$5:$J$76,A10,明細!$D$5:$D$76,"オンライン") | M10: =IF(K10=0,0,L10/K10) | N10: =SUM($K$6:K10) | O10: =SUM($L$6:L10) | P10: =IF(N10=0,"",O10/N10) | Q10: =IF(A10>$S$2,"予定",IF(N10=0,"－",IF(P10>=1,"完了",IF(O10>=N10,"順調","遅延")))) | R10: =D10+K10 | S10: =E10+L10
A11: 46085 | B11: =CHOOSE(WEEKDAY(A11,2),"月","火","水","木","金","土","日") | C11: =IF(OR(WEEKDAY(A11,2)>=6,COUNTIF(祝日マスタ!$A:$A,A11)>0),"非営業日","営業日") | D11: =COUNTIFS(明細!$F$5:$F$76,A11,明細!$D$5:$D$76,"オンライン") | E11: =COUNTIFS(明細!$G$5:$G$76,A11,明細!$D$5:$D$76,"オンライン") | F11: =IF(D11=0,0,E11/D11) | G11: =SUM($D$6:D11) | H11: =SUM($E$6:E11) | I11: =IF(G11=0,"",H11/G11) | J11: =IF(A11>$S$2,"予定",IF(G11=0,"－",IF(I11>=1,"完了",IF(H11>=G11,"順調","遅延")))) | K11: =COUNTIFS(明細!$I$5:$I$76,A11,明細!$D$5:$D$76,"オンライン") | L11: =COUNTIFS(明細!$J$5:$J$76,A11,明細!$D$5:$D$76,"オンライン") | M11: =IF(K11=0,0,L11/K11) | N11: =SUM($K$6:K11) | O11: =SUM($L$6:L11) | P11: =IF(N11=0,"",O11/N11) | Q11: =IF(A11>$S$2,"予定",IF(N11=0,"－",IF(P11>=1,"完了",IF(O11>=N11,"順調","遅延")))) | R11: =D11+K11 | S11: =E11+L11
A12: 46086 | B12: =CHOOSE(WEEKDAY(A12,2),"月","火","水","木","金","土","日") | C12: =IF(OR(WEEKDAY(A12,2)>=6,COUNTIF(祝日マスタ!$A:$A,A12)>0),"非営業日","営業日") | D12: =COUNTIFS(明細!$F$5:$F$76,A12,明細!$D$5:$D$76,"オンライン") | E12: =COUNTIFS(明細!$G$5:$G$76,A12,明細!$D$5:$D$76,"オンライン") | F12: =IF(D12=0,0,E12/D12) | G12: =SUM($D$6:D12) | H12: =SUM($E$6:E12) | I12: =IF(G12=0,"",H12/G12) | J12: =IF(A12>$S$2,"予定",IF(G12=0,"－",IF(I12>=1,"完了",IF(H12>=G12,"順調","遅延")))) | K12: =COUNTIFS(明細!$I$5:$I$76,A12,明細!$D$5:$D$76,"オンライン") | L12: =COUNTIFS(明細!$J$5:$J$76,A12,明細!$D$5:$D$76,"オンライン") | M12: =IF(K12=0,0,L12/K12) | N12: =SUM($K$6:K12) | O12: =SUM($L$6:L12) | P12: =IF(N12=0,"",O12/N12) | Q12: =IF(A12>$S$2,"予定",IF(N12=0,"－",IF(P12>=1,"完了",IF(O12>=N12,"順調","遅延")))) | R12: =D12+K12 | S12: =E12+L12
A13: 46087 | B13: =CHOOSE(WEEKDAY(A13,2),"月","火","水","木","金","土","日") | C13: =IF(OR(WEEKDAY(A13,2)>=6,COUNTIF(祝日マスタ!$A:$A,A13)>0),"非営業日","営業日") | D13: =COUNTIFS(明細!$F$5:$F$76,A13,明細!$D$5:$D$76,"オンライン") | E13: =COUNTIFS(明細!$G$5:$G$76,A13,明細!$D$5:$D$76,"オンライン") | F13: =IF(D13=0,0,E13/D13) | G13: =SUM($D$6:D13) | H13: =SUM($E$6:E13) | I13: =IF(G13=0,"",H13/G13) | J13: =IF(A13>$S$2,"予定",IF(G13=0,"－",IF(I13>=1,"完了",IF(H13>=G13,"順調","遅延")))) | K13: =COUNTIFS(明細!$I$5:$I$76,A13,明細!$D$5:$D$76,"オンライン") | L13: =COUNTIFS(明細!$J$5:$J$76,A13,明細!$D$5:$D$76,"オンライン") | M13: =IF(K13=0,0,L13/K13) | N13: =SUM($K$6:K13) | O13: =SUM($L$6:L13) | P13: =IF(N13=0,"",O13/N13) | Q13: =IF(A13>$S$2,"予定",IF(N13=0,"－",IF(P13>=1,"完了",IF(O13>=N13,"順調","遅延")))) | R13: =D13+K13 | S13: =E13+L13
A14: 46088 | B14: =CHOOSE(WEEKDAY(A14,2),"月","火","水","木","金","土","日") | C14: =IF(OR(WEEKDAY(A14,2)>=6,COUNTIF(祝日マスタ!$A:$A,A14)>0),"非営業日","営業日") | D14: =COUNTIFS(明細!$F$5:$F$76,A14,明細!$D$5:$D$76,"オンライン") | E14: =COUNTIFS(明細!$G$5:$G$76,A14,明細!$D$5:$D$76,"オンライン") | F14: =IF(D14=0,0,E14/D14) | G14: =SUM($D$6:D14) | H14: =SUM($E$6:E14) | I14: =IF(G14=0,"",H14/G14) | J14: =IF(A14>$S$2,"予定",IF(G14=0,"－",IF(I14>=1,"完了",IF(H14>=G14,"順調","遅延")))) | K14: =COUNTIFS(明細!$I$5:$I$76,A14,明細!$D$5:$D$76,"オンライン") | L14: =COUNTIFS(明細!$J$5:$J$76,A14,明細!$D$5:$D$76,"オンライン") | M14: =IF(K14=0,0,L14/K14) | N14: =SUM($K$6:K14) | O14: =SUM($L$6:L14) | P14: =IF(N14=0,"",O14/N14) | Q14: =IF(A14>$S$2,"予定",IF(N14=0,"－",IF(P14>=1,"完了",IF(O14>=N14,"順調","遅延")))) | R14: =D14+K14 | S14: =E14+L14
A15: 46089 | B15: =CHOOSE(WEEKDAY(A15,2),"月","火","水","木","金","土","日") | C15: =IF(OR(WEEKDAY(A15,2)>=6,COUNTIF(祝日マスタ!$A:$A,A15)>0),"非営業日","営業日") | D15: =COUNTIFS(明細!$F$5:$F$76,A15,明細!$D$5:$D$76,"オンライン") | E15: =COUNTIFS(明細!$G$5:$G$76,A15,明細!$D$5:$D$76,"オンライン") | F15: =IF(D15=0,0,E15/D15) | G15: =SUM($D$6:D15) | H15: =SUM($E$6:E15) | I15: =IF(G15=0,"",H15/G15) | J15: =IF(A15>$S$2,"予定",IF(G15=0,"－",IF(I15>=1,"完了",IF(H15>=G15,"順調","遅延")))) | K15: =COUNTIFS(明細!$I$5:$I$76,A15,明細!$D$5:$D$76,"オンライン") | L15: =COUNTIFS(明細!$J$5:$J$76,A15,明細!$D$5:$D$76,"オンライン") | M15: =IF(K15=0,0,L15/K15) | N15: =SUM($K$6:K15) | O15: =SUM($L$6:L15) | P15: =IF(N15=0,"",O15/N15) | Q15: =IF(A15>$S$2,"予定",IF(N15=0,"－",IF(P15>=1,"完了",IF(O15>=N15,"順調","遅延")))) | R15: =D15+K15 | S15: =E15+L15
A16: 46090 | B16: =CHOOSE(WEEKDAY(A16,2),"月","火","水","木","金","土","日") | C16: =IF(OR(WEEKDAY(A16,2)>=6,COUNTIF(祝日マスタ!$A:$A,A16)>0),"非営業日","営業日") | D16: =COUNTIFS(明細!$F$5:$F$76,A16,明細!$D$5:$D$76,"オンライン") | E16: =COUNTIFS(明細!$G$5:$G$76,A16,明細!$D$5:$D$76,"オンライン") | F16: =IF(D16=0,0,E16/D16) | G16: =SUM($D$6:D16) | H16: =SUM($E$6:E16) | I16: =IF(G16=0,"",H16/G16) | J16: =IF(A16>$S$2,"予定",IF(G16=0,"－",IF(I16>=1,"完了",IF(H16>=G16,"順調","遅延")))) | K16: =COUNTIFS(明細!$I$5:$I$76,A16,明細!$D$5:$D$76,"オンライン") | L16: =COUNTIFS(明細!$J$5:$J$76,A16,明細!$D$5:$D$76,"オンライン") | M16: =IF(K16=0,0,L16/K16) | N16: =SUM($K$6:K16) | O16: =SUM($L$6:L16) | P16: =IF(N16=0,"",O16/N16) | Q16: =IF(A16>$S$2,"予定",IF(N16=0,"－",IF(P16>=1,"完了",IF(O16>=N16,"順調","遅延")))) | R16: =D16+K16 | S16: =E16+L16
A17: 46091 | B17: =CHOOSE(WEEKDAY(A17,2),"月","火","水","木","金","土","日") | C17: =IF(OR(WEEKDAY(A17,2)>=6,COUNTIF(祝日マスタ!$A:$A,A17)>0),"非営業日","営業日") | D17: =COUNTIFS(明細!$F$5:$F$76,A17,明細!$D$5:$D$76,"オンライン") | E17: =COUNTIFS(明細!$G$5:$G$76,A17,明細!$D$5:$D$76,"オンライン") | F17: =IF(D17=0,0,E17/D17) | G17: =SUM($D$6:D17) | H17: =SUM($E$6:E17) | I17: =IF(G17=0,"",H17/G17) | J17: =IF(A17>$S$2,"予定",IF(G17=0,"－",IF(I17>=1,"完了",IF(H17>=G17,"順調","遅延")))) | K17: =COUNTIFS(明細!$I$5:$I$76,A17,明細!$D$5:$D$76,"オンライン") | L17: =COUNTIFS(明細!$J$5:$J$76,A17,明細!$D$5:$D$76,"オンライン") | M17: =IF(K17=0,0,L17/K17) | N17: =SUM($K$6:K17) | O17: =SUM($L$6:L17) | P17: =IF(N17=0,"",O17/N17) | Q17: =IF(A17>$S$2,"予定",IF(N17=0,"－",IF(P17>=1,"完了",IF(O17>=N17,"順調","遅延")))) | R17: =D17+K17 | S17: =E17+L17
... A23: 46097 | B23: =CHOOSE(WEEKDAY(A23,2),"月","火","水","木","金","土","日") | C23: =IF(OR(WEEKDAY(A23,2)>=6,COUNTIF(祝日マスタ!$A:$A,A23)>0),"非営業日","営業日") | D23: =COUNTIFS(明細!$F$5:$F$76,A23,明細!$D$5:$D$76,"オンライン") | E23: =COUNTIFS(明細!$G$5:$G$76,A23,明細!$D$5:$D$76,"オンライン") | F23: =IF(D23=0,0,E23/D23) | G23: =SUM($D$6:D23) | H23: =SUM($E$6:E23) | I23: =IF(G23=0,"",H23/G23) | J23: =IF(A23>$S$2,"予定",IF(G23=0,"－",IF(I23>=1,"完了",IF(H23>=G23,"順調","遅延")))) | K23: =COUNTIFS(明細!$I$5:$I$76,A23,明細!$D$5:$D$76,"オンライン") | L23: =COUNTIFS(明細!$J$5:$J$76,A23,明細!$D$5:$D$76,"オンライン") | M23: =IF(K23=0,0,L23/K23) | N23: =SUM($K$6:K23) | O23: =SUM($L$6:L23) | P23: =IF(N23=0,"",O23/N23) | Q23: =IF(A23>$S$2,"予定",IF(N23=0,"－",IF(P23>=1,"完了",IF(O23>=N23,"順調","遅延")))) | R23: =D23+K23 | S23: =E23+L23

Sheet 進捗サマリー_バッチ
A1: テスト進捗サマリー（バッチ）
A2: 集計期間: 2026/02/22 ～ 2026/03/18 (25日間) | R2: 基準日: | S2: =ダッシュボード!$B$2
A3: 共通 | D3: 実施 | K3: 検証 | R3: 合計
A4: 日付 | B4: 曜 | C4: 営業日 | D4: 予定 | E4: 実績 | F4: 消化率 | G4: 予定累計 | H4: 実績累計 | I4: 累計消化率 | J4: 判定 | K4: 予定 | L4: 実績 | M4: 消化率 | N4: 予定累計 | O4: 実績累計 | P4: 累計消化率 | Q4: 判定 | R4: 予定 | S4: 実績
A5: 合計 | D5: =SUM(D6:D30) | E5: =SUM(E6:E30) | F5: =IF(D5=0,0,E5/D5) | G5: =D5 | H5: =E5 | I5: =IF(G5=0,"",H5/G5) | J5: =IF(I5>=1,"完了",IF(H5>=G5,"順調","遅延")) | K5: =SUM(K6:K30) | L5: =SUM(L6:L30) | M5: =IF(K5=0,0,L5/K5) | N5: =K5 | O5: =L5 | P5: =IF(N5=0,"",O5/N5) | Q5: =IF(P5>=1,"完了",IF(O5>=N5,"順調","遅延")) | R5: =D5+K5 | S5: =E5+L5
A6: 46075 | B6: =CHOOSE(WEEKDAY(A6,2),"月","火","水","木","金","土","日") | C6: =IF(OR(WEEKDAY(A6,2)>=6,COUNTIF(祝日マスタ!$A:$A,A6)>0),"非営業日","営業日") | D6: =COUNTIFS(明細!$F$5:$F$76,A6,明細!$D$5:$D$76,"バッチ") | E6: =COUNTIFS(明細!$G$5:$G$76,A6,明細!$D$5:$D$76,"バッチ") | F6: =IF(D6=0,0,E6/D6) | G6: =SUM($D$6:D6) | H6: =SUM($E$6:E6) | I6: =IF(G6=0,"",H6/G6) | J6: =IF(A6>$S$2,"予定",IF(G6=0,"－",IF(I6>=1,"完了",IF(H6>=G6,"順調","遅延")))) | K6: =COUNTIFS(明細!$I$5:$I$76,A6,明細!$D$5:$D$76,"バッチ") | L6: =COUNTIFS(明細!$J$5:$J$76,A6,明細!$D$5:$D$76,"バッチ") | M6: =IF(K6=0,0,L6/K6) | N6: =SUM($K$6:K6) | O6: =SUM($L$6:L6) | P6: =IF(N6=0,"",O6/N6) | Q6: =IF(A6>$S$2,"予定",IF(N6=0,"－",IF(P6>=1,"完了",IF(O6>=N6,"順調","遅延")))) | R6: =D6+K6 | S6: =E6+L6
A7: 46076 | B7: =CHOOSE(WEEKDAY(A7,2),"月","火","水","木","金","土","日") | C7: =IF(OR(WEEKDAY(A7,2)>=6,COUNTIF(祝日マスタ!$A:$A,A7)>0),"非営業日","営業日") | D7: =COUNTIFS(明細!$F$5:$F$76,A7,明細!$D$5:$D$76,"バッチ") | E7: =COUNTIFS(明細!$G$5:$G$76,A7,明細!$D$5:$D$76,"バッチ") | F7: =IF(D7=0,0,E7/D7) | G7: =SUM($D$6:D7) | H7: =SUM($E$6:E7) | I7: =IF(G7=0,"",H7/G7) | J7: =IF(A7>$S$2,"予定",IF(G7=0,"－",IF(I7>=1,"完了",IF(H7>=G7,"順調","遅延")))) | K7: =COUNTIFS(明細!$I$5:$I$76,A7,明細!$D$5:$D$76,"バッチ") | L7: =COUNTIFS(明細!$J$5:$J$76,A7,明細!$D$5:$D$76,"バッチ") | M7: =IF(K7=0,0,L7/K7) | N7: =SUM($K$6:K7) | O7: =SUM($L$6:L7) | P7: =IF(N7=0,"",O7/N7) | Q7: =IF(A7>$S$2,"予定",IF(N7=0,"－",IF(P7>=1,"完了",IF(O7>=N7,"順調","遅延")))) | R7: =D7+K7 | S7: =E7+L7
A8: 46077 | B8: =CHOOSE(WEEKDAY(A8,2),"月","火","水","木","金","土","日") | C8: =IF(OR(WEEKDAY(A8,2)>=6,COUNTIF(祝日マスタ!$A:$A,A8)>0),"非営業日","営業日") | D8: =COUNTIFS(明細!$F$5:$F$76,A8,明細!$D$5:$D$76,"バッチ") | E8: =COUNTIFS(明細!$G$5:$G$76,A8,明細!$D$5:$D$76,"バッチ") | F8: =IF(D8=0,0,E8/D8) | G8: =SUM($D$6:D8) | H8: =SUM($E$6:E8) | I8: =IF(G8=0,"",H8/G8) | J8: =IF(A8>$S$2,"予定",IF(G8=0,"－",IF(I8>=1,"完了",IF(H8>=G8,"順調","遅延")))) | K8: =COUNTIFS(明細!$I$5:$I$76,A8,明細!$D$5:$D$76,"バッチ") | L8: =COUNTIFS(明細!$J$5:$J$76,A8,明細!$D$5:$D$76,"バッチ") | M8: =IF(K8=0,0,L8/K8) | N8: =SUM($K$6:K8) | O8: =SUM($L$6:L8) | P8: =IF(N8=0,"",O8/N8) | Q8: =IF(A8>$S$2,"予定",IF(N8=0,"－",IF(P8>=1,"完了",IF(O8>=N8,"順調","遅延")))) | R8: =D8+K8 | S8: =E8+L8
A9: 46078 | B9: =CHOOSE(WEEKDAY(A9,2),"月","火","水","木","金","土","日") | C9: =IF(OR(WEEKDAY(A9,2)>=6,COUNTIF(祝日マスタ!$A:$A,A9)>0),"非営業日","営業日") | D9: =COUNTIFS(明細!$F$5:$F$76,A9,明細!$D$5:$D$76,"バッチ") | E9: =COUNTIFS(明細!$G$5:$G$76,A9,明細!$D$5:$D$76,"バッチ") | F9: =IF(D9=0,0,E9/D9) | G9: =SUM($D$6:D9) | H9: =SUM($E$6:E9) | I9: =IF(G9=0,"",H9/G9) | J9: =IF(A9>$S$2,"予定",IF(G9=0,"－",IF(I9>=1,"完了",IF(H9>=G9,"順調","遅延")))) | K9: =COUNTIFS(明細!$I$5:$I$76,A9,明細!$D$5:$D$76,"バッチ") | L9: =COUNTIFS(明細!$J$5:$J$76,A9,明細!$D$5:$D$76,"バッチ") | M9: =IF(K9=0,0,L9/K9) | N9: =SUM($K$6:K9) | O9: =SUM($L$6:L9) | P9: =IF(N9=0,"",O9/N9) | Q9: =IF(A9>$S$2,"予定",IF(N9=0,"－",IF(P9>=1,"完了",IF(O9>=N9,"順調","遅延")))) | R9: =D9+K9 | S9: =E9+L9
A10: 46079 | B10: =CHOOSE(WEEKDAY(A10,2),"月","火","水","木","金","土","日") | C10: =IF(OR(WEEKDAY(A10,2)>=6,COUNTIF(祝日マスタ!$A:$A,A10)>0),"非営業日","営業日") | D10: =COUNTIFS(明細!$F$5:$F$76,A10,明細!$D$5:$D$76,"バッチ") | E10: =COUNTIFS(明細!$G$5:$G$76,A10,明細!$D$5:$D$76,"バッチ") | F10: =IF(D10=0,0,E10/D10) | G10: =SUM($D$6:D10) | H10: =SUM($E$6:E10) | I10: =IF(G10=0,"",H10/G10) | J10: =IF(A10>$S$2,"予定",IF(G10=0,"－",IF(I10>=1,"完了",IF(H10>=G10,"順調","遅延")))) | K10: =COUNTIFS(明細!$I$5:$I$76,A10,明細!$D$5:$D$76,"バッチ") | L10: =COUNTIFS(明細!$J$5:$J$76,A10,明細!$D$5:$D$76,"バッチ") | M10: =IF(K10=0,0,L10/K10) | N10: =SUM($K$6:K10) | O10: =SUM($L$6:L10) | P10: =IF(N10=0,"",O10/N10) | Q10: =IF(A10>$S$2,"予定",IF(N10=0,"－",IF(P10>=1,"完了",IF(O10>=N10,"順調","遅延")))) | R10: =D10+K10 | S10: =E10+L10
A11: 46080 | B11: =CHOOSE(WEEKDAY(A11,2),"月","火","水","木","金","土","日") | C11: =IF(OR(WEEKDAY(A11,2)>=6,COUNTIF(祝日マスタ!$A:$A,A11)>0),"非営業日","営業日") | D11: =COUNTIFS(明細!$F$5:$F$76,A11,明細!$D$5:$D$76,"バッチ") | E11: =COUNTIFS(明細!$G$5:$G$76,A11,明細!$D$5:$D$76,"バッチ") | F11: =IF(D11=0,0,E11/D11) | G11: =SUM($D$6:D11) | H11: =SUM($E$6:E11) | I11: =IF(G11=0,"",H11/G11) | J11: =IF(A11>$S$2,"予定",IF(G11=0,"－",IF(I11>=1,"完了",IF(H11>=G11,"順調","遅延")))) | K11: =COUNTIFS(明細!$I$5:$I$76,A11,明細!$D$5:$D$76,"バッチ") | L11: =COUNTIFS(明細!$J$5:$J$76,A11,明細!$D$5:$D$76,"バッチ") | M11: =IF(K11=0,0,L11/K11) | N11: =SUM($K$6:K11) | O11: =SUM($L$6:L11) | P11: =IF(N11=0,"",O11/N11) | Q11: =IF(A11>$S$2,"予定",IF(N11=0,"－",IF(P11>=1,"完了",IF(O11>=N11,"順調","遅延")))) | R11: =D11+K11 | S11: =E11+L11
A12: 46081 | B12: =CHOOSE(WEEKDAY(A12,2),"月","火","水","木","金","土","日") | C12: =IF(OR(WEEKDAY(A12,2)>=6,COUNTIF(祝日マスタ!$A:$A,A12)>0),"非営業日","営業日") | D12: =COUNTIFS(明細!$F$5:$F$76,A12,明細!$D$5:$D$76,"バッチ") | E12: =COUNTIFS(明細!$G$5:$G$76,A12,明細!$D$5:$D$76,"バッチ") | F12: =IF(D12=0,0,E12/D12) | G12: =SUM($D$6:D12) | H12: =SUM($E$6:E12) | I12: =IF(G12=0,"",H12/G12) | J12: =IF(A12>$S$2,"予定",IF(G12=0,"－",IF(I12>=1,"完了",IF(H12>=G12,"順調","遅延")))) | K12: =COUNTIFS(明細!$I$5:$I$76,A12,明細!$D$5:$D$76,"バッチ") | L12: =COUNTIFS(明細!$J$5:$J$76,A12,明細!$D$5:$D$76,"バッチ") | M12: =IF(K12=0,0,L12/K12) | N12: =SUM($K$6:K12) | O12: =SUM($L$6:L12) | P12: =IF(N12=0,"",O12/N12) | Q12: =IF(A12>$S$2,"予定",IF(N12=0,"－",IF(P12>=1,"完了",IF(O12>=N12,"順調","遅延")))) | R12: =D12+K12 | S12: =E12+L12
A13: 46082 | B13: =CHOOSE(WEEKDAY(A13,2),"月","火","水","木","金","土","日") | C13: =IF(OR(WEEKDAY(A13,2)>=6,COUNTIF(祝日マスタ!$A:$A,A13)>0),"非営業日","営業日") | D13: =COUNTIFS(明細!$F$5:$F$76,A13,明細!$D$5:$D$76,"バッチ") | E13: =COUNTIFS(明細!$G$5:$G$76,A13,明細!$D$5:$D$76,"バッチ") | F13: =IF(D13=0,0,E13/D13) | G13: =SUM($D$6:D13) | H13: =SUM($E$6:E13) | I13: =IF(G13=0,"",H13/G13) | J13: =IF(A13>$S$2,"予定",IF(G13=0,"－",IF(I13>=1,"完了",IF(H13>=G13,"順調","遅延")))) | K13: =COUNTIFS(明細!$I$5:$I$76,A13,明細!$D$5:$D$76,"バッチ") | L13: =COUNTIFS(明細!$J$5:$J$76,A13,明細!$D$5:$D$76,"バッチ") | M13: =IF(K13=0,0,L13/K13) | N13: =SUM($K$6:K13) | O13: =SUM($L$6:L13) | P13: =IF(N13=0,"",O13/N13) | Q13: =IF(A13>$S$2,"予定",IF(N13=0,"－",IF(P13>=1,"完了",IF(O13>=N13,"順調","遅延")))) | R13: =D13+K13 | S13: =E13+L13
A14: 46083 | B14: =CHOOSE(WEEKDAY(A14,2),"月","火","水","木","金","土","日") | C14: =IF(OR(WEEKDAY(A14,2)>=6,COUNTIF(祝日マスタ!$A:$A,A14)>0),"非営業日","営業日") | D14: =COUNTIFS(明細!$F$5:$F$76,A14,明細!$D$5:$D$76,"バッチ") | E14: =COUNTIFS(明細!$G$5:$G$76,A14,明細!$D$5:$D$76,"バッチ") | F14: =IF(D14=0,0,E14/D14) | G14: =SUM($D$6:D14) | H14: =SUM($E$6:E14) | I14: =IF(G14=0,"",H14/G14) | J14: =IF(A14>$S$2,"予定",IF(G14=0,"－",IF(I14>=1,"完了",IF(H14>=G14,"順調","遅延")))) | K14: =COUNTIFS(明細!$I$5:$I$76,A14,明細!$D$5:$D$76,"バッチ") | L14: =COUNTIFS(明細!$J$5:$J$76,A14,明細!$D$5:$D$76,"バッチ") | M14: =IF(K14=0,0,L14/K14) | N14: =SUM($K$6:K14) | O14: =SUM($L$6:L14) | P14: =IF(N14=0,"",O14/N14) | Q14: =IF(A14>$S$2,"予定",IF(N14=0,"－",IF(P14>=1,"完了",IF(O14>=N14,"順調","遅延")))) | R14: =D14+K14 | S14: =E14+L14
A15: 46084 | B15: =CHOOSE(WEEKDAY(A15,2),"月","火","水","木","金","土","日") | C15: =IF(OR(WEEKDAY(A15,2)>=6,COUNTIF(祝日マスタ!$A:$A,A15)>0),"非営業日","営業日") | D15: =COUNTIFS(明細!$F$5:$F$76,A15,明細!$D$5:$D$76,"バッチ") | E15: =COUNTIFS(明細!$G$5:$G$76,A15,明細!$D$5:$D$76,"バッチ") | F15: =IF(D15=0,0,E15/D15) | G15: =SUM($D$6:D15) | H15: =SUM($E$6:E15) | I15: =IF(G15=0,"",H15/G15) | J15: =IF(A15>$S$2,"予定",IF(G15=0,"－",IF(I15>=1,"完了",IF(H15>=G15,"順調","遅延")))) | K15: =COUNTIFS(明細!$I$5:$I$76,A15,明細!$D$5:$D$76,"バッチ") | L15: =COUNTIFS(明細!$J$5:$J$76,A15,明細!$D$5:$D$76,"バッチ") | M15: =IF(K15=0,0,L15/K15) | N15: =SUM($K$6:K15) | O15: =SUM($L$6:L15) | P15: =IF(N15=0,"",O15/N15) | Q15: =IF(A15>$S$2,"予定",IF(N15=0,"－",IF(P15>=1,"完了",IF(O15>=N15,"順調","遅延")))) | R15: =D15+K15 | S15: =E15+L15
A16: 46085 | B16: =CHOOSE(WEEKDAY(A16,2),"月","火","水","木","金","土","日") | C16: =IF(OR(WEEKDAY(A16,2)>=6,COUNTIF(祝日マスタ!$A:$A,A16)>0),"非営業日","営業日") | D16: =COUNTIFS(明細!$F$5:$F$76,A16,明細!$D$5:$D$76,"バッチ") | E16: =COUNTIFS(明細!$G$5:$G$76,A16,明細!$D$5:$D$76,"バッチ") | F16: =IF(D16=0,0,E16/D16) | G16: =SUM($D$6:D16) | H16: =SUM($E$6:E16) | I16: =IF(G16=0,"",H16/G16) | J16: =IF(A16>$S$2,"予定",IF(G16=0,"－",IF(I16>=1,"完了",IF(H16>=G16,"順調","遅延")))) | K16: =COUNTIFS(明細!$I$5:$I$76,A16,明細!$D$5:$D$76,"バッチ") | L16: =COUNTIFS(明細!$J$5:$J$76,A16,明細!$D$5:$D$76,"バッチ") | M16: =IF(K16=0,0,L16/K16) | N16: =SUM($K$6:K16) | O16: =SUM($L$6:L16) | P16: =IF(N16=0,"",O16/N16) | Q16: =IF(A16>$S$2,"予定",IF(N16=0,"－",IF(P16>=1,"完了",IF(O16>=N16,"順調","遅延")))) | R16: =D16+K16 | S16: =E16+L16
A17: 46086 | B17: =CHOOSE(WEEKDAY(A17,2),"月","火","水","木","金","土","日") | C17: =IF(OR(WEEKDAY(A17,2)>=6,COUNTIF(祝日マスタ!$A:$A,A17)>0),"非営業日","営業日") | D17: =COUNTIFS(明細!$F$5:$F$76,A17,明細!$D$5:$D$76,"バッチ") | E17: =COUNTIFS(明細!$G$5:$G$76,A17,明細!$D$5:$D$76,"バッチ") | F17: =IF(D17=0,0,E17/D17) | G17: =SUM($D$6:D17) | H17: =SUM($E$6:E17) | I17: =IF(G17=0,"",H17/G17) | J17: =IF(A17>$S$2,"予定",IF(G17=0,"－",IF(I17>=1,"完了",IF(H17>=G17,"順調","遅延")))) | K17: =COUNTIFS(明細!$I$5:$I$76,A17,明細!$D$5:$D$76,"バッチ") | L17: =COUNTIFS(明細!$J$5:$J$76,A17,明細!$D$5:$D$76,"バッチ") | M17: =IF(K17=0,0,L17/K17) | N17: =SUM($K$6:K17) | O17: =SUM($L$6:L17) | P17: =IF(N17=0,"",O17/N17) | Q17: =IF(A17>$S$2,"予定",IF(N17=0,"－",IF(P17>=1,"完了",IF(O17>=N17,"順調","遅延")))) | R17: =D17+K17 | S17: =E17+L17
... A30: 46099 | B30: =CHOOSE(WEEKDAY(A30,2),"月","火","水","木","金","土","日") | C30: =IF(OR(WEEKDAY(A30,2)>=6,COUNTIF(祝日マスタ!$A:$A,A30)>0),"非営業日","営業日") | D30: =COUNTIFS(明細!$F$5:$F$76,A30,明細!$D$5:$D$76,"バッチ") | E30: =COUNTIFS(明細!$G$5:$G$76,A30,明細!$D$5:$D$76,"バッチ") | F30: =IF(D30=0,0,E30/D30) | G30: =SUM($D$6:D30) | H30: =SUM($E$6:E30) | I30: =IF(G30=0,"",H30/G30) | J30: =IF(A30>$S$2,"予定",IF(G30=0,"－",IF(I30>=1,"完了",IF(H30>=G30,"順調","遅延")))) | K30: =COUNTIFS(明細!$I$5:$I$76,A30,明細!$D$5:$D$76,"バッチ") | L30: =COUNTIFS(明細!$J$5:$J$76,A30,明細!$D$5:$D$76,"バッチ") | M30: =IF(K30=0,0,L30/K30) | N30: =SUM($K$6:K30) | O30: =SUM($L$6:L30) | P30: =IF(N30=0,"",O30/N30) | Q30: =IF(A30>$S$2,"予定",IF(N30=0,"－",IF(P30>=1,"完了",IF(O30>=N30,"順調","遅延")))) | R30: =D30+K30 | S30: =E30+L30

Sheet 進捗サマリー_基盤
A1: テスト進捗サマリー（基盤）
A2: 集計期間: 2026/02/23 ～ 2026/03/13 (19日間) | R2: 基準日: | S2: =ダッシュボード!$B$2
A3: 共通 | D3: 実施 | K3: 検証 | R3: 合計
A4: 日付 | B4: 曜 | C4: 営業日 | D4: 予定 | E4: 実績 | F4: 消化率 | G4: 予定累計 | H4: 実績累計 | I4: 累計消化率 | J4: 判定 | K4: 予定 | L4: 実績 | M4: 消化率 | N4: 予定累計 | O4: 実績累計 | P4: 累計消化率 | Q4: 判定 | R4: 予定 | S4: 実績
A5: 合計 | D5: =SUM(D6:D24) | E5: =SUM(E6:E24) | F5: =IF(D5=0,0,E5/D5) | G5: =D5 | H5: =E5 | I5: =IF(G5=0,"",H5/G5) | J5: =IF(I5>=1,"完了",IF(H5>=G5,"順調","遅延")) | K5: =SUM(K6:K24) | L5: =SUM(L6:L24) | M5: =IF(K5=0,0,L5/K5) | N5: =K5 | O5: =L5 | P5: =IF(N5=0,"",O5/N5) | Q5: =IF(P5>=1,"完了",IF(O5>=N5,"順調","遅延")) | R5: =D5+K5 | S5: =E5+L5
A6: 46076 | B6: =CHOOSE(WEEKDAY(A6,2),"月","火","水","木","金","土","日") | C6: =IF(OR(WEEKDAY(A6,2)>=6,COUNTIF(祝日マスタ!$A:$A,A6)>0),"非営業日","営業日") | D6: =COUNTIFS(明細!$F$5:$F$76,A6,明細!$D$5:$D$76,"基盤") | E6: =COUNTIFS(明細!$G$5:$G$76,A6,明細!$D$5:$D$76,"基盤") | F6: =IF(D6=0,0,E6/D6) | G6: =SUM($D$6:D6) | H6: =SUM($E$6:E6) | I6: =IF(G6=0,"",H6/G6) | J6: =IF(A6>$S$2,"予定",IF(G6=0,"－",IF(I6>=1,"完了",IF(H6>=G6,"順調","遅延")))) | K6: =COUNTIFS(明細!$I$5:$I$76,A6,明細!$D$5:$D$76,"基盤") | L6: =COUNTIFS(明細!$J$5:$J$76,A6,明細!$D$5:$D$76,"基盤") | M6: =IF(K6=0,0,L6/K6) | N6: =SUM($K$6:K6) | O6: =SUM($L$6:L6) | P6: =IF(N6=0,"",O6/N6) | Q6: =IF(A6>$S$2,"予定",IF(N6=0,"－",IF(P6>=1,"完了",IF(O6>=N6,"順調","遅延")))) | R6: =D6+K6 | S6: =E6+L6
A7: 46077 | B7: =CHOOSE(WEEKDAY(A7,2),"月","火","水","木","金","土","日") | C7: =IF(OR(WEEKDAY(A7,2)>=6,COUNTIF(祝日マスタ!$A:$A,A7)>0),"非営業日","営業日") | D7: =COUNTIFS(明細!$F$5:$F$76,A7,明細!$D$5:$D$76,"基盤") | E7: =COUNTIFS(明細!$G$5:$G$76,A7,明細!$D$5:$D$76,"基盤") | F7: =IF(D7=0,0,E7/D7) | G7: =SUM($D$6:D7) | H7: =SUM($E$6:E7) | I7: =IF(G7=0,"",H7/G7) | J7: =IF(A7>$S$2,"予定",IF(G7=0,"－",IF(I7>=1,"完了",IF(H7>=G7,"順調","遅延")))) | K7: =COUNTIFS(明細!$I$5:$I$76,A7,明細!$D$5:$D$76,"基盤") | L7: =COUNTIFS(明細!$J$5:$J$76,A7,明細!$D$5:$D$76,"基盤") | M7: =IF(K7=0,0,L7/K7) | N7: =SUM($K$6:K7) | O7: =SUM($L$6:L7) | P7: =IF(N7=0,"",O7/N7) | Q7: =IF(A7>$S$2,"予定",IF(N7=0,"－",IF(P7>=1,"完了",IF(O7>=N7,"順調","遅延")))) | R7: =D7+K7 | S7: =E7+L7
A8: 46078 | B8: =CHOOSE(WEEKDAY(A8,2),"月","火","水","木","金","土","日") | C8: =IF(OR(WEEKDAY(A8,2)>=6,COUNTIF(祝日マスタ!$A:$A,A8)>0),"非営業日","営業日") | D8: =COUNTIFS(明細!$F$5:$F$76,A8,明細!$D$5:$D$76,"基盤") | E8: =COUNTIFS(明細!$G$5:$G$76,A8,明細!$D$5:$D$76,"基盤") | F8: =IF(D8=0,0,E8/D8) | G8: =SUM($D$6:D8) | H8: =SUM($E$6:E8) | I8: =IF(G8=0,"",H8/G8) | J8: =IF(A8>$S$2,"予定",IF(G8=0,"－",IF(I8>=1,"完了",IF(H8>=G8,"順調","遅延")))) | K8: =COUNTIFS(明細!$I$5:$I$76,A8,明細!$D$5:$D$76,"基盤") | L8: =COUNTIFS(明細!$J$5:$J$76,A8,明細!$D$5:$D$76,"基盤") | M8: =IF(K8=0,0,L8/K8) | N8: =SUM($K$6:K8) | O8: =SUM($L$6:L8) | P8: =IF(N8=0,"",O8/N8) | Q8: =IF(A8>$S$2,"予定",IF(N8=0,"－",IF(P8>=1,"完了",IF(O8>=N8,"順調","遅延")))) | R8: =D8+K8 | S8: =E8+L8
A9: 46079 | B9: =CHOOSE(WEEKDAY(A9,2),"月","火","水","木","金","土","日") | C9: =IF(OR(WEEKDAY(A9,2)>=6,COUNTIF(祝日マスタ!$A:$A,A9)>0),"非営業日","営業日") | D9: =COUNTIFS(明細!$F$5:$F$76,A9,明細!$D$5:$D$76,"基盤") | E9: =COUNTIFS(明細!$G$5:$G$76,A9,明細!$D$5:$D$76,"基盤") | F9: =IF(D9=0,0,E9/D9) | G9: =SUM($D$6:D9) | H9: =SUM($E$6:E9) | I9: =IF(G9=0,"",H9/G9) | J9: =IF(A9>$S$2,"予定",IF(G9=0,"－",IF(I9>=1,"完了",IF(H9>=G9,"順調","遅延")))) | K9: =COUNTIFS(明細!$I$5:$I$76,A9,明細!$D$5:$D$76,"基盤") | L9: =COUNTIFS(明細!$J$5:$J$76,A9,明細!$D$5:$D$76,"基盤") | M9: =IF(K9=0,0,L9/K9) | N9: =SUM($K$6:K9) | O9: =SUM($L$6:L9) | P9: =IF(N9=0,"",O9/N9) | Q9: =IF(A9>$S$2,"予定",IF(N9=0,"－",IF(P9>=1,"完了",IF(O9>=N9,"順調","遅延")))) | R9: =D9+K9 | S9: =E9+L9
A10: 46080 | B10: =CHOOSE(WEEKDAY(A10,2),"月","火","水","木","金","土","日") | C10: =IF(OR(WEEKDAY(A10,2)>=6,COUNTIF(祝日マスタ!$A:$A,A10)>0),"非営業日","営業日") | D10: =COUNTIFS(明細!$F$5:$F$76,A10,明細!$D$5:$D$76,"基盤") | E10: =COUNTIFS(明細!$G$5:$G$76,A10,明細!$D$5:$D$76,"基盤") | F10: =IF(D10=0,0,E10/D10) | G10: =SUM($D$6:D10) | H10: =SUM($E$6:E10) | I10: =IF(G10=0,"",H10/G10) | J10: =IF(A10>$S$2,"予定",IF(G10=0,"－",IF(I10>=1,"完了",IF(H10>=G10,"順調","遅延")))) | K10: =COUNTIFS(明細!$I$5:$I$76,A10,明細!$D$5:$D$76,"基盤") | L10: =COUNTIFS(明細!$J$5:$J$76,A10,明細!$D$5:$D$76,"基盤") | M10: =IF(K10=0,0,L10/K10) | N10: =SUM($K$6:K10) | O10: =SUM($L$6:L10) | P10: =IF(N10=0,"",O10/N10) | Q10: =IF(A10>$S$2,"予定",IF(N10=0,"－",IF(P10>=1,"完了",IF(O10>=N10,"順調","遅延")))) | R10: =D10+K10 | S10: =E10+L10
A11: 46081 | B11: =CHOOSE(WEEKDAY(A11,2),"月","火","水","木","金","土","日") | C11: =IF(OR(WEEKDAY(A11,2)>=6,COUNTIF(祝日マスタ!$A:$A,A11)>0),"非営業日","営業日") | D11: =COUNTIFS(明細!$F$5:$F$76,A11,明細!$D$5:$D$76,"基盤") | E11: =COUNTIFS(明細!$G$5:$G$76,A11,明細!$D$5:$D$76,"基盤") | F11: =IF(D11=0,0,E11/D11) | G11: =SUM($D$6:D11) | H11: =SUM($E$6:E11) | I11: =IF(G11=0,"",H11/G11) | J11: =IF(A11>$S$2,"予定",IF(G11=0,"－",IF(I11>=1,"完了",IF(H11>=G11,"順調","遅延")))) | K11: =COUNTIFS(明細!$I$5:$I$76,A11,明細!$D$5:$D$76,"基盤") | L11: =COUNTIFS(明細!$J$5:$J$76,A11,明細!$D$5:$D$76,"基盤") | M11: =IF(K11=0,0,L11/K11) | N11: =SUM($K$6:K11) | O11: =SUM($L$6:L11) | P11: =IF(N11=0,"",O11/N11) | Q11: =IF(A11>$S$2,"予定",IF(N11=0,"－",IF(P11>=1,"完了",IF(O11>=N11,"順調","遅延")))) | R11: =D11+K11 | S11: =E11+L11
A12: 46082 | B12: =CHOOSE(WEEKDAY(A12,2),"月","火","水","木","金","土","日") | C12: =IF(OR(WEEKDAY(A12,2)>=6,COUNTIF(祝日マスタ!$A:$A,A12)>0),"非営業日","営業日") | D12: =COUNTIFS(明細!$F$5:$F$76,A12,明細!$D$5:$D$76,"基盤") | E12: =COUNTIFS(明細!$G$5:$G$76,A12,明細!$D$5:$D$76,"基盤") | F12: =IF(D12=0,0,E12/D12) | G12: =SUM($D$6:D12) | H12: =SUM($E$6:E12) | I12: =IF(G12=0,"",H12/G12) | J12: =IF(A12>$S$2,"予定",IF(G12=0,"－",IF(I12>=1,"完了",IF(H12>=G12,"順調","遅延")))) | K12: =COUNTIFS(明細!$I$5:$I$76,A12,明細!$D$5:$D$76,"基盤") | L12: =COUNTIFS(明細!$J$5:$J$76,A12,明細!$D$5:$D$76,"基盤") | M12: =IF(K12=0,0,L12/K12) | N12: =SUM($K$6:K12) | O12: =SUM($L$6:L12) | P12: =IF(N12=0,"",O12/N12) | Q12: =IF(A12>$S$2,"予定",IF(N12=0,"－",IF(P12>=1,"完了",IF(O12>=N12,"順調","遅延")))) | R12: =D12+K12 | S12: =E12+L12
A13: 46083 | B13: =CHOOSE(WEEKDAY(A13,2),"月","火","水","木","金","土","日") | C13: =IF(OR(WEEKDAY(A13,2)>=6,COUNTIF(祝日マスタ!$A:$A,A13)>0),"非営業日","営業日") | D13: =COUNTIFS(明細!$F$5:$F$76,A13,明細!$D$5:$D$76,"基盤") | E13: =COUNTIFS(明細!$G$5:$G$76,A13,明細!$D$5:$D$76,"基盤") | F13: =IF(D13=0,0,E13/D13) | G13: =SUM($D$6:D13) | H13: =SUM($E$6:E13) | I13: =IF(G13=0,"",H13/G13) | J13: =IF(A13>$S$2,"予定",IF(G13=0,"－",IF(I13>=1,"完了",IF(H13>=G13,"順調","遅延")))) | K13: =COUNTIFS(明細!$I$5:$I$76,A13,明細!$D$5:$D$76,"基盤") | L13: =COUNTIFS(明細!$J$5:$J$76,A13,明細!$D$5:$D$76,"基盤") | M13: =IF(K13=0,0,L13/K13) | N13: =SUM($K$6:K13) | O13: =SUM($L$6:L13) | P13: =IF(N13=0,"",O13/N13) | Q13: =IF(A13>$S$2,"予定",IF(N13=0,"－",IF(P13>=1,"完了",IF(O13>=N13,"順調","遅延")))) | R13: =D13+K13 | S13: =E13+L13
A14: 46084 | B14: =CHOOSE(WEEKDAY(A14,2),"月","火","水","木","金","土","日") | C14: =IF(OR(WEEKDAY(A14,2)>=6,COUNTIF(祝日マスタ!$A:$A,A14)>0),"非営業日","営業日") | D14: =COUNTIFS(明細!$F$5:$F$76,A14,明細!$D$5:$D$76,"基盤") | E14: =COUNTIFS(明細!$G$5:$G$76,A14,明細!$D$5:$D$76,"基盤") | F14: =IF(D14=0,0,E14/D14) | G14: =SUM($D$6:D14) | H14: =SUM($E$6:E14) | I14: =IF(G14=0,"",H14/G14) | J14: =IF(A14>$S$2,"予定",IF(G14=0,"－",IF(I14>=1,"完了",IF(H14>=G14,"順調","遅延")))) | K14: =COUNTIFS(明細!$I$5:$I$76,A14,明細!$D$5:$D$76,"基盤") | L14: =COUNTIFS(明細!$J$5:$J$76,A14,明細!$D$5:$D$76,"基盤") | M14: =IF(K14=0,0,L14/K14) | N14: =SUM($K$6:K14) | O14: =SUM($L$6:L14) | P14: =IF(N14=0,"",O14/N14) | Q14: =IF(A14>$S$2,"予定",IF(N14=0,"－",IF(P14>=1,"完了",IF(O14>=N14,"順調","遅延")))) | R14: =D14+K14 | S14: =E14+L14
A15: 46085 | B15: =CHOOSE(WEEKDAY(A15,2),"月","火","水","木","金","土","日") | C15: =IF(OR(WEEKDAY(A15,2)>=6,COUNTIF(祝日マスタ!$A:$A,A15)>0),"非営業日","営業日") | D15: =COUNTIFS(明細!$F$5:$F$76,A15,明細!$D$5:$D$76,"基盤") | E15: =COUNTIFS(明細!$G$5:$G$76,A15,明細!$D$5:$D$76,"基盤") | F15: =IF(D15=0,0,E15/D15) | G15: =SUM($D$6:D15) | H15: =SUM($E$6:E15) | I15: =IF(G15=0,"",H15/G15) | J15: =IF(A15>$S$2,"予定",IF(G15=0,"－",IF(I15>=1,"完了",IF(H15>=G15,"順調","遅延")))) | K15: =COUNTIFS(明細!$I$5:$I$76,A15,明細!$D$5:$D$76,"基盤") | L15: =COUNTIFS(明細!$J$5:$J$76,A15,明細!$D$5:$D$76,"基盤") | M15: =IF(K15=0,0,L15/K15) | N15: =SUM($K$6:K15) | O15: =SUM($L$6:L15) | P15: =IF(N15=0,"",O15/N15) | Q15: =IF(A15>$S$2,"予定",IF(N15=0,"－",IF(P15>=1,"完了",IF(O15>=N15,"順調","遅延")))) | R15: =D15+K15 | S15: =E15+L15
A16: 46086 | B16: =CHOOSE(WEEKDAY(A16,2),"月","火","水","木","金","土","日") | C16: =IF(OR(WEEKDAY(A16,2)>=6,COUNTIF(祝日マスタ!$A:$A,A16)>0),"非営業日","営業日") | D16: =COUNTIFS(明細!$F$5:$F$76,A16,明細!$D$5:$D$76,"基盤") | E16: =COUNTIFS(明細!$G$5:$G$76,A16,明細!$D$5:$D$76,"基盤") | F16: =IF(D16=0,0,E16/D16) | G16: =SUM($D$6:D16) | H16: =SUM($E$6:E16) | I16: =IF(G16=0,"",H16/G16) | J16: =IF(A16>$S$2,"予定",IF(G16=0,"－",IF(I16>=1,"完了",IF(H16>=G16,"順調","遅延")))) | K16: =COUNTIFS(明細!$I$5:$I$76,A16,明細!$D$5:$D$76,"基盤") | L16: =COUNTIFS(明細!$J$5:$J$76,A16,明細!$D$5:$D$76,"基盤") | M16: =IF(K16=0,0,L16/K16) | N16: =SUM($K$6:K16) | O16: =SUM($L$6:L16) | P16: =IF(N16=0,"",O16/N16) | Q16: =IF(A16>$S$2,"予定",IF(N16=0,"－",IF(P16>=1,"完了",IF(O16>=N16,"順調","遅延")))) | R16: =D16+K16 | S16: =E16+L16
A17: 46087 | B17: =CHOOSE(WEEKDAY(A17,2),"月","火","水","木","金","土","日") | C17: =IF(OR(WEEKDAY(A17,2)>=6,COUNTIF(祝日マスタ!$A:$A,A17)>0),"非営業日","営業日") | D17: =COUNTIFS(明細!$F$5:$F$76,A17,明細!$D$5:$D$76,"基盤") | E17: =COUNTIFS(明細!$G$5:$G$76,A17,明細!$D$5:$D$76,"基盤") | F17: =IF(D17=0,0,E17/D17) | G17: =SUM($D$6:D17) | H17: =SUM($E$6:E17) | I17: =IF(G17=0,"",H17/G17) | J17: =IF(A17>$S$2,"予定",IF(G17=0,"－",IF(I17>=1,"完了",IF(H17>=G17,"順調","遅延")))) | K17: =COUNTIFS(明細!$I$5:$I$76,A17,明細!$D$5:$D$76,"基盤") | L17: =COUNTIFS(明細!$J$5:$J$76,A17,明細!$D$5:$D$76,"基盤") | M17: =IF(K17=0,0,L17/K17) | N17: =SUM($K$6:K17) | O17: =SUM($L$6:L17) | P17: =IF(N17=0,"",O17/N17) | Q17: =IF(A17>$S$2,"予定",IF(N17=0,"－",IF(P17>=1,"完了",IF(O17>=N17,"順調","遅延")))) | R17: =D17+K17 | S17: =E17+L17
... A24: 46094 | B24: =CHOOSE(WEEKDAY(A24,2),"月","火","水","木","金","土","日") | C24: =IF(OR(WEEKDAY(A24,2)>=6,COUNTIF(祝日マスタ!$A:$A,A24)>0),"非営業日","営業日") | D24: =COUNTIFS(明細!$F$5:$F$76,A24,明細!$D$5:$D$76,"基盤") | E24: =COUNTIFS(明細!$G$5:$G$76,A24,明細!$D$5:$D$76,"基盤") | F24: =IF(D24=0,0,E24/D24) | G24: =SUM($D$6:D24) | H24: =SUM($E$6:E24) | I24: =IF(G24=0,"",H24/G24) | J24: =IF(A24>$S$2,"予定",IF(G24=0,"－",IF(I24>=1,"完了",IF(H24>=G24,"順調","遅延")))) | K24: =COUNTIFS(明細!$I$5:$I$76,A24,明細!$D$5:$D$76,"基盤") | L24: =COUNTIFS(明細!$J$5:$J$76,A24,明細!$D$5:$D$76,"基盤") | M24: =IF(K24=0,0,L24/K24) | N24: =SUM($K$6:K24) | O24: =SUM($L$6:L24) | P24: =IF(N24=0,"",O24/N24) | Q24: =IF(A24>$S$2,"予定",IF(N24=0,"－",IF(P24>=1,"完了",IF(O24>=N24,"順調","遅延")))) | R24: =D24+K24 | S24: =E24+L24

Sheet 進捗サマリー_運用
A1: テスト進捗サマリー（運用）
A2: 集計期間: 2026/02/23 ～ 2026/03/14 (20日間) | R2: 基準日: | S2: =ダッシュボード!$B$2
A3: 共通 | D3: 実施 | K3: 検証 | R3: 合計
A4: 日付 | B4: 曜 | C4: 営業日 | D4: 予定 | E4: 実績 | F4: 消化率 | G4: 予定累計 | H4: 実績累計 | I4: 累計消化率 | J4: 判定 | K4: 予定 | L4: 実績 | M4: 消化率 | N4: 予定累計 | O4: 実績累計 | P4: 累計消化率 | Q4: 判定 | R4: 予定 | S4: 実績
A5: 合計 | D5: =SUM(D6:D25) | E5: =SUM(E6:E25) | F5: =IF(D5=0,0,E5/D5) | G5: =D5 | H5: =E5 | I5: =IF(G5=0,"",H5/G5) | J5: =IF(I5>=1,"完了",IF(H5>=G5,"順調","遅延")) | K5: =SUM(K6:K25) | L5: =SUM(L6:L25) | M5: =IF(K5=0,0,L5/K5) | N5: =K5 | O5: =L5 | P5: =IF(N5=0,"",O5/N5) | Q5: =IF(P5>=1,"完了",IF(O5>=N5,"順調","遅延")) | R5: =D5+K5 | S5: =E5+L5
A6: 46076 | B6: =CHOOSE(WEEKDAY(A6,2),"月","火","水","木","金","土","日") | C6: =IF(OR(WEEKDAY(A6,2)>=6,COUNTIF(祝日マスタ!$A:$A,A6)>0),"非営業日","営業日") | D6: =COUNTIFS(明細!$F$5:$F$76,A6,明細!$D$5:$D$76,"運用") | E6: =COUNTIFS(明細!$G$5:$G$76,A6,明細!$D$5:$D$76,"運用") | F6: =IF(D6=0,0,E6/D6) | G6: =SUM($D$6:D6) | H6: =SUM($E$6:E6) | I6: =IF(G6=0,"",H6/G6) | J6: =IF(A6>$S$2,"予定",IF(G6=0,"－",IF(I6>=1,"完了",IF(H6>=G6,"順調","遅延")))) | K6: =COUNTIFS(明細!$I$5:$I$76,A6,明細!$D$5:$D$76,"運用") | L6: =COUNTIFS(明細!$J$5:$J$76,A6,明細!$D$5:$D$76,"運用") | M6: =IF(K6=0,0,L6/K6) | N6: =SUM($K$6:K6) | O6: =SUM($L$6:L6) | P6: =IF(N6=0,"",O6/N6) | Q6: =IF(A6>$S$2,"予定",IF(N6=0,"－",IF(P6>=1,"完了",IF(O6>=N6,"順調","遅延")))) | R6: =D6+K6 | S6: =E6+L6
A7: 46077 | B7: =CHOOSE(WEEKDAY(A7,2),"月","火","水","木","金","土","日") | C7: =IF(OR(WEEKDAY(A7,2)>=6,COUNTIF(祝日マスタ!$A:$A,A7)>0),"非営業日","営業日") | D7: =COUNTIFS(明細!$F$5:$F$76,A7,明細!$D$5:$D$76,"運用") | E7: =COUNTIFS(明細!$G$5:$G$76,A7,明細!$D$5:$D$76,"運用") | F7: =IF(D7=0,0,E7/D7) | G7: =SUM($D$6:D7) | H7: =SUM($E$6:E7) | I7: =IF(G7=0,"",H7/G7) | J7: =IF(A7>$S$2,"予定",IF(G7=0,"－",IF(I7>=1,"完了",IF(H7>=G7,"順調","遅延")))) | K7: =COUNTIFS(明細!$I$5:$I$76,A7,明細!$D$5:$D$76,"運用") | L7: =COUNTIFS(明細!$J$5:$J$76,A7,明細!$D$5:$D$76,"運用") | M7: =IF(K7=0,0,L7/K7) | N7: =SUM($K$6:K7) | O7: =SUM($L$6:L7) | P7: =IF(N7=0,"",O7/N7) | Q7: =IF(A7>$S$2,"予定",IF(N7=0,"－",IF(P7>=1,"完了",IF(O7>=N7,"順調","遅延")))) | R7: =D7+K7 | S7: =E7+L7
A8: 46078 | B8: =CHOOSE(WEEKDAY(A8,2),"月","火","水","木","金","土","日") | C8: =IF(OR(WEEKDAY(A8,2)>=6,COUNTIF(祝日マスタ!$A:$A,A8)>0),"非営業日","営業日") | D8: =COUNTIFS(明細!$F$5:$F$76,A8,明細!$D$5:$D$76,"運用") | E8: =COUNTIFS(明細!$G$5:$G$76,A8,明細!$D$5:$D$76,"運用") | F8: =IF(D8=0,0,E8/D8) | G8: =SUM($D$6:D8) | H8: =SUM($E$6:E8) | I8: =IF(G8=0,"",H8/G8) | J8: =IF(A8>$S$2,"予定",IF(G8=0,"－",IF(I8>=1,"完了",IF(H8>=G8,"順調","遅延")))) | K8: =COUNTIFS(明細!$I$5:$I$76,A8,明細!$D$5:$D$76,"運用") | L8: =COUNTIFS(明細!$J$5:$J$76,A8,明細!$D$5:$D$76,"運用") | M8: =IF(K8=0,0,L8/K8) | N8: =SUM($K$6:K8) | O8: =SUM($L$6:L8) | P8: =IF(N8=0,"",O8/N8) | Q8: =IF(A8>$S$2,"予定",IF(N8=0,"－",IF(P8>=1,"完了",IF(O8>=N8,"順調","遅延")))) | R8: =D8+K8 | S8: =E8+L8
A9: 46079 | B9: =CHOOSE(WEEKDAY(A9,2),"月","火","水","木","金","土","日") | C9: =IF(OR(WEEKDAY(A9,2)>=6,COUNTIF(祝日マスタ!$A:$A,A9)>0),"非営業日","営業日") | D9: =COUNTIFS(明細!$F$5:$F$76,A9,明細!$D$5:$D$76,"運用") | E9: =COUNTIFS(明細!$G$5:$G$76,A9,明細!$D$5:$D$76,"運用") | F9: =IF(D9=0,0,E9/D9) | G9: =SUM($D$6:D9) | H9: =SUM($E$6:E9) | I9: =IF(G9=0,"",H9/G9) | J9: =IF(A9>$S$2,"予定",IF(G9=0,"－",IF(I9>=1,"完了",IF(H9>=G9,"順調","遅延")))) | K9: =COUNTIFS(明細!$I$5:$I$76,A9,明細!$D$5:$D$76,"運用") | L9: =COUNTIFS(明細!$J$5:$J$76,A9,明細!$D$5:$D$76,"運用") | M9: =IF(K9=0,0,L9/K9) | N9: =SUM($K$6:K9) | O9: =SUM($L$6:L9) | P9: =IF(N9=0,"",O9/N9) | Q9: =IF(A9>$S$2,"予定",IF(N9=0,"－",IF(P9>=1,"完了",IF(O9>=N9,"順調","遅延")))) | R9: =D9+K9 | S9: =E9+L9
A10: 46080 | B10: =CHOOSE(WEEKDAY(A10,2),"月","火","水","木","金","土","日") | C10: =IF(OR(WEEKDAY(A10,2)>=6,COUNTIF(祝日マスタ!$A:$A,A10)>0),"非営業日","営業日") | D10: =COUNTIFS(明細!$F$5:$F$76,A10,明細!$D$5:$D$76,"運用") | E10: =COUNTIFS(明細!$G$5:$G$76,A10,明細!$D$5:$D$76,"運用") | F10: =IF(D10=0,0,E10/D10) | G10: =SUM($D$6:D10) | H10: =SUM($E$6:E10) | I10: =IF(G10=0,"",H10/G10) | J10: =IF(A10>$S$2,"予定",IF(G10=0,"－",IF(I10>=1,"完了",IF(H10>=G10,"順調","遅延")))) | K10: =COUNTIFS(明細!$I$5:$I$76,A10,明細!$D$5:$D$76,"運用") | L10: =COUNTIFS(明細!$J$5:$J$76,A10,明細!$D$5:$D$76,"運用") | M10: =IF(K10=0,0,L10/K10) | N10: =SUM($K$6:K10) | O10: =SUM($L$6:L10) | P10: =IF(N10=0,"",O10/N10) | Q10: =IF(A10>$S$2,"予定",IF(N10=0,"－",IF(P10>=1,"完了",IF(O10>=N10,"順調","遅延")))) | R10: =D10+K10 | S10: =E10+L10
A11: 46081 | B11: =CHOOSE(WEEKDAY(A11,2),"月","火","水","木","金","土","日") | C11: =IF(OR(WEEKDAY(A11,2)>=6,COUNTIF(祝日マスタ!$A:$A,A11)>0),"非営業日","営業日") | D11: =COUNTIFS(明細!$F$5:$F$76,A11,明細!$D$5:$D$76,"運用") | E11: =COUNTIFS(明細!$G$5:$G$76,A11,明細!$D$5:$D$76,"運用") | F11: =IF(D11=0,0,E11/D11) | G11: =SUM($D$6:D11) | H11: =SUM($E$6:E11) | I11: =IF(G11=0,"",H11/G11) | J11: =IF(A11>$S$2,"予定",IF(G11=0,"－",IF(I11>=1,"完了",IF(H11>=G11,"順調","遅延")))) | K11: =COUNTIFS(明細!$I$5:$I$76,A11,明細!$D$5:$D$76,"運用") | L11: =COUNTIFS(明細!$J$5:$J$76,A11,明細!$D$5:$D$76,"運用") | M11: =IF(K11=0,0,L11/K11) | N11: =SUM($K$6:K11) | O11: =SUM($L$6:L11) | P11: =IF(N11=0,"",O11/N11) | Q11: =IF(A11>$S$2,"予定",IF(N11=0,"－",IF(P11>=1,"完了",IF(O11>=N11,"順調","遅延")))) | R11: =D11+K11 | S11: =E11+L11
A12: 46082 | B12: =CHOOSE(WEEKDAY(A12,2),"月","火","水","木","金","土","日") | C12: =IF(OR(WEEKDAY(A12,2)>=6,COUNTIF(祝日マスタ!$A:$A,A12)>0),"非営業日","営業日") | D12: =COUNTIFS(明細!$F$5:$F$76,A12,明細!$D$5:$D$76,"運用") | E12: =COUNTIFS(明細!$G$5:$G$76,A12,明細!$D$5:$D$76,"運用") | F12: =IF(D12=0,0,E12/D12) | G12: =SUM($D$6:D12) | H12: =SUM($E$6:E12) | I12: =IF(G12=0,"",H12/G12) | J12: =IF(A12>$S$2,"予定",IF(G12=0,"－",IF(I12>=1,"完了",IF(H12>=G12,"順調","遅延")))) | K12: =COUNTIFS(明細!$I$5:$I$76,A12,明細!$D$5:$D$76,"運用") | L12: =COUNTIFS(明細!$J$5:$J$76,A12,明細!$D$5:$D$76,"運用") | M12: =IF(K12=0,0,L12/K12) | N12: =SUM($K$6:K12) | O12: =SUM($L$6:L12) | P12: =IF(N12=0,"",O12/N12) | Q12: =IF(A12>$S$2,"予定",IF(N12=0,"－",IF(P12>=1,"完了",IF(O12>=N12,"順調","遅延")))) | R12: =D12+K12 | S12: =E12+L12
A13: 46083 | B13: =CHOOSE(WEEKDAY(A13,2),"月","火","水","木","金","土","日") | C13: =IF(OR(WEEKDAY(A13,2)>=6,COUNTIF(祝日マスタ!$A:$A,A13)>0),"非営業日","営業日") | D13: =COUNTIFS(明細!$F$5:$F$76,A13,明細!$D$5:$D$76,"運用") | E13: =COUNTIFS(明細!$G$5:$G$76,A13,明細!$D$5:$D$76,"運用") | F13: =IF(D13=0,0,E13/D13) | G13: =SUM($D$6:D13) | H13: =SUM($E$6:E13) | I13: =IF(G13=0,"",H13/G13) | J13: =IF(A13>$S$2,"予定",IF(G13=0,"－",IF(I13>=1,"完了",IF(H13>=G13,"順調","遅延")))) | K13: =COUNTIFS(明細!$I$5:$I$76,A13,明細!$D$5:$D$76,"運用") | L13: =COUNTIFS(明細!$J$5:$J$76,A13,明細!$D$5:$D$76,"運用") | M13: =IF(K13=0,0,L13/K13) | N13: =SUM($K$6:K13) | O13: =SUM($L$6:L13) | P13: =IF(N13=0,"",O13/N13) | Q13: =IF(A13>$S$2,"予定",IF(N13=0,"－",IF(P13>=1,"完了",IF(O13>=N13,"順調","遅延")))) | R13: =D13+K13 | S13: =E13+L13
A14: 46084 | B14: =CHOOSE(WEEKDAY(A14,2),"月","火","水","木","金","土","日") | C14: =IF(OR(WEEKDAY(A14,2)>=6,COUNTIF(祝日マスタ!$A:$A,A14)>0),"非営業日","営業日") | D14: =COUNTIFS(明細!$F$5:$F$76,A14,明細!$D$5:$D$76,"運用") | E14: =COUNTIFS(明細!$G$5:$G$76,A14,明細!$D$5:$D$76,"運用") | F14: =IF(D14=0,0,E14/D14) | G14: =SUM($D$6:D14) | H14: =SUM($E$6:E14) | I14: =IF(G14=0,"",H14/G14) | J14: =IF(A14>$S$2,"予定",IF(G14=0,"－",IF(I14>=1,"完了",IF(H14>=G14,"順調","遅延")))) | K14: =COUNTIFS(明細!$I$5:$I$76,A14,明細!$D$5:$D$76,"運用") | L14: =COUNTIFS(明細!$J$5:$J$76,A14,明細!$D$5:$D$76,"運用") | M14: =IF(K14=0,0,L14/K14) | N14: =SUM($K$6:K14) | O14: =SUM($L$6:L14) | P14: =IF(N14=0,"",O14/N14) | Q14: =IF(A14>$S$2,"予定",IF(N14=0,"－",IF(P14>=1,"完了",IF(O14>=N14,"順調","遅延")))) | R14: =D14+K14 | S14: =E14+L14
A15: 46085 | B15: =CHOOSE(WEEKDAY(A15,2),"月","火","水","木","金","土","日") | C15: =IF(OR(WEEKDAY(A15,2)>=6,COUNTIF(祝日マスタ!$A:$A,A15)>0),"非営業日","営業日") | D15: =COUNTIFS(明細!$F$5:$F$76,A15,明細!$D$5:$D$76,"運用") | E15: =COUNTIFS(明細!$G$5:$G$76,A15,明細!$D$5:$D$76,"運用") | F15: =IF(D15=0,0,E15/D15) | G15: =SUM($D$6:D15) | H15: =SUM($E$6:E15) | I15: =IF(G15=0,"",H15/G15) | J15: =IF(A15>$S$2,"予定",IF(G15=0,"－",IF(I15>=1,"完了",IF(H15>=G15,"順調","遅延")))) | K15: =COUNTIFS(明細!$I$5:$I$76,A15,明細!$D$5:$D$76,"運用") | L15: =COUNTIFS(明細!$J$5:$J$76,A15,明細!$D$5:$D$76,"運用") | M15: =IF(K15=0,0,L15/K15) | N15: =SUM($K$6:K15) | O15: =SUM($L$6:L15) | P15: =IF(N15=0,"",O15/N15) | Q15: =IF(A15>$S$2,"予定",IF(N15=0,"－",IF(P15>=1,"完了",IF(O15>=N15,"順調","遅延")))) | R15: =D15+K15 | S15: =E15+L15
A16: 46086 | B16: =CHOOSE(WEEKDAY(A16,2),"月","火","水","木","金","土","日") | C16: =IF(OR(WEEKDAY(A16,2)>=6,COUNTIF(祝日マスタ!$A:$A,A16)>0),"非営業日","営業日") | D16: =COUNTIFS(明細!$F$5:$F$76,A16,明細!$D$5:$D$76,"運用") | E16: =COUNTIFS(明細!$G$5:$G$76,A16,明細!$D$5:$D$76,"運用") | F16: =IF(D16=0,0,E16/D16) | G16: =SUM($D$6:D16) | H16: =SUM($E$6:E16) | I16: =IF(G16=0,"",H16/G16) | J16: =IF(A16>$S$2,"予定",IF(G16=0,"－",IF(I16>=1,"完了",IF(H16>=G16,"順調","遅延")))) | K16: =COUNTIFS(明細!$I$5:$I$76,A16,明細!$D$5:$D$76,"運用") | L16: =COUNTIFS(明細!$J$5:$J$76,A16,明細!$D$5:$D$76,"運用") | M16: =IF(K16=0,0,L16/K16) | N16: =SUM($K$6:K16) | O16: =SUM($L$6:L16) | P16: =IF(N16=0,"",O16/N16) | Q16: =IF(A16>$S$2,"予定",IF(N16=0,"－",IF(P16>=1,"完了",IF(O16>=N16,"順調","遅延")))) | R16: =D16+K16 | S16: =E16+L16
A17: 46087 | B17: =CHOOSE(WEEKDAY(A17,2),"月","火","水","木","金","土","日") | C17: =IF(OR(WEEKDAY(A17,2)>=6,COUNTIF(祝日マスタ!$A:$A,A17)>0),"非営業日","営業日") | D17: =COUNTIFS(明細!$F$5:$F$76,A17,明細!$D$5:$D$76,"運用") | E17: =COUNTIFS(明細!$G$5:$G$76,A17,明細!$D$5:$D$76,"運用") | F17: =IF(D17=0,0,E17/D17) | G17: =SUM($D$6:D17) | H17: =SUM($E$6:E17) | I17: =IF(G17=0,"",H17/G17) | J17: =IF(A17>$S$2,"予定",IF(G17=0,"－",IF(I17>=1,"完了",IF(H17>=G17,"順調","遅延")))) | K17: =COUNTIFS(明細!$I$5:$I$76,A17,明細!$D$5:$D$76,"運用") | L17: =COUNTIFS(明細!$J$5:$J$76,A17,明細!$D$5:$D$76,"運用") | M17: =IF(K17=0,0,L17/K17) | N17: =SUM($K$6:K17) | O17: =SUM($L$6:L17) | P17: =IF(N17=0,"",O17/N17) | Q17: =IF(A17>$S$2,"予定",IF(N17=0,"－",IF(P17>=1,"完了",IF(O17>=N17,"順調","遅延")))) | R17: =D17+K17 | S17: =E17+L17
... A25: 46095 | B25: =CHOOSE(WEEKDAY(A25,2),"月","火","水","木","金","土","日") | C25: =IF(OR(WEEKDAY(A25,2)>=6,COUNTIF(祝日マスタ!$A:$A,A25)>0),"非営業日","営業日") | D25: =COUNTIFS(明細!$F$5:$F$76,A25,明細!$D$5:$D$76,"運用") | E25: =COUNTIFS(明細!$G$5:$G$76,A25,明細!$D$5:$D$76,"運用") | F25: =IF(D25=0,0,E25/D25) | G25: =SUM($D$6:D25) | H25: =SUM($E$6:E25) | I25: =IF(G25=0,"",H25/G25) | J25: =IF(A25>$S$2,"予定",IF(G25=0,"－",IF(I25>=1,"完了",IF(H25>=G25,"順調","遅延")))) | K25: =COUNTIFS(明細!$I$5:$I$76,A25,明細!$D$5:$D$76,"運用") | L25: =COUNTIFS(明細!$J$5:$J$76,A25,明細!$D$5:$D$76,"運用") | M25: =IF(K25=0,0,L25/K25) | N25: =SUM($K$6:K25) | O25: =SUM($L$6:L25) | P25: =IF(N25=0,"",O25/N25) | Q25: =IF(A25>$S$2,"予定",IF(N25=0,"－",IF(P25>=1,"完了",IF(O25>=N25,"順調","遅延")))) | R25: =D25+K25 | S25: =E25+L25

Sheet 明細
A1: テスト進捗明細
K2: 基準日: | L2: =ダッシュボード!$B$2
A4: No. | B4: ファイル名 | C4: シート名 | D4: チーム名 | E4: テストID | F4: 実施者_予定 | G4: 実施者_実績 | H4: 実施者_状況 | I4: 検証者_予定 | J4: 検証者_実績 | K4: 検証者_状況 | L4: 進捗状況
A5: 1 | B5: input/ITB-EV007-SC001-O-001.xlsx | C5: ITB-EV007-SC001-O-001 | D5: オンライン | E5: ITB-EV007-SC001-O-001-001 | F5: 46081 | G5: 46080 | H5: =IF(G5<>"","完了",IF(F5="","－",IF(F5<=$L$2,"遅延","予定"))) | I5: 46083 | J5: 46082 | K5: =IF(J5<>"","完了",IF(I5="","－",IF(I5<=$L$2,"遅延","予定"))) | L5: =IF(AND(H5="完了",K5="完了"),"完了",IF(OR(H5="遅延",K5="遅延"),"遅延","進行中"))
A6: 2 | B6: input/ITB-EV007-SC001-O-001.xlsx | C6: ITB-EV007-SC001-O-001 | D6: オンライン | E6: ITB-EV007-SC001-O-001-002 | F6: 46083 | G6: 46082 | H6: =IF(G6<>"","完了",IF(F6="","－",IF(F6<=$L$2,"遅延","予定"))) | I6: 46085 | J6: 46084 | K6: =IF(J6<>"","完了",IF(I6="","－",IF(I6<=$L$2,"遅延","予定"))) | L6: =IF(AND(H6="完了",K6="完了"),"完了",IF(OR(H6="遅延",K6="遅延"),"遅延","進行中"))
A7: 3 | B7: input/ITB-EV007-SC001-O-001.xlsx | C7: ITB-EV007-SC001-O-001 | D7: オンライン | E7: ITB-EV007-SC001-O-001-003 | F7: 46085 | G7: 46085 | H7: =IF(G7<>"","完了",IF(F7="","－",IF(F7<=$L$2,"遅延","予定"))) | I7: 46087 | J7: 46086 | K7: =IF(J7<>"","完了",IF(I7="","－",IF(I7<=$L$2,"遅延","予定"))) | L7: =IF(AND(H7="完了",K7="完了"),"完了",IF(OR(H7="遅延",K7="遅延"),"遅延","進行中"))
A8: 4 | B8: input/オンライン/ITB-EV001-SC001-O-001.xlsx | C8: ITB-EV001-SC001-O-001 | D8: オンライン | E8: ITB-EV001-SC001-O-001-001 | F8: 46081 | G8: 46080 | H8: =IF(G8<>"","完了",IF(F8="","－",IF(F8<=$L$2,"遅延","予定"))) | I8: 46083 | J8: 46082 | K8: =IF(J8<>"","完了",IF(I8="","－",IF(I8<=$L$2,"遅延","予定"))) | L8: =IF(AND(H8="完了",K8="完了"),"完了",IF(OR(H8="遅延",K8="遅延"),"遅延","進行中"))
A9: 5 | B9: input/オンライン/ITB-EV001-SC001-O-001.xlsx | C9: ITB-EV001-SC001-O-001 | D9: オンライン | E9: ITB-EV001-SC001-O-001-002 | F9: 46083 | G9: 46083 | H9: =IF(G9<>"","完了",IF(F9="","－",IF(F9<=$L$2,"遅延","予定"))) | I9: 46085 | J9: 46084 | K9: =IF(J9<>"","完了",IF(I9="","－",IF(I9<=$L$2,"遅延","予定"))) | L9: =IF(AND(H9="完了",K9="完了"),"完了",IF(OR(H9="遅延",K9="遅延"),"遅延","進行中"))
A10: 6 | B10: input/オンライン/ITB-EV001-SC001-O-001.xlsx | C10: ITB-EV001-SC001-O-001 | D10: オンライン | E10: ITB-EV001-SC001-O-001-003 | F10: 46085 | G10: 46084 | H10: =IF(G10<>"","完了",IF(F10="","－",IF(F10<=$L$2,"遅延","予定"))) | I10: 46087 | J10: 46086 | K10: =IF(J10<>"","完了",IF(I10="","－",IF(I10<=$L$2,"遅延","予定"))) | L10: =IF(AND(H10="完了",K10="完了"),"完了",IF(OR(H10="遅延",K10="遅延"),"遅延","進行中"))
A11: 7 | B11: input/オンライン/ITB-EV001-SC001-O-001.xlsx | C11: ITB-EV001-SC001-O-001 | D11: オンライン | E11: ITB-EV001-SC001-O-001-004 | F11: 46087 | G11: 46086 | H11: =IF(G11<>"","完了",IF(F11="","－",IF(F11<=$L$2,"遅延","予定"))) | I11: 46089 | J11: 46088 | K11: =IF(J11<>"","完了",IF(I11="","－",IF(I11<=$L$2,"遅延","予定"))) | L11: =IF(AND(H11="完了",K11="完了"),"完了",IF(OR(H11="遅延",K11="遅延"),"遅延","進行中"))
A12: 8 | B12: input/オンライン/ITB-EV001-SC001-O-001.xlsx | C12: ITB-EV001-SC001-O-001 | D12: オンライン | E12: ITB-EV001-SC001-O-001-005 | F12: 46089 | G12: 46089 | H12: =IF(G12<>"","完了",IF(F12="","－",IF(F12<=$L$2,"遅延","予定"))) | I12: 46091 | J12: 46090 | K12: =IF(J12<>"","完了",IF(I12="","－",IF(I12<=$L$2,"遅延","予定"))) | L12: =IF(AND(H12="完了",K12="完了"),"完了",IF(OR(H12="遅延",K12="遅延"),"遅延","進行中"))
A13: 9 | B13: input/オンライン/ITB-EV001-SC001-O-001.xlsx | C13: ITB-EV001-SC001-O-001 | D13: オンライン | E13: ITB-EV001-SC001-O-001-006 | F13: 46091 | G13: 46090 | H13: =IF(G13<>"","完了",IF(F13="","－",IF(F13<=$L$2,"遅延","予定"))) | I13: 46093 | J13: 46092 | K13: =IF(J13<>"","完了",IF(I13="","－",IF(I13<=$L$2,"遅延","予定"))) | L13: =IF(AND(H13="完了",K13="完了"),"完了",IF(OR(H13="遅延",K13="遅延"),"遅延","進行中"))
A14: 10 | B14: input/オンライン/ITB-EV001-SC001-O-001.xlsx | C14: ITB-EV001-SC001-O-001 | D14: オンライン | E14: ITB-EV001-SC001-O-001-007 | F14: 46093 | G14: 46092 | H14: =IF(G14<>"","完了",IF(F14="","－",IF(F14<=$L$2,"遅延","予定"))) | I14: 46095 | J14: 46094 | K14: =IF(J14<>"","完了",IF(I14="","－",IF(I14<=$L$2,"遅延","予定"))) | L14: =IF(AND(H14="完了",K14="完了"),"完了",IF(OR(H14="遅延",K14="遅延"),"遅延","進行中"))
A15: 11 | B15: input/オンライン/ITB-EV001-SC001-O-001.xlsx | C15: ITB-EV001-SC001-O-001 | D15: オンライン | E15: ITB-EV001-SC001-O-001-008 | F15: 46095 | G15: 46094 | H15: =IF(G15<>"","完了",IF(F15="","－",IF(F15<=$L$2,"遅延","予定"))) | I15: 46097 | J15: 46096 | K15: =IF(J15<>"","完了",IF(I15="","－",IF(I15<=$L$2,"遅延","予定"))) | L15: =IF(AND(H15="完了",K15="完了"),"完了",IF(OR(H15="遅延",K15="遅延"),"遅延","進行中"))
A16: 12 | B16: input/オンライン/ITB-EV001-SC002-O-001.xlsx | C16: ITB-EV001-SC002-O-001 | D16: オンライン | E16: ITB-EV001-SC002-O-001-001 | F16: 46081 | G16: 46081 | H16: =IF(G16<>"","完了",IF(F16="","－",IF(F16<=$L$2,"遅延","予定"))) | I16: 46083 | J16: 46082 | K16: =IF(J16<>"","完了",IF(I16="","－",IF(I16<=$L$2,"遅延","予定"))) | L16: =IF(AND(H16="完了",K16="完了"),"完了",IF(OR(H16="遅延",K16="遅延"),"遅延","進行中"))
... A30: 26 | B30: input/オンライン/ITB-EV002-SC002-O-001.xlsx | C30: ITB-EV002-SC002-O-001 | D30: オンライン | E30: ITB-EV002-SC002-O-001-004 | F30: 46087 | G30: 46086 | H30: =IF(G30<>"","完了",IF(F30="","－",IF(F30<=$L$2,"遅延","予定"))) | I30: 46089 | J30: 46088 | K30: =IF(J30<>"","完了",IF(I30="","－",IF(I30<=$L$2,"遅延","予定"))) | L30: =IF(AND(H30="完了",K30="完了"),"完了",IF(OR(H30="遅延",K30="遅延"),"遅延","進行中"))
A31: 27 | B31: input/バッチ/ITB-EV003-SC001-B-001.xlsx | C31: ITB-EV003-SC001-B-001 | D31: バッチ | E31: ITB-EV003-SC001-B-001-001 | F31: 46085 | G31: 46085 | H31: =IF(G31<>"","完了",IF(F31="","－",IF(F31<=$L$2,"遅延","予定"))) | I31: 46087 | K31: =IF(J31<>"","完了",IF(I31="","－",IF(I31<=$L$2,"遅延","予定"))) | L31: =IF(AND(H31="完了",K31="完了"),"完了",IF(OR(H31="遅延",K31="遅延"),"遅延","進行中"))
A32: 28 | B32: input/バッチ/ITB-EV003-SC001-B-001.xlsx | C32: ITB-EV003-SC001-B-001 | D32: バッチ | E32: ITB-EV003-SC001-B-001-002 | F32: 46090 | G32: 46091 | H32: =IF(G32<>"","完了",IF(F32="","－",IF(F32<=$L$2,"遅延","予定"))) | I32: 46092 | K32: =IF(J32<>"","完了",IF(I32="","－",IF(I32<=$L$2,"遅延","予定"))) | L32: =IF(AND(H32="完了",K32="完了"),"完了",IF(OR(H32="遅延",K32="遅延"),"遅延","進行中"))
A33: 29 | B33: input/バッチ/ITB-EV003-SC001-B-001.xlsx | C33: ITB-EV003-SC001-B-001 | D33: バッチ | E33: ITB-EV003-SC001-B-001-003 | F33: 46082 | G33: 46081 | H33: =IF(G33<>"","完了",IF(F33="","－",IF(F33<=$L$2,"遅延","予定"))) | I33: 46086 | J33: 46087 | K33: =IF(J33<>"","完了",IF(I33="","－",IF(I33<=$L$2,"遅延","予定"))) | L33: =IF(AND(H33="完了",K33="完了"),"完了",IF(OR(H33="遅延",K33="遅延"),"遅延","進行中"))
A34: 30 | B34: input/バッチ/ITB-EV003-SC001-B-001.xlsx | C34: ITB-EV003-SC001-B-001 | D34: バッチ | E34: ITB-EV003-SC001-B-001-004 | F34: 46083 | H34: =IF(G34<>"","完了",IF(F34="","－",IF(F34<=$L$2,"遅延","予定"))) | I34: 46086 | K34: =IF(J34<>"","完了",IF(I34="","－",IF(I34<=$L$2,"遅延","予定"))) | L34: =IF(AND(H34="完了",K34="完了"),"完了",IF(OR(H34="遅延",K34="遅延"),"遅延","進行中"))
A35: 31 | B35: input/バッチ/ITB-EV003-SC001-B-001.xlsx | C35: ITB-EV003-SC001-B-001 | D35: バッチ | E35: ITB-EV003-SC001-B-001-005 | F35: 46084 | G35: 46084 | H35: =IF(G35<>"","完了",IF(F35="","－",IF(F35<=$L$2,"遅延","予定"))) | I35: 46088 | K35: =IF(J35<>"","完了",IF(I35="","－",IF(I35<=$L$2,"遅延","予定"))) | L35: =IF(AND(H35="完了",K35="完了"),"完了",IF(OR(H35="遅延",K35="遅延"),"遅延","進行中"))
A36: 32 | B36: input/バッチ/ITB-EV003-SC001-B-001.xlsx | C36: ITB-EV003-SC001-B-001 | D36: バッチ | E36: ITB-EV003-SC001-B-001-006 | F36: 46077 | H36: =IF(G36<>"","完了",IF(F36="","－",IF(F36<=$L$2,"遅延","予定"))) | I36: 46079 | K36: =IF(J36<>"","完了",IF(I36="","－",IF(I36<=$L$2,"遅延","予定"))) | L36: =IF(AND(H36="完了",K36="完了"),"完了",IF(OR(H36="遅延",K36="遅延"),"遅延","進行中"))
A37: 33 | B37: input/バッチ/ITB-EV003-SC001-B-001.xlsx | C37: ITB-EV003-SC001-B-001 | D37: バッチ | E37: ITB-EV003-SC001-B-001-007 | F37: 46086 | G37: 46085 | H37: =IF(G37<>"","完了",IF(F37="","－",IF(F37<=$L$2,"遅延","予定"))) | I37: 46088 | J37: 46089 | K37: =IF(J37<>"","完了",IF(I37="","－",IF(I37<=$L$2,"遅延","予定"))) | L37: =IF(AND(H37="完了",K37="完了"),"完了",IF(OR(H37="遅延",K37="遅延"),"遅延","進行中"))
A38: 34 | B38: input/バッチ/ITB-EV003-SC001-B-001.xlsx | C38: ITB-EV003-SC001-B-001 | D38: バッチ | E38: ITB-EV003-SC001-B-001-008 | F38: 46086 | H38: =IF(G38<>"","完了",IF(F38="","－",IF(F38<=$L$2,"遅延","予定"))) | I38: 46089 | K38: =IF(J38<>"","完了",IF(I38="","－",IF(I38<=$L$2,"遅延","予定"))) | L38: =IF(AND(H38="完了",K38="完了"),"完了",IF(OR(H38="遅延",K38="遅延"),"遅延","進行中"))
A39: 35 | B39: input/バッチ/ITB-EV003-SC001-B-001.xlsx | C39: ITB-EV003-SC001-B-001 | D39: バッチ | E39: ITB-EV003-SC001-B-001-009 | F39: 46088 | G39: 46090 | H39: =IF(G39<>"","完了",IF(F39="","－",IF(F39<=$L$2,"遅延","予定"))) | I39: 46090 | K39: =IF(J39<>"","完了",IF(I39="","－",IF(I39<=$L$2,"遅延","予定"))) | L39: =IF(AND(H39="完了",K39="完了"),"完了",IF(OR(H39="遅延",K39="遅延"),"遅延","進行中"))
A40: 36 | B40: input/バッチ/ITB-EV003-SC001-B-001.xlsx | C40: ITB-EV003-SC001-B-001 | D40: バッチ | E40: ITB-EV003-SC001-B-001-010 | F40: 46083 | G40: 46084 | H40: =IF(G40<>"","完了",IF(F40="","－",IF(F40<=$L$2,"遅延","予定"))) | I40: 46087 | J40: 46088 | K40: =IF(J40<>"","完了",IF(I40="","－",IF(I40<=$L$2,"遅延","予定"))) | L40: =IF(AND(H40="完了",K40="完了"),"完了",IF(OR(H40="遅延",K40="遅延"),"遅延","進行中"))
A41: 37 | B41: input/バッチ/ITB-EV003-SC002-B-001.xlsx | C41: ITB-EV003-SC002-B-001 | D41: バッチ | E41: ITB-EV003-SC002-B-001-001 | F41: 46088 | G41: 46088 | H41: =IF(G41<>"","完了",IF(F41="","－",IF(F41<=$L$2,"遅延","予定"))) | I41: 46092 | J41: 46091 | K41: =IF(J41<>"","完了",IF(I41="","－",IF(I41<=$L$2,"遅延","予定"))) | L41: =IF(AND(H41="完了",K41="完了"),"完了",IF(OR(H41="遅延",K41="遅延"),"遅延","進行中"))
A42: 38 | B42: input/バッチ/ITB-EV003-SC002-B-001.xlsx | C42: ITB-EV003-SC002-B-001 | D42: バッチ | E42: ITB-EV003-SC002-B-001-002 | F42: 46079 | H42: =IF(G42<>"","完了",IF(F42="","－",IF(F42<=$L$2,"遅延","予定"))) | I42: 46081 | K42: =IF(J42<>"","完了",IF(I42="","－",IF(I42<=$L$2,"遅延","予定"))) | L42: =IF(AND(H42="完了",K42="完了"),"完了",IF(OR(H42="遅延",K42="遅延"),"遅延","進行中"))
A43: 39 | B43: input/バッチ/ITB-EV003-SC002-B-001.xlsx | C43: ITB-EV003-SC002-B-001 | D43: バッチ | E43: ITB-EV003-SC002-B-001-003 | F43: 46089 | G43: 46091 | H43: =IF(G43<>"","完了",IF(F43="","－",IF(F43<=$L$2,"遅延","予定"))) | I43: 46092 | J43: 46092 | K43: =IF(J43<>"","完了",IF(I43="","－",IF(I43<=$L$2,"遅延","予定"))) | L43: =IF(AND(H43="完了",K43="完了"),"完了",IF(OR(H43="遅延",K43="遅延"),"遅延","進行中"))
A44: 40 | B44: input/バッチ/ITB-EV003-SC002-B-001.xlsx | C44: ITB-EV003-SC002-B-001 | D44: バッチ | E44: ITB-EV003-SC002-B-001-004 | F44: 46092 | H44: =IF(G44<>"","完了",IF(F44="","－",IF(F44<=$L$2,"遅延","予定"))) | I44: 46096 | K44: =IF(J44<>"","完了",IF(I44="","－",IF(I44<=$L$2,"遅延","予定"))) | L44: =IF(AND(H44="完了",K44="完了"),"完了",IF(OR(H44="遅延",K44="遅延"),"遅延","進行中"))
A45: 41 | B45: input/バッチ/ITB-EV003-SC002-B-001.xlsx | C45: ITB-EV003-SC002-B-001 | D45: バッチ | E45: ITB-EV003-SC002-B-001-005 | F45: 46076 | G45: 46075 | H45: =IF(G45<>"","完了",IF(F45="","－",IF(F45<=$L$2,"遅延","予定"))) | I45: 46080 | J45: 46080 | K45: =IF(J45<>"","完了",IF(I45="","－",IF(I45<=$L$2,"遅延","予定"))) | L45: =IF(AND(H45="完了",K45="完了"),"完了",IF(OR(H45="遅延",K45="遅延"),"遅延","進行中"))
A46: 42 | B46: input/バッチ/ITB-EV003-SC002-B-001.xlsx | C46: ITB-EV003-SC002-B-001 | D46: バッチ | E46: ITB-EV003-SC002-B-001-006 | F46: 46096 | G46: 46097 | H46: =IF(G46<>"","完了",IF(F46="","－",IF(F46<=$L$2,"遅延","予定"))) | I46: 46099 | K46: =IF(J46<>"","完了",IF(I46="","－",IF(I46<=$L$2,"遅延","予定"))) | L46: =IF(AND(H46="完了",K46="完了"),"完了",IF(OR(H46="遅延",K46="遅延"),"遅延","進行中"))
A47: 43 | B47: input/バッチ/ITB-EV003-SC002-B-001.xlsx | C47: ITB-EV003-SC002-B-001 | D47: バッチ | E47: ITB-EV003-SC002-B-001-007 | F47: 46076 | G47: 46077 | H47: =IF(G47<>"","完了",IF(F47="","－",IF(F47<=$L$2,"遅延","予定"))) | I47: 46080 | J47: 46081 | K47: =IF(J47<>"","完了",IF(I47="","－",IF(I47<=$L$2,"遅延","予定"))) | L47: =IF(AND(H47="完了",K47="完了"),"完了",IF(OR(H47="遅延",K47="遅延"),"遅延","進行中"))
A48: 44 | B48: input/バッチ/ITB-EV003-SC002-B-001.xlsx | C48: ITB-EV003-SC002-B-001 | D48: バッチ | E48: ITB-EV003-SC002-B-001-008 | F48: 46079 | G48: 46080 | H48: =IF(G48<>"","完了",IF(F48="","－",IF(F48<=$L$2,"遅延","予定"))) | I48: 46083 | J48: 46082 | K48: =IF(J48<>"","完了",IF(I48="","－",IF(I48<=$L$2,"遅延","予定"))) | L48: =IF(AND(H48="完了",K48="完了"),"完了",IF(OR(H48="遅延",K48="遅延"),"遅延","進行中"))
A49: 45 | B49: input/バッチ/ITB-EV004-SC001-B-001.xlsx | C49: ITB-EV004-SC001-B-001 | D49: バッチ | E49: ITB-EV004-SC001-B-001-001 | F49: 46080 | G49: 46080 | H49: =IF(G49<>"","完了",IF(F49="","－",IF(F49<=$L$2,"遅延","予定"))) | I49: 46084 | J49: 46085 | K49: =IF(J49<>"","完了",IF(I49="","－",IF(I49<=$L$2,"遅延","予定"))) | L49: =IF(AND(H49="完了",K49="完了"),"完了",IF(OR(H49="遅延",K49="遅延"),"遅延","進行中"))
A50: 46 | B50: input/バッチ/ITB-EV004-SC001-B-001.xlsx | C50: ITB-EV004-SC001-B-001 | D50: バッチ | E50: ITB-EV004-SC001-B-001-002 | F50: 46076 | G50: 46078 | H50: =IF(G50<>"","完了",IF(F50="","－",IF(F50<=$L$2,"遅延","予定"))) | I50: 46078 | K50: =IF(J50<>"","完了",IF(I50="","－",IF(I50<=$L$2,"遅延","予定"))) | L50: =IF(AND(H50="完了",K50="完了"),"完了",IF(OR(H50="遅延",K50="遅延"),"遅延","進行中"))
A51: 47 | B51: input/バッチ/ITB-EV004-SC001-B-001.xlsx | C51: ITB-EV004-SC001-B-001 | D51: バッチ | E51: ITB-EV004-SC001-B-001-003 | F51: 46087 | G51: 46088 | H51: =IF(G51<>"","完了",IF(F51="","－",IF(F51<=$L$2,"遅延","予定"))) | I51: 46089 | K51: =IF(J51<>"","完了",IF(I51="","－",IF(I51<=$L$2,"遅延","予定"))) | L51: =IF(AND(H51="完了",K51="完了"),"完了",IF(OR(H51="遅延",K51="遅延"),"遅延","進行中"))
A52: 48 | B52: input/バッチ/ITB-EV004-SC001-B-001.xlsx | C52: ITB-EV004-SC001-B-001 | D52: バッチ | E52: ITB-EV004-SC001-B-001-004 | F52: 46094 | G52: 46093 | H52: =IF(G52<>"","完了",IF(F52="","－",IF(F52<=$L$2,"遅延","予定"))) | I52: 46098 | J52: 46097 | K52: =IF(J52<>"","完了",IF(I52="","－",IF(I52<=$L$2,"遅延","予定"))) | L52: =IF(AND(H52="完了",K52="完了"),"完了",IF(OR(H52="遅延",K52="遅延"),"遅延","進行中"))
A53: 49 | B53: input/バッチ/ITB-EV004-SC001-B-001.xlsx | C53: ITB-EV004-SC001-B-001 | D53: バッチ | E53: ITB-EV004-SC001-B-001-005 | F53: 46093 | G53: 46093 | H53: =IF(G53<>"","完了",IF(F53="","－",IF(F53<=$L$2,"遅延","予定"))) | I53: 46097 | J53: 46098 | K53: =IF(J53<>"","完了",IF(I53="","－",IF(I53<=$L$2,"遅延","予定"))) | L53: =IF(AND(H53="完了",K53="完了"),"完了",IF(OR(H53="遅延",K53="遅延"),"遅延","進行中"))
A54: 50 | B54: input/バッチ/ITB-EV004-SC001-B-001.xlsx | C54: ITB-EV004-SC001-B-001 | D54: バッチ | E54: ITB-EV004-SC001-B-001-006 | F54: 46081 | H54: =IF(G54<>"","完了",IF(F54="","－",IF(F54<=$L$2,"遅延","予定"))) | I54: 46085 | K54: =IF(J54<>"","完了",IF(I54="","－",IF(I54<=$L$2,"遅延","予定"))) | L54: =IF(AND(H54="完了",K54="完了"),"完了",IF(OR(H54="遅延",K54="遅延"),"遅延","進行中"))
A55: 51 | B55: input/基盤/ITB-EV005-SC001-I-001.xlsx | C55: ITB-EV005-SC001-I-001 | D55: 基盤 | E55: ITB-EV005-SC001-I-001-001 | F55: 46089 | G55: 46092 | H55: =IF(G55<>"","完了",IF(F55="","－",IF(F55<=$L$2,"遅延","予定"))) | I55: 46092 | J55: 46093 | K55: =IF(J55<>"","完了",IF(I55="","－",IF(I55<=$L$2,"遅延","予定"))) | L55: =IF(AND(H55="完了",K55="完了"),"完了",IF(OR(H55="遅延",K55="遅延"),"遅延","進行中"))
A56: 52 | B56: input/基盤/ITB-EV005-SC001-I-001.xlsx | C56: ITB-EV005-SC001-I-001 | D56: 基盤 | E56: ITB-EV005-SC001-I-001-002 | F56: 46085 | G56: 46088 | H56: =IF(G56<>"","完了",IF(F56="","－",IF(F56<=$L$2,"遅延","予定"))) | I56: 46088 | J56: 46090 | K56: =IF(J56<>"","完了",IF(I56="","－",IF(I56<=$L$2,"遅延","予定"))) | L56: =IF(AND(H56="完了",K56="完了"),"完了",IF(OR(H56="遅延",K56="遅延"),"遅延","進行中"))
A57: 53 | B57: input/基盤/ITB-EV005-SC001-I-001.xlsx | C57: ITB-EV005-SC001-I-001 | D57: 基盤 | E57: ITB-EV005-SC001-I-001-003 | F57: 46090 | H57: =IF(G57<>"","完了",IF(F57="","－",IF(F57<=$L$2,"遅延","予定"))) | I57: 46093 | K57: =IF(J57<>"","完了",IF(I57="","－",IF(I57<=$L$2,"遅延","予定"))) | L57: =IF(AND(H57="完了",K57="完了"),"完了",IF(OR(H57="遅延",K57="遅延"),"遅延","進行中"))
A58: 54 | B58: input/基盤/ITB-EV005-SC001-I-001.xlsx | C58: ITB-EV005-SC001-I-001 | D58: 基盤 | E58: ITB-EV005-SC001-I-001-004 | F58: 46083 | H58: =IF(G58<>"","完了",IF(F58="","－",IF(F58<=$L$2,"遅延","予定"))) | I58: 46086 | K58: =IF(J58<>"","完了",IF(I58="","－",IF(I58<=$L$2,"遅延","予定"))) | L58: =IF(AND(H58="完了",K58="完了"),"完了",IF(OR(H58="遅延",K58="遅延"),"遅延","進行中"))
A59: 55 | B59: input/基盤/ITB-EV005-SC001-I-001.xlsx | C59: ITB-EV005-SC001-I-001 | D59: 基盤 | E59: ITB-EV005-SC001-I-001-005 | F59: 46076 | G59: 46077 | H59: =IF(G59<>"","完了",IF(F59="","－",IF(F59<=$L$2,"遅延","予定"))) | I59: 46079 | J59: 46080 | K59: =IF(J59<>"","完了",IF(I59="","－",IF(I59<=$L$2,"遅延","予定"))) | L59: =IF(AND(H59="完了",K59="完了"),"完了",IF(OR(H59="遅延",K59="遅延"),"遅延","進行中"))
A60: 56 | B60: input/基盤/ITB-EV005-SC001-I-001.xlsx | C60: ITB-EV005-SC001-I-001 | D60: 基盤 | E60: ITB-EV005-SC001-I-001-006 | F60: 46078 | G60: 46079 | H60: =IF(G60<>"","完了",IF(F60="","－",IF(F60<=$L$2,"遅延","予定"))) | I60: 46081 | K60: =IF(J60<>"","完了",IF(I60="","－",IF(I60<=$L$2,"遅延","予定"))) | L60: =IF(AND(H60="完了",K60="完了"),"完了",IF(OR(H60="遅延",K60="遅延"),"遅延","進行中"))
A61: 57 | B61: input/基盤/ITB-EV005-SC001-I-001.xlsx | C61: ITB-EV005-SC001-I-001 | D61: 基盤 | E61: ITB-EV005-SC001-I-001-007 | F61: 46077 | G61: 46078 | H61: =IF(G61<>"","完了",IF(F61="","－",IF(F61<=$L$2,"遅延","予定"))) | I61: 46080 | J61: 46082 | K61: =IF(J61<>"","完了",IF(I61="","－",IF(I61<=$L$2,"遅延","予定"))) | L61: =IF(AND(H61="完了",K61="完了"),"完了",IF(OR(H61="遅延",K61="遅延"),"遅延","進行中"))
A62: 58 | B62: input/基盤/ITB-EV005-SC002-I-001.xlsx | C62: ITB-EV005-SC002-I-001 | D62: 基盤 | E62: ITB-EV005-SC002-I-001-001 | F62: 46091 | H62: =IF(G62<>"","完了",IF(F62="","－",IF(F62<=$L$2,"遅延","予定"))) | I62: 46094 | K62: =IF(J62<>"","完了",IF(I62="","－",IF(I62<=$L$2,"遅延","予定"))) | L62: =IF(AND(H62="完了",K62="完了"),"完了",IF(OR(H62="遅延",K62="遅延"),"遅延","進行中"))
A63: 59 | B63: input/基盤/ITB-EV005-SC002-I-001.xlsx | C63: ITB-EV005-SC002-I-001 | D63: 基盤 | E63: ITB-EV005-SC002-I-001-002 | F63: 46080 | G63: 46083 | H63: =IF(G63<>"","完了",IF(F63="","－",IF(F63<=$L$2,"遅延","予定"))) | I63: 46083 | J63: 46084 | K63: =IF(J63<>"","完了",IF(I63="","－",IF(I63<=$L$2,"遅延","予定"))) | L63: =IF(AND(H63="完了",K63="完了"),"完了",IF(OR(H63="遅延",K63="遅延"),"遅延","進行中"))
A64: 60 | B64: input/基盤/ITB-EV005-SC002-I-001.xlsx | C64: ITB-EV005-SC002-I-001 | D64: 基盤 | E64: ITB-EV005-SC002-I-001-003 | F64: 46091 | G64: 46092 | H64: =IF(G64<>"","完了",IF(F64="","－",IF(F64<=$L$2,"遅延","予定"))) | I64: 46094 | K64: =IF(J64<>"","完了",IF(I64="","－",IF(I64<=$L$2,"遅延","予定"))) | L64: =IF(AND(H64="完了",K64="完了"),"完了",IF(OR(H64="遅延",K64="遅延"),"遅延","進行中"))
A65: 61 | B65: input/基盤/ITB-EV005-SC002-I-001.xlsx | C65: ITB-EV005-SC002-I-001 | D65: 基盤 | E65: ITB-EV005-SC002-I-001-004 | F65: 46089 | G65: 46091 | H65: =IF(G65<>"","完了",IF(F65="","－",IF(F65<=$L$2,"遅延","予定"))) | I65: 46092 | J65: 46093 | K65: =IF(J65<>"","完了",IF(I65="","－",IF(I65<=$L$2,"遅延","予定"))) | L65: =IF(AND(H65="完了",K65="完了"),"完了",IF(OR(H65="遅延",K65="遅延"),"遅延","進行中"))
A66: 62 | B66: input/基盤/ITB-EV005-SC002-I-001.xlsx | C66: ITB-EV005-SC002-I-001 | D66: 基盤 | E66: ITB-EV005-SC002-I-001-005 | F66: 46079 | H66: =IF(G66<>"","完了",IF(F66="","－",IF(F66<=$L$2,"遅延","予定"))) | I66: 46082 | K66: =IF(J66<>"","完了",IF(I66="","－",IF(I66<=$L$2,"遅延","予定"))) | L66: =IF(AND(H66="完了",K66="完了"),"完了",IF(OR(H66="遅延",K66="遅延"),"遅延","進行中"))
A67: 63 | B67: input/運用/ITB-EV006-SC001-U-001.xlsx | C67: ITB-EV006-SC001-U-001 | D67: 運用 | E67: ITB-EV006-SC001-U-001-001 | F67: 46086 | G67: 46085 | H67: =IF(G67<>"","完了",IF(F67="","－",IF(F67<=$L$2,"遅延","予定"))) | I67: 46088 | K67: =IF(J67<>"","完了",IF(I67="","－",IF(I67<=$L$2,"遅延","予定"))) | L67: =IF(AND(H67="完了",K67="完了"),"完了",IF(OR(H67="遅延",K67="遅延"),"遅延","進行中"))
A68: 64 | B68: input/運用/ITB-EV006-SC001-U-001.xlsx | C68: ITB-EV006-SC001-U-001 | D68: 運用 | E68: ITB-EV006-SC001-U-001-002 | F68: 46093 | G68: 46095 | H68: =IF(G68<>"","完了",IF(F68="","－",IF(F68<=$L$2,"遅延","予定"))) | I68: 46095 | K68: =IF(J68<>"","完了",IF(I68="","－",IF(I68<=$L$2,"遅延","予定"))) | L68: =IF(AND(H68="完了",K68="完了"),"完了",IF(OR(H68="遅延",K68="遅延"),"遅延","進行中"))
A69: 65 | B69: input/運用/ITB-EV006-SC001-U-001.xlsx | C69: ITB-EV006-SC001-U-001 | D69: 運用 | E69: ITB-EV006-SC001-U-001-003 | F69: 46083 | G69: 46082 | H69: =IF(G69<>"","完了",IF(F69="","－",IF(F69<=$L$2,"遅延","予定"))) | I69: 46086 | J69: 46087 | K69: =IF(J69<>"","完了",IF(I69="","－",IF(I69<=$L$2,"遅延","予定"))) | L69: =IF(AND(H69="完了",K69="完了"),"完了",IF(OR(H69="遅延",K69="遅延"),"遅延","進行中"))
A70: 66 | B70: input/運用/ITB-EV006-SC001-U-001.xlsx | C70: ITB-EV006-SC001-U-001 | D70: 運用 | E70: ITB-EV006-SC001-U-001-004 | F70: 46079 | H70: =IF(G70<>"","完了",IF(F70="","－",IF(F70<=$L$2,"遅延","予定"))) | I70: 46083 | K70: =IF(J70<>"","完了",IF(I70="","－",IF(I70<=$L$2,"遅延","予定"))) | L70: =IF(AND(H70="完了",K70="完了"),"完了",IF(OR(H70="遅延",K70="遅延"),"遅延","進行中"))
A71: 67 | B71: input/運用/ITB-EV006-SC001-U-001.xlsx | C71: ITB-EV006-SC001-U-001 | D71: 運用 | E71: ITB-EV006-SC001-U-001-005 | F71: 46076 | G71: 46076 | H71: =IF(G71<>"","完了",IF(F71="","－",IF(F71<=$L$2,"遅延","予定"))) | I71: 46078 | J71: 46078 | K71: =IF(J71<>"","完了",IF(I71="","－",IF(I71<=$L$2,"遅延","予定"))) | L71: =IF(AND(H71="完了",K71="完了"),"完了",IF(OR(H71="遅延",K71="遅延"),"遅延","進行中"))
A72: 68 | B72: input/運用/ITB-EV006-SC001-U-001.xlsx | C72: ITB-EV006-SC001-U-001 | D72: 運用 | E72: ITB-EV006-SC001-U-001-006 | F72: 46082 | G72: 46081 | H72: =IF(G72<>"","完了",IF(F72="","－",IF(F72<=$L$2,"遅延","予定"))) | I72: 46084 | K72: =IF(J72<>"","完了",IF(I72="","－",IF(I72<=$L$2,"遅延","予定"))) | L72: =IF(AND(H72="完了",K72="完了"),"完了",IF(OR(H72="遅延",K72="遅延"),"遅延","進行中"))
A73: 69 | B73: input/運用/ITB-EV006-SC002-U-001.xlsx | C73: ITB-EV006-SC002-U-001 | D73: 運用 | E73: ITB-EV006-SC002-U-001-001 | F73: 46088 | H73: =IF(G73<>"","完了",IF(F73="","－",IF(F73<=$L$2,"遅延","予定"))) | I73: 46091 | K73: =IF(J73<>"","完了",IF(I73="","－",IF(I73<=$L$2,"遅延","予定"))) | L73: =IF(AND(H73="完了",K73="完了"),"完了",IF(OR(H73="遅延",K73="遅延"),"遅延","進行中"))
A74: 70 | B74: input/運用/ITB-EV006-SC002-U-001.xlsx | C74: ITB-EV006-SC002-U-001 | D74: 運用 | E74: ITB-EV006-SC002-U-001-002 | F74: 46085 | G74: 46087 | H74: =IF(G74<>"","完了",IF(F74="","－",IF(F74<=$L$2,"遅延","予定"))) | I74: 46087 | K74: =IF(J74<>"","完了",IF(I74="","－",IF(I74<=$L$2,"遅延","予定"))) | L74: =IF(AND(H74="完了",K74="完了"),"完了",IF(OR(H74="遅延",K74="遅延"),"遅延","進行中"))
A75: 71 | B75: input/運用/ITB-EV006-SC002-U-001.xlsx | C75: ITB-EV006-SC002-U-001 | D75: 運用 | E75: ITB-EV006-SC002-U-001-003 | F75: 46082 | G75: 46081 | H75: =IF(G75<>"","完了",IF(F75="","－",IF(F75<=$L$2,"遅延","予定"))) | I75: 46086 | K75: =IF(J75<>"","完了",IF(I75="","－",IF(I75<=$L$2,"遅延","予定"))) | L75: =IF(AND(H75="完了",K75="完了"),"完了",IF(OR(H75="遅延",K75="遅延"),"遅延","進行中"))
A76: 72 | B76: input/運用/ITB-EV006-SC002-U-001.xlsx | C76: ITB-EV006-SC002-U-001 | D76: 運用 | E76: ITB-EV006-SC002-U-001-004 | F76: 46077 | G76: 46077 | H76: =IF(G76<>"","完了",IF(F76="","－",IF(F76<=$L$2,"遅延","予定"))) | I76: 46079 | J76: 46078 | K76: =IF(J76<>"","完了",IF(I76="","－",IF(I76<=$L$2,"遅延","予定"))) | L76: =IF(AND(H76="完了",K76="完了"),"完了",IF(OR(H76="遅延",K76="遅延"),"遅延","進行中"))

Sheet 祝日マスタ
A1: 祝日マスタ
A2: ※ 祝日を追加・編集してください。日付形式: YYYY/MM/DD
A4: 日付 | B4: 祝日名 | C4: 備考
A5: 2024/01/01 | B5: 元日
A6: 2024/01/02 | B6: 年始休暇
A7: 2024/01/03 | B7: 年始休暇
A8: 2024/01/08 | B8: 成人の日
A9: 2024/02/11 | B9: 建国記念の日
A10: 2024/02/12 | B10: 振替休日
A11: 2024/02/23 | B11: 天皇誕生日
A12: 2024/03/20 | B12: 春分の日
A13: 2024/04/29 | B13: 昭和の日
A14: 2024/05/03 | B14: 憲法記念日
A15: 2024/05/04 | B15: みどりの日
A16: 2024/05/05 | B16: こどもの日
... A161: 2030/12/31 | B161: 年末休暇
