Workbook

Sheet ダッシュボード
A1: テスト進捗ダッシュボード
A2: 基準日: | B2: 46091 | F2: 週範囲From: | G2: 2026/03/01 | H2: To: | I2: 2026/03/07
A4: ■ 実施進捗
A5: チーム | B5: 日次 | D5: 週次 | H5: 総計
B6: 予定 | C6: 実績 | D6: 予定 | E6: 実績 | F6: 残数 | G6: 遅延 | H6: 総数 | I6: 予定累計 | J6: 実績累計 | K6: 残数 | L6: 遅延 | M6: 予定消化率 | N6: 実績消化率 | O6: 乖離 | P6: 状態
A7: 全体 | B7: =IFERROR(INDEX('進捗サマリー_ALL'!D6:D191,MATCH($B$2,'進捗サマリー_ALL'!A6:A191,0)),0) | C7: =IFERROR(INDEX('進捗サマリー_ALL'!E6:E191,MATCH($B$2,'進捗サマリー_ALL'!A6:A191,0)),0) | D7: =IF(OR($G$2="",$I$2=""),"-",SUMIFS('進捗サマリー_ALL'!D6:D191,'進捗サマリー_ALL'!A6:A191,">="&$G$2,'進捗サマリー_ALL'!A6:A191,"<="&$I$2)) | E7: =IF(OR($G$2="",$I$2=""),"-",SUMIFS('進捗サマリー_ALL'!E6:E191,'進捗サマリー_ALL'!A6:A191,">="&$G$2,'進捗サマリー_ALL'!A6:A191,"<="&$I$2)) | F7: =IF(OR($G$2="",$I$2=""),"-",D7-E7) | G7: =IF(OR($G$2="",$I$2=""),"-",IF(F7>0,F7,0)) | H7: ='進捗サマリー_ALL'!D5 | I7: =IFERROR(INDEX('進捗サマリー_ALL'!G6:G191,MATCH($B$2,'進捗サマリー_ALL'!A6:A191,0)),0) | J7: =IFERROR(INDEX('進捗サマリー_ALL'!H6:H191,MATCH($B$2,'進捗サマリー_ALL'!A6:A191,0)),0) | K7: =H7-J7 | L7: =I7-J7 | M7: =IF(H7=0,0,I7/H7) | N7: =IF(H7=0,0,J7/H7) | O7: =N7-M7 | P7: =IF(J7>=H7,"完了",IF(L7>0,"遅延","順調"))
A8: その他 | B8: =IFERROR(INDEX('進捗サマリー_その他'!D6:D171,MATCH($B$2,'進捗サマリー_その他'!A6:A171,0)),0) | C8: =IFERROR(INDEX('進捗サマリー_その他'!E6:E171,MATCH($B$2,'進捗サマリー_その他'!A6:A171,0)),0) | D8: =IF(OR($G$2="",$I$2=""),"-",SUMIFS('進捗サマリー_その他'!D6:D171,'進捗サマリー_その他'!A6:A171,">="&$G$2,'進捗サマリー_その他'!A6:A171,"<="&$I$2)) | E8: =IF(OR($G$2="",$I$2=""),"-",SUMIFS('進捗サマリー_その他'!E6:E171,'進捗サマリー_その他'!A6:A171,">="&$G$2,'進捗サマリー_その他'!A6:A171,"<="&$I$2)) | F8: =IF(OR($G$2="",$I$2=""),"-",D8-E8) | G8: =IF(OR($G$2="",$I$2=""),"-",IF(F8>0,F8,0)) | H8: ='進捗サマリー_その他'!D5 | I8: =IFERROR(INDEX('進捗サマリー_その他'!G6:G171,MATCH($B$2,'進捗サマリー_その他'!A6:A171,0)),0) | J8: =IFERROR(INDEX('進捗サマリー_その他'!H6:H171,MATCH($B$2,'進捗サマリー_その他'!A6:A171,0)),0) | K8: =H8-J8 | L8: =I8-J8 | M8: =IF(H8=0,0,I8/H8) | N8: =IF(H8=0,0,J8/H8) | O8: =N8-M8 | P8: =IF(J8>=H8,"完了",IF(L8>0,"遅延","順調"))
A9: オンライン | B9: =IFERROR(INDEX('進捗サマリー_オンライン'!D6:D189,MATCH($B$2,'進捗サマリー_オンライン'!A6:A189,0)),0) | C9: =IFERROR(INDEX('進捗サマリー_オンライン'!E6:E189,MATCH($B$2,'進捗サマリー_オンライン'!A6:A189,0)),0) | D9: =IF(OR($G$2="",$I$2=""),"-",SUMIFS('進捗サマリー_オンライン'!D6:D189,'進捗サマリー_オンライン'!A6:A189,">="&$G$2,'進捗サマリー_オンライン'!A6:A189,"<="&$I$2)) | E9: =IF(OR($G$2="",$I$2=""),"-",SUMIFS('進捗サマリー_オンライン'!E6:E189,'進捗サマリー_オンライン'!A6:A189,">="&$G$2,'進捗サマリー_オンライン'!A6:A189,"<="&$I$2)) | F9: =IF(OR($G$2="",$I$2=""),"-",D9-E9) | G9: =IF(OR($G$2="",$I$2=""),"-",IF(F9>0,F9,0)) | H9: ='進捗サマリー_オンライン'!D5 | I9: =IFERROR(INDEX('進捗サマリー_オンライン'!G6:G189,MATCH($B$2,'進捗サマリー_オンライン'!A6:A189,0)),0) | J9: =IFERROR(INDEX('進捗サマリー_オンライン'!H6:H189,MATCH($B$2,'進捗サマリー_オンライン'!A6:A189,0)),0) | K9: =H9-J9 | L9: =I9-J9 | M9: =IF(H9=0,0,I9/H9) | N9: =IF(H9=0,0,J9/H9) | O9: =N9-M9 | P9: =IF(J9>=H9,"完了",IF(L9>0,"遅延","順調"))
A10: バッチ | B10: =IFERROR(INDEX('進捗サマリー_バッチ'!D6:D182,MATCH($B$2,'進捗サマリー_バッチ'!A6:A182,0)),0) | C10: =IFERROR(INDEX('進捗サマリー_バッチ'!E6:E182,MATCH($B$2,'進捗サマリー_バッチ'!A6:A182,0)),0) | D10: =IF(OR($G$2="",$I$2=""),"-",SUMIFS('進捗サマリー_バッチ'!D6:D182,'進捗サマリー_バッチ'!A6:A182,">="&$G$2,'進捗サマリー_バッチ'!A6:A182,"<="&$I$2)) | E10: =IF(OR($G$2="",$I$2=""),"-",SUMIFS('進捗サマリー_バッチ'!E6:E182,'進捗サマリー_バッチ'!A6:A182,">="&$G$2,'進捗サマリー_バッチ'!A6:A182,"<="&$I$2)) | F10: =IF(OR($G$2="",$I$2=""),"-",D10-E10) | G10: =IF(OR($G$2="",$I$2=""),"-",IF(F10>0,F10,0)) | H10: ='進捗サマリー_バッチ'!D5 | I10: =IFERROR(INDEX('進捗サマリー_バッチ'!G6:G182,MATCH($B$2,'進捗サマリー_バッチ'!A6:A182,0)),0) | J10: =IFERROR(INDEX('進捗サマリー_バッチ'!H6:H182,MATCH($B$2,'進捗サマリー_バッチ'!A6:A182,0)),0) | K10: =H10-J10 | L10: =I10-J10 | M10: =IF(H10=0,0,I10/H10) | N10: =IF(H10=0,0,J10/H10) | O10: =N10-M10 | P10: =IF(J10>=H10,"完了",IF(L10>0,"遅延","順調"))
A11: 基盤 | B11: =IFERROR(INDEX('進捗サマリー_基盤'!D6:D183,MATCH($B$2,'進捗サマリー_基盤'!A6:A183,0)),0) | C11: =IFERROR(INDEX('進捗サマリー_基盤'!E6:E183,MATCH($B$2,'進捗サマリー_基盤'!A6:A183,0)),0) | D11: =IF(OR($G$2="",$I$2=""),"-",SUMIFS('進捗サマリー_基盤'!D6:D183,'進捗サマリー_基盤'!A6:A183,">="&$G$2,'進捗サマリー_基盤'!A6:A183,"<="&$I$2)) | E11: =IF(OR($G$2="",$I$2=""),"-",SUMIFS('進捗サマリー_基盤'!E6:E183,'進捗サマリー_基盤'!A6:A183,">="&$G$2,'進捗サマリー_基盤'!A6:A183,"<="&$I$2)) | F11: =IF(OR($G$2="",$I$2=""),"-",D11-E11) | G11: =IF(OR($G$2="",$I$2=""),"-",IF(F11>0,F11,0)) | H11: ='進捗サマリー_基盤'!D5 | I11: =IFERROR(INDEX('進捗サマリー_基盤'!G6:G183,MATCH($B$2,'進捗サマリー_基盤'!A6:A183,0)),0) | J11: =IFERROR(INDEX('進捗サマリー_基盤'!H6:H183,MATCH($B$2,'進捗サマリー_基盤'!A6:A183,0)),0) | K11: =H11-J11 | L11: =I11-J11 | M11: =IF(H11=0,0,I11/H11) | N11: =IF(H11=0,0,J11/H11) | O11: =N11-M11 | P11: =IF(J11>=H11,"完了",IF(L11>0,"遅延","順調"))
A12: 運用 | B12: =IFERROR(INDEX('進捗サマリー_運用'!D6:D184,MATCH($B$2,'進捗サマリー_運用'!A6:A184,0)),0) | C12: =IFERROR(INDEX('進捗サマリー_運用'!E6:E184,MATCH($B$2,'進捗サマリー_運用'!A6:A184,0)),0) | D12: =IF(OR($G$2="",$I$2=""),"-",SUMIFS('進捗サマリー_運用'!D6:D184,'進捗サマリー_運用'!A6:A184,">="&$G$2,'進捗サマリー_運用'!A6:A184,"<="&$I$2)) | E12: =IF(OR($G$2="",$I$2=""),"-",SUMIFS('進捗サマリー_運用'!E6:E184,'進捗サマリー_運用'!A6:A184,">="&$G$2,'進捗サマリー_運用'!A6:A184,"<="&$I$2)) | F12: =IF(OR($G$2="",$I$2=""),"-",D12-E12) | G12: =IF(OR($G$2="",$I$2=""),"-",IF(F12>0,F12,0)) | H12: ='進捗サマリー_運用'!D5 | I12: =IFERROR(INDEX('進捗サマリー_運用'!G6:G184,MATCH($B$2,'進捗サマリー_運用'!A6:A184,0)),0) | J12: =IFERROR(INDEX('進捗サマリー_運用'!H6:H184,MATCH($B$2,'進捗サマリー_運用'!A6:A184,0)),0) | K12: =H12-J12 | L12: =I12-J12 | M12: =IF(H12=0,0,I12/H12) | N12: =IF(H12=0,0,J12/H12) | O12: =N12-M12 | P12: =IF(J12>=H12,"完了",IF(L12>0,"遅延","順調"))
A14: ■ 検証進捗
A15: チーム | B15: 日次 | D15: 週次 | H15: 総計
B16: 予定 | C16: 実績 | D16: 予定 | E16: 実績 | F16: 残数 | G16: 遅延 | H16: 総数 | I16: 予定累計 | J16: 実績累計 | K16: 残数 | L16: 遅延 | M16: 予定消化率 | N16: 実績消化率 | O16: 乖離 | P16: 状態
A17: 全体 | B17: =IFERROR(INDEX('進捗サマリー_ALL'!K6:K191,MATCH($B$2,'進捗サマリー_ALL'!A6:A191,0)),0) | C17: =IFERROR(INDEX('進捗サマリー_ALL'!L6:L191,MATCH($B$2,'進捗サマリー_ALL'!A6:A191,0)),0) | D17: =IF(OR($G$2="",$I$2=""),"-",SUMIFS('進捗サマリー_ALL'!K6:K191,'進捗サマリー_ALL'!A6:A191,">="&$G$2,'進捗サマリー_ALL'!A6:A191,"<="&$I$2)) | E17: =IF(OR($G$2="",$I$2=""),"-",SUMIFS('進捗サマリー_ALL'!L6:L191,'進捗サマリー_ALL'!A6:A191,">="&$G$2,'進捗サマリー_ALL'!A6:A191,"<="&$I$2)) | F17: =IF(OR($G$2="",$I$2=""),"-",D17-E17) | G17: =IF(OR($G$2="",$I$2=""),"-",IF(F17>0,F17,0)) | H17: ='進捗サマリー_ALL'!K5 | I17: =IFERROR(INDEX('進捗サマリー_ALL'!N6:N191,MATCH($B$2,'進捗サマリー_ALL'!A6:A191,0)),0) | J17: =IFERROR(INDEX('進捗サマリー_ALL'!O6:O191,MATCH($B$2,'進捗サマリー_ALL'!A6:A191,0)),0) | K17: =H17-J17 | L17: =I17-J17 | M17: =IF(H17=0,0,I17/H17) | N17: =IF(H17=0,0,J17/H17) | O17: =N17-M17 | P17: =IF(J17>=H17,"完了",IF(L17>0,"遅延","順調"))
A18: その他 | B18: =IFERROR(INDEX('進捗サマリー_その他'!K6:K171,MATCH($B$2,'進捗サマリー_その他'!A6:A171,0)),0) | C18: =IFERROR(INDEX('進捗サマリー_その他'!L6:L171,MATCH($B$2,'進捗サマリー_その他'!A6:A171,0)),0) | D18: =IF(OR($G$2="",$I$2=""),"-",SUMIFS('進捗サマリー_その他'!K6:K171,'進捗サマリー_その他'!A6:A171,">="&$G$2,'進捗サマリー_その他'!A6:A171,"<="&$I$2)) | E18: =IF(OR($G$2="",$I$2=""),"-",SUMIFS('進捗サマリー_その他'!L6:L171,'進捗サマリー_その他'!A6:A171,">="&$G$2,'進捗サマリー_その他'!A6:A171,"<="&$I$2)) | F18: =IF(OR($G$2="",$I$2=""),"-",D18-E18) | G18: =IF(OR($G$2="",$I$2=""),"-",IF(F18>0,F18,0)) | H18: ='進捗サマリー_その他'!K5 | I18: =IFERROR(INDEX('進捗サマリー_その他'!N6:N171,MATCH($B$2,'進捗サマリー_その他'!A6:A171,0)),0) | J18: =IFERROR(INDEX('進捗サマリー_その他'!O6:O171,MATCH($B$2,'進捗サマリー_その他'!A6:A171,0)),0) | K18: =H18-J18 | L18: =I18-J18 | M18: =IF(H18=0,0,I18/H18) | N18: =IF(H18=0,0,J18/H18) | O18: =N18-M18 | P18: =IF(J18>=H18,"完了",IF(L18>0,"遅延","順調"))
A19: オンライン | B19: =IFERROR(INDEX('進捗サマリー_オンライン'!K6:K189,MATCH($B$2,'進捗サマリー_オンライン'!A6:A189,0)),0) | C19: =IFERROR(INDEX('進捗サマリー_オンライン'!L6:L189,MATCH($B$2,'進捗サマリー_オンライン'!A6:A189,0)),0) | D19: =IF(OR($G$2="",$I$2=""),"-",SUMIFS('進捗サマリー_オンライン'!K6:K189,'進捗サマリー_オンライン'!A6:A189,">="&$G$2,'進捗サマリー_オンライン'!A6:A189,"<="&$I$2)) | E19: =IF(OR($G$2="",$I$2=""),"-",SUMIFS('進捗サマリー_オンライン'!L6:L189,'進捗サマリー_オンライン'!A6:A189,">="&$G$2,'進捗サマリー_オンライン'!A6:A189,"<="&$I$2)) | F19: =IF(OR($G$2="",$I$2=""),"-",D19-E19) | G19: =IF(OR($G$2="",$I$2=""),"-",IF(F19>0,F19,0)) | H19: ='進捗サマリー_オンライン'!K5 | I19: =IFERROR(INDEX('進捗サマリー_オンライン'!N6:N189,MATCH($B$2,'進捗サマリー_オンライン'!A6:A189,0)),0) | J19: =IFERROR(INDEX('進捗サマリー_オンライン'!O6:O189,MATCH($B$2,'進捗サマリー_オンライン'!A6:A189,0)),0) | K19: =H19-J19 | L19: =I19-J19 | M19: =IF(H19=0,0,I19/H19) | N19: =IF(H19=0,0,J19/H19) | O19: =N19-M19 | P19: =IF(J19>=H19,"完了",IF(L19>0,"遅延","順調"))
A20: バッチ | B20: =IFERROR(INDEX('進捗サマリー_バッチ'!K6:K182,MATCH($B$2,'進捗サマリー_バッチ'!A6:A182,0)),0) | C20: =IFERROR(INDEX('進捗サマリー_バッチ'!L6:L182,MATCH($B$2,'進捗サマリー_バッチ'!A6:A182,0)),0) | D20: =IF(OR($G$2="",$I$2=""),"-",SUMIFS('進捗サマリー_バッチ'!K6:K182,'進捗サマリー_バッチ'!A6:A182,">="&$G$2,'進捗サマリー_バッチ'!A6:A182,"<="&$I$2)) | E20: =IF(OR($G$2="",$I$2=""),"-",SUMIFS('進捗サマリー_バッチ'!L6:L182,'進捗サマリー_バッチ'!A6:A182,">="&$G$2,'進捗サマリー_バッチ'!A6:A182,"<="&$I$2)) | F20: =IF(OR($G$2="",$I$2=""),"-",D20-E20) | G20: =IF(OR($G$2="",$I$2=""),"-",IF(F20>0,F20,0)) | H20: ='進捗サマリー_バッチ'!K5 | I20: =IFERROR(INDEX('進捗サマリー_バッチ'!N6:N182,MATCH($B$2,'進捗サマリー_バッチ'!A6:A182,0)),0) | J20: =IFERROR(INDEX('進捗サマリー_バッチ'!O6:O182,MATCH($B$2,'進捗サマリー_バッチ'!A6:A182,0)),0) | K20: =H20-J20 | L20: =I20-J20 | M20: =IF(H20=0,0,I20/H20) | N20: =IF(H20=0,0,J20/H20) | O20: =N20-M20 | P20: =IF(J20>=H20,"完了",IF(L20>0,"遅延","順調"))
A21: 基盤 | B21: =IFERROR(INDEX('進捗サマリー_基盤'!K6:K183,MATCH($B$2,'進捗サマリー_基盤'!A6:A183,0)),0) | C21: =IFERROR(INDEX('進捗サマリー_基盤'!L6:L183,MATCH($B$2,'進捗サマリー_基盤'!A6:A183,0)),0) | D21: =IF(OR($G$2="",$I$2=""),"-",SUMIFS('進捗サマリー_基盤'!K6:K183,'進捗サマリー_基盤'!A6:A183,">="&$G$2,'進捗サマリー_基盤'!A6:A183,"<="&$I$2)) | E21: =IF(OR($G$2="",$I$2=""),"-",SUMIFS('進捗サマリー_基盤'!L6:L183,'進捗サマリー_基盤'!A6:A183,">="&$G$2,'進捗サマリー_基盤'!A6:A183,"<="&$I$2)) | F21: =IF(OR($G$2="",$I$2=""),"-",D21-E21) | G21: =IF(OR($G$2="",$I$2=""),"-",IF(F21>0,F21,0)) | H21: ='進捗サマリー_基盤'!K5 | I21: =IFERROR(INDEX('進捗サマリー_基盤'!N6:N183,MATCH($B$2,'進捗サマリー_基盤'!A6:A183,0)),0) | J21: =IFERROR(INDEX('進捗サマリー_基盤'!O6:O183,MATCH($B$2,'進捗サマリー_基盤'!A6:A183,0)),0) | K21: =H21-J21 | L21: =I21-J21 | M21: =IF(H21=0,0,I21/H21) | N21: =IF(H21=0,0,J21/H21) | O21: =N21-M21 | P21: =IF(J21>=H21,"完了",IF(L21>0,"遅延","順調"))
A22: 運用 | B22: =IFERROR(INDEX('進捗サマリー_運用'!K6:K184,MATCH($B$2,'進捗サマリー_運用'!A6:A184,0)),0) | C22: =IFERROR(INDEX('進捗サマリー_運用'!L6:L184,MATCH($B$2,'進捗サマリー_運用'!A6:A184,0)),0) | D22: =IF(OR($G$2="",$I$2=""),"-",SUMIFS('進捗サマリー_運用'!K6:K184,'進捗サマリー_運用'!A6:A184,">="&$G$2,'進捗サマリー_運用'!A6:A184,"<="&$I$2)) | E22: =IF(OR($G$2="",$I$2=""),"-",SUMIFS('進捗サマリー_運用'!L6:L184,'進捗サマリー_運用'!A6:A184,">="&$G$2,'進捗サマリー_運用'!A6:A184,"<="&$I$2)) | F22: =IF(OR($G$2="",$I$2=""),"-",D22-E22) | G22: =IF(OR($G$2="",$I$2=""),"-",IF(F22>0,F22,0)) | H22: ='進捗サマリー_運用'!K5 | I22: =IFERROR(INDEX('進捗サマリー_運用'!N6:N184,MATCH($B$2,'進捗サマリー_運用'!A6:A184,0)),0) | J22: =IFERROR(INDEX('進捗サマリー_運用'!O6:O184,MATCH($B$2,'進捗サマリー_運用'!A6:A184,0)),0) | K22: =H22-J22 | L22: =I22-J22 | M22: =IF(H22=0,0,I22/H22) | N22: =IF(H22=0,0,J22/H22) | O22: =N22-M22 | P22: =IF(J22>=H22,"完了",IF(L22>0,"遅延","順調"))
A24: ■ 進捗推移チャート（左: 実施 / 右: 検証） ※実施予定=青、検証予定=緑、実績=オレンジ

Sheet 欠陥ダッシュボード
A1: 欠陥ダッシュボード
A2: 基準日: 2026/03/10
A4: 1. 欠陥サマリー
A5: チーム | B5: 未完了 | C5: 予定超過 | H5: 滞留(7日超)
C6: 調査 | D6: 対応 | E6: 横展開 | F6: 検証 | G6: 合計 | H6: 調査 | I6: 対応 | J6: 横展開 | K6: 検証 | L6: 合計
A7: 全体 | B7: =COUNTBLANK('欠陥詳細_ALL'!V$4:V$75) | C7: =COUNTIFS('欠陥詳細_ALL'!I$4:I$75,"<"&DATE(2026,3,10),'欠陥詳細_ALL'!J$4:J$75,"") | D7: =COUNTIFS('欠陥詳細_ALL'!N$4:N$75,"<"&DATE(2026,3,10),'欠陥詳細_ALL'!O$4:O$75,"") | E7: =COUNTIFS('欠陥詳細_ALL'!P$4:P$75,"有",'欠陥詳細_ALL'!R$4:R$75,"<"&DATE(2026,3,10),'欠陥詳細_ALL'!S$4:S$75,"") | F7: =COUNTIFS('欠陥詳細_ALL'!T$4:T$75,"<"&DATE(2026,3,10),'欠陥詳細_ALL'!V$4:V$75,"") | G7: =SUM(C7:F7) | H7: =COUNTIFS('欠陥詳細_ALL'!I$4:I$75,"<"&DATE(2026,3,10)-7,'欠陥詳細_ALL'!J$4:J$75,"") | I7: =COUNTIFS('欠陥詳細_ALL'!N$4:N$75,"<"&DATE(2026,3,10)-7,'欠陥詳細_ALL'!O$4:O$75,"") | J7: =COUNTIFS('欠陥詳細_ALL'!P$4:P$75,"有",'欠陥詳細_ALL'!R$4:R$75,"<"&DATE(2026,3,10)-7,'欠陥詳細_ALL'!S$4:S$75,"") | K7: =COUNTIFS('欠陥詳細_ALL'!T$4:T$75,"<"&DATE(2026,3,10)-7,'欠陥詳細_ALL'!V$4:V$75,"") | L7: =SUM(H7:K7)
A8: オンライン | B8: =COUNTBLANK('欠陥詳細_オンライン'!V$4:V$29) | C8: =COUNTIFS('欠陥詳細_オンライン'!I$4:I$29,"<"&DATE(2026,3,10),'欠陥詳細_オンライン'!J$4:J$29,"") | D8: =COUNTIFS('欠陥詳細_オンライン'!N$4:N$29,"<"&DATE(2026,3,10),'欠陥詳細_オンライン'!O$4:O$29,"") | E8: =COUNTIFS('欠陥詳細_オンライン'!P$4:P$29,"有",'欠陥詳細_オンライン'!R$4:R$29,"<"&DATE(2026,3,10),'欠陥詳細_オンライン'!S$4:S$29,"") | F8: =COUNTIFS('欠陥詳細_オンライン'!T$4:T$29,"<"&DATE(2026,3,10),'欠陥詳細_オンライン'!V$4:V$29,"") | G8: =SUM(C8:F8) | H8: =COUNTIFS('欠陥詳細_オンライン'!I$4:I$29,"<"&DATE(2026,3,10)-7,'欠陥詳細_オンライン'!J$4:J$29,"") | I8: =COUNTIFS('欠陥詳細_オンライン'!N$4:N$29,"<"&DATE(2026,3,10)-7,'欠陥詳細_オンライン'!O$4:O$29,"") | J8: =COUNTIFS('欠陥詳細_オンライン'!P$4:P$29,"有",'欠陥詳細_オンライン'!R$4:R$29,"<"&DATE(2026,3,10)-7,'欠陥詳細_オンライン'!S$4:S$29,"") | K8: =COUNTIFS('欠陥詳細_オンライン'!T$4:T$29,"<"&DATE(2026,3,10)-7,'欠陥詳細_オンライン'!V$4:V$29,"") | L8: =SUM(H8:K8)
A9: バッチ | B9: =COUNTBLANK('欠陥詳細_バッチ'!V$4:V$20) | C9: =COUNTIFS('欠陥詳細_バッチ'!I$4:I$20,"<"&DATE(2026,3,10),'欠陥詳細_バッチ'!J$4:J$20,"") | D9: =COUNTIFS('欠陥詳細_バッチ'!N$4:N$20,"<"&DATE(2026,3,10),'欠陥詳細_バッチ'!O$4:O$20,"") | E9: =COUNTIFS('欠陥詳細_バッチ'!P$4:P$20,"有",'欠陥詳細_バッチ'!R$4:R$20,"<"&DATE(2026,3,10),'欠陥詳細_バッチ'!S$4:S$20,"") | F9: =COUNTIFS('欠陥詳細_バッチ'!T$4:T$20,"<"&DATE(2026,3,10),'欠陥詳細_バッチ'!V$4:V$20,"") | G9: =SUM(C9:F9) | H9: =COUNTIFS('欠陥詳細_バッチ'!I$4:I$20,"<"&DATE(2026,3,10)-7,'欠陥詳細_バッチ'!J$4:J$20,"") | I9: =COUNTIFS('欠陥詳細_バッチ'!N$4:N$20,"<"&DATE(2026,3,10)-7,'欠陥詳細_バッチ'!O$4:O$20,"") | J9: =COUNTIFS('欠陥詳細_バッチ'!P$4:P$20,"有",'欠陥詳細_バッチ'!R$4:R$20,"<"&DATE(2026,3,10)-7,'欠陥詳細_バッチ'!S$4:S$20,"") | K9: =COUNTIFS('欠陥詳細_バッチ'!T$4:T$20,"<"&DATE(2026,3,10)-7,'欠陥詳細_バッチ'!V$4:V$20,"") | L9: =SUM(H9:K9)
A10: 基盤 | B10: =COUNTBLANK('欠陥詳細_基盤'!V$4:V$16) | C10: =COUNTIFS('欠陥詳細_基盤'!I$4:I$16,"<"&DATE(2026,3,10),'欠陥詳細_基盤'!J$4:J$16,"") | D10: =COUNTIFS('欠陥詳細_基盤'!N$4:N$16,"<"&DATE(2026,3,10),'欠陥詳細_基盤'!O$4:O$16,"") | E10: =COUNTIFS('欠陥詳細_基盤'!P$4:P$16,"有",'欠陥詳細_基盤'!R$4:R$16,"<"&DATE(2026,3,10),'欠陥詳細_基盤'!S$4:S$16,"") | F10: =COUNTIFS('欠陥詳細_基盤'!T$4:T$16,"<"&DATE(2026,3,10),'欠陥詳細_基盤'!V$4:V$16,"") | G10: =SUM(C10:F10) | H10: =COUNTIFS('欠陥詳細_基盤'!I$4:I$16,"<"&DATE(2026,3,10)-7,'欠陥詳細_基盤'!J$4:J$16,"") | I10: =COUNTIFS('欠陥詳細_基盤'!N$4:N$16,"<"&DATE(2026,3,10)-7,'欠陥詳細_基盤'!O$4:O$16,"") | J10: =COUNTIFS('欠陥詳細_基盤'!P$4:P$16,"有",'欠陥詳細_基盤'!R$4:R$16,"<"&DATE(2026,3,10)-7,'欠陥詳細_基盤'!S$4:S$16,"") | K10: =COUNTIFS('欠陥詳細_基盤'!T$4:T$16,"<"&DATE(2026,3,10)-7,'欠陥詳細_基盤'!V$4:V$16,"") | L10: =SUM(H10:K10)
A11: 運用 | B11: =COUNTBLANK('欠陥詳細_運用'!V$4:V$19) | C11: =COUNTIFS('欠陥詳細_運用'!I$4:I$19,"<"&DATE(2026,3,10),'欠陥詳細_運用'!J$4:J$19,"") | D11: =COUNTIFS('欠陥詳細_運用'!N$4:N$19,"<"&DATE(2026,3,10),'欠陥詳細_運用'!O$4:O$19,"") | E11: =COUNTIFS('欠陥詳細_運用'!P$4:P$19,"有",'欠陥詳細_運用'!R$4:R$19,"<"&DATE(2026,3,10),'欠陥詳細_運用'!S$4:S$19,"") | F11: =COUNTIFS('欠陥詳細_運用'!T$4:T$19,"<"&DATE(2026,3,10),'欠陥詳細_運用'!V$4:V$19,"") | G11: =SUM(C11:F11) | H11: =COUNTIFS('欠陥詳細_運用'!I$4:I$19,"<"&DATE(2026,3,10)-7,'欠陥詳細_運用'!J$4:J$19,"") | I11: =COUNTIFS('欠陥詳細_運用'!N$4:N$19,"<"&DATE(2026,3,10)-7,'欠陥詳細_運用'!O$4:O$19,"") | J11: =COUNTIFS('欠陥詳細_運用'!P$4:P$19,"有",'欠陥詳細_運用'!R$4:R$19,"<"&DATE(2026,3,10)-7,'欠陥詳細_運用'!S$4:S$19,"") | K11: =COUNTIFS('欠陥詳細_運用'!T$4:T$19,"<"&DATE(2026,3,10)-7,'欠陥詳細_運用'!V$4:V$19,"") | L11: =SUM(H11:K11)
A14: 2. 対応状況別欠陥数
A15: チーム | B15: 対応状況 | H15: 合計 | I15: 検出状況
B16: 01:未着手 | C16: 02:調査中 | D16: 03:対応中 | E16: 04:検証中 | F16: 05:完了 | G16: 98:保留 | I16: 新規検出 | J16: 週検出 | K16: 累積検出
A17: 全体 | B17: =COUNTIFS('欠陥詳細_ALL'!C$4:C$75,"01:未着手") | C17: =COUNTIFS('欠陥詳細_ALL'!C$4:C$75,"02:調査中") | D17: =COUNTIFS('欠陥詳細_ALL'!C$4:C$75,"03:対応中") | E17: =COUNTIFS('欠陥詳細_ALL'!C$4:C$75,"04:検証中") | F17: =COUNTIFS('欠陥詳細_ALL'!C$4:C$75,"05:完了") | G17: =COUNTIFS('欠陥詳細_ALL'!C$4:C$75,"98:保留") | H17: =SUM(B17:G17) | I17: =COUNTIFS('欠陥詳細_ALL'!E$4:E$75,">="&WORKDAY('ダッシュボード'!$B$2,-1,'祝日マスタ'!$A$5:$A$500),'欠陥詳細_ALL'!E$4:E$75,"<="&'ダッシュボード'!$B$2) | J17: =COUNTIFS('欠陥詳細_ALL'!E$4:E$75,">="&'ダッシュボード'!$G$2,'欠陥詳細_ALL'!E$4:E$75,"<="&'ダッシュボード'!$I$2) | K17: =COUNTA('欠陥詳細_ALL'!C$4:C$75)
A18: オンライン | B18: =COUNTIFS('欠陥詳細_オンライン'!C$4:C$29,"01:未着手") | C18: =COUNTIFS('欠陥詳細_オンライン'!C$4:C$29,"02:調査中") | D18: =COUNTIFS('欠陥詳細_オンライン'!C$4:C$29,"03:対応中") | E18: =COUNTIFS('欠陥詳細_オンライン'!C$4:C$29,"04:検証中") | F18: =COUNTIFS('欠陥詳細_オンライン'!C$4:C$29,"05:完了") | G18: =COUNTIFS('欠陥詳細_オンライン'!C$4:C$29,"98:保留") | H18: =SUM(B18:G18) | I18: =COUNTIFS('欠陥詳細_オンライン'!E$4:E$29,">="&WORKDAY('ダッシュボード'!$B$2,-1,'祝日マスタ'!$A$5:$A$500),'欠陥詳細_オンライン'!E$4:E$29,"<="&'ダッシュボード'!$B$2) | J18: =COUNTIFS('欠陥詳細_オンライン'!E$4:E$29,">="&'ダッシュボード'!$G$2,'欠陥詳細_オンライン'!E$4:E$29,"<="&'ダッシュボード'!$I$2) | K18: =COUNTA('欠陥詳細_オンライン'!C$4:C$29)
A19: バッチ | B19: =COUNTIFS('欠陥詳細_バッチ'!C$4:C$20,"01:未着手") | C19: =COUNTIFS('欠陥詳細_バッチ'!C$4:C$20,"02:調査中") | D19: =COUNTIFS('欠陥詳細_バッチ'!C$4:C$20,"03:対応中") | E19: =COUNTIFS('欠陥詳細_バッチ'!C$4:C$20,"04:検証中") | F19: =COUNTIFS('欠陥詳細_バッチ'!C$4:C$20,"05:完了") | G19: =COUNTIFS('欠陥詳細_バッチ'!C$4:C$20,"98:保留") | H19: =SUM(B19:G19) | I19: =COUNTIFS('欠陥詳細_バッチ'!E$4:E$20,">="&WORKDAY('ダッシュボード'!$B$2,-1,'祝日マスタ'!$A$5:$A$500),'欠陥詳細_バッチ'!E$4:E$20,"<="&'ダッシュボード'!$B$2) | J19: =COUNTIFS('欠陥詳細_バッチ'!E$4:E$20,">="&'ダッシュボード'!$G$2,'欠陥詳細_バッチ'!E$4:E$20,"<="&'ダッシュボード'!$I$2) | K19: =COUNTA('欠陥詳細_バッチ'!C$4:C$20)
A20: 基盤 | B20: =COUNTIFS('欠陥詳細_基盤'!C$4:C$16,"01:未着手") | C20: =COUNTIFS('欠陥詳細_基盤'!C$4:C$16,"02:調査中") | D20: =COUNTIFS('欠陥詳細_基盤'!C$4:C$16,"03:対応中") | E20: =COUNTIFS('欠陥詳細_基盤'!C$4:C$16,"04:検証中") | F20: =COUNTIFS('欠陥詳細_基盤'!C$4:C$16,"05:完了") | G20: =COUNTIFS('欠陥詳細_基盤'!C$4:C$16,"98:保留") | H20: =SUM(B20:G20) | I20: =COUNTIFS('欠陥詳細_基盤'!E$4:E$16,">="&WORKDAY('ダッシュボード'!$B$2,-1,'祝日マスタ'!$A$5:$A$500),'欠陥詳細_基盤'!E$4:E$16,"<="&'ダッシュボード'!$B$2) | J20: =COUNTIFS('欠陥詳細_基盤'!E$4:E$16,">="&'ダッシュボード'!$G$2,'欠陥詳細_基盤'!E$4:E$16,"<="&'ダッシュボード'!$I$2) | K20: =COUNTA('欠陥詳細_基盤'!C$4:C$16)
A21: 運用 | B21: =COUNTIFS('欠陥詳細_運用'!C$4:C$19,"01:未着手") | C21: =COUNTIFS('欠陥詳細_運用'!C$4:C$19,"02:調査中") | D21: =COUNTIFS('欠陥詳細_運用'!C$4:C$19,"03:対応中") | E21: =COUNTIFS('欠陥詳細_運用'!C$4:C$19,"04:検証中") | F21: =COUNTIFS('欠陥詳細_運用'!C$4:C$19,"05:完了") | G21: =COUNTIFS('欠陥詳細_運用'!C$4:C$19,"98:保留") | H21: =SUM(B21:G21) | I21: =COUNTIFS('欠陥詳細_運用'!E$4:E$19,">="&WORKDAY('ダッシュボード'!$B$2,-1,'祝日マスタ'!$A$5:$A$500),'欠陥詳細_運用'!E$4:E$19,"<="&'ダッシュボード'!$B$2) | J21: =COUNTIFS('欠陥詳細_運用'!E$4:E$19,">="&'ダッシュボード'!$G$2,'欠陥詳細_運用'!E$4:E$19,"<="&'ダッシュボード'!$I$2) | K21: =COUNTA('欠陥詳細_運用'!C$4:C$19)
A24: 3. 緊急度別欠陥数
A25: チーム | B25: 緊急度 | E25: 合計
B26: 中 | C26: 低 | D26: 高
A27: 全体 | B27: =COUNTIFS('欠陥詳細_ALL'!G$4:G$75,"中") | C27: =COUNTIFS('欠陥詳細_ALL'!G$4:G$75,"低") | D27: =COUNTIFS('欠陥詳細_ALL'!G$4:G$75,"高") | E27: =SUM(B27:D27)
A28: オンライン | B28: =COUNTIFS('欠陥詳細_オンライン'!G$4:G$29,"中") | C28: =COUNTIFS('欠陥詳細_オンライン'!G$4:G$29,"低") | D28: =COUNTIFS('欠陥詳細_オンライン'!G$4:G$29,"高") | E28: =SUM(B28:D28)
A29: バッチ | B29: =COUNTIFS('欠陥詳細_バッチ'!G$4:G$20,"中") | C29: =COUNTIFS('欠陥詳細_バッチ'!G$4:G$20,"低") | D29: =COUNTIFS('欠陥詳細_バッチ'!G$4:G$20,"高") | E29: =SUM(B29:D29)
A30: 基盤 | B30: =COUNTIFS('欠陥詳細_基盤'!G$4:G$16,"中") | C30: =COUNTIFS('欠陥詳細_基盤'!G$4:G$16,"低") | D30: =COUNTIFS('欠陥詳細_基盤'!G$4:G$16,"高") | E30: =SUM(B30:D30)
A31: 運用 | B31: =COUNTIFS('欠陥詳細_運用'!G$4:G$19,"中") | C31: =COUNTIFS('欠陥詳細_運用'!G$4:G$19,"低") | D31: =COUNTIFS('欠陥詳細_運用'!G$4:G$19,"高") | E31: =SUM(B31:D31)
A34: 4. 業務機能分類
A35: 業務機能分類 | B35: チーム別件数
B36: 全体 | C36: オンライン | D36: バッチ | E36: 基盤 | F36: 運用
A37: 01_委託者登録 | B37: =COUNTIFS('欠陥詳細_ALL'!F$4:F$75,"01_委託者登録") | C37: =COUNTIFS('欠陥詳細_オンライン'!F$4:F$29,"01_委託者登録") | D37: =COUNTIFS('欠陥詳細_バッチ'!F$4:F$20,"01_委託者登録") | E37: =COUNTIFS('欠陥詳細_基盤'!F$4:F$16,"01_委託者登録") | F37: =COUNTIFS('欠陥詳細_運用'!F$4:F$19,"01_委託者登録")
A38: 02_受付 | B38: =COUNTIFS('欠陥詳細_ALL'!F$4:F$75,"02_受付") | C38: =COUNTIFS('欠陥詳細_オンライン'!F$4:F$29,"02_受付") | D38: =COUNTIFS('欠陥詳細_バッチ'!F$4:F$20,"02_受付") | E38: =COUNTIFS('欠陥詳細_基盤'!F$4:F$16,"02_受付") | F38: =COUNTIFS('欠陥詳細_運用'!F$4:F$19,"02_受付")
A39: 03_請求 | B39: =COUNTIFS('欠陥詳細_ALL'!F$4:F$75,"03_請求") | C39: =COUNTIFS('欠陥詳細_オンライン'!F$4:F$29,"03_請求") | D39: =COUNTIFS('欠陥詳細_バッチ'!F$4:F$20,"03_請求") | E39: =COUNTIFS('欠陥詳細_基盤'!F$4:F$16,"03_請求") | F39: =COUNTIFS('欠陥詳細_運用'!F$4:F$19,"03_請求")
A40: 04_欠陥・返戻 | B40: =COUNTIFS('欠陥詳細_ALL'!F$4:F$75,"04_欠陥・返戻") | C40: =COUNTIFS('欠陥詳細_オンライン'!F$4:F$29,"04_欠陥・返戻") | D40: =COUNTIFS('欠陥詳細_バッチ'!F$4:F$20,"04_欠陥・返戻") | E40: =COUNTIFS('欠陥詳細_基盤'!F$4:F$16,"04_欠陥・返戻") | F40: =COUNTIFS('欠陥詳細_運用'!F$4:F$19,"04_欠陥・返戻")
A41: 05_清算 | B41: =COUNTIFS('欠陥詳細_ALL'!F$4:F$75,"05_清算") | C41: =COUNTIFS('欠陥詳細_オンライン'!F$4:F$29,"05_清算") | D41: =COUNTIFS('欠陥詳細_バッチ'!F$4:F$20,"05_清算") | E41: =COUNTIFS('欠陥詳細_基盤'!F$4:F$16,"05_清算") | F41: =COUNTIFS('欠陥詳細_運用'!F$4:F$19,"05_清算")
A42: 06_受入準備 | B42: =COUNTIFS('欠陥詳細_ALL'!F$4:F$75,"06_受入準備") | C42: =COUNTIFS('欠陥詳細_オンライン'!F$4:F$29,"06_受入準備") | D42: =COUNTIFS('欠陥詳細_バッチ'!F$4:F$20,"06_受入準備") | E42: =COUNTIFS('欠陥詳細_基盤'!F$4:F$16,"06_受入準備") | F42: =COUNTIFS('欠陥詳細_運用'!F$4:F$19,"06_受入準備")
A43: 07_口振契約受付 | B43: =COUNTIFS('欠陥詳細_ALL'!F$4:F$75,"07_口振契約受付") | C43: =COUNTIFS('欠陥詳細_オンライン'!F$4:F$29,"07_口振契約受付") | D43: =COUNTIFS('欠陥詳細_バッチ'!F$4:F$20,"07_口振契約受付") | E43: =COUNTIFS('欠陥詳細_基盤'!F$4:F$16,"07_口振契約受付") | F43: =COUNTIFS('欠陥詳細_運用'!F$4:F$19,"07_口振契約受付")
A44: 08_事務支(変更通知) | B44: =COUNTIFS('欠陥詳細_ALL'!F$4:F$75,"08_事務支(変更通知)") | C44: =COUNTIFS('欠陥詳細_オンライン'!F$4:F$29,"08_事務支(変更通知)") | D44: =COUNTIFS('欠陥詳細_バッチ'!F$4:F$20,"08_事務支(変更通知)") | E44: =COUNTIFS('欠陥詳細_基盤'!F$4:F$16,"08_事務支(変更通知)") | F44: =COUNTIFS('欠陥詳細_運用'!F$4:F$19,"08_事務支(変更通知)")
A45: 09_事務支(その他) | B45: =COUNTIFS('欠陥詳細_ALL'!F$4:F$75,"09_事務支(その他)") | C45: =COUNTIFS('欠陥詳細_オンライン'!F$4:F$29,"09_事務支(その他)") | D45: =COUNTIFS('欠陥詳細_バッチ'!F$4:F$20,"09_事務支(その他)") | E45: =COUNTIFS('欠陥詳細_基盤'!F$4:F$16,"09_事務支(その他)") | F45: =COUNTIFS('欠陥詳細_運用'!F$4:F$19,"09_事務支(その他)")
A46: 10_共通 | B46: =COUNTIFS('欠陥詳細_ALL'!F$4:F$75,"10_共通") | C46: =COUNTIFS('欠陥詳細_オンライン'!F$4:F$29,"10_共通") | D46: =COUNTIFS('欠陥詳細_バッチ'!F$4:F$20,"10_共通") | E46: =COUNTIFS('欠陥詳細_基盤'!F$4:F$16,"10_共通") | F46: =COUNTIFS('欠陥詳細_運用'!F$4:F$19,"10_共通")
A47: 20_移行 | B47: =COUNTIFS('欠陥詳細_ALL'!F$4:F$75,"20_移行") | C47: =COUNTIFS('欠陥詳細_オンライン'!F$4:F$29,"20_移行") | D47: =COUNTIFS('欠陥詳細_バッチ'!F$4:F$20,"20_移行") | E47: =COUNTIFS('欠陥詳細_基盤'!F$4:F$16,"20_移行") | F47: =COUNTIFS('欠陥詳細_運用'!F$4:F$19,"20_移行")
A48: 30_運用 | B48: =COUNTIFS('欠陥詳細_ALL'!F$4:F$75,"30_運用") | C48: =COUNTIFS('欠陥詳細_オンライン'!F$4:F$29,"30_運用") | D48: =COUNTIFS('欠陥詳細_バッチ'!F$4:F$20,"30_運用") | E48: =COUNTIFS('欠陥詳細_基盤'!F$4:F$16,"30_運用") | F48: =COUNTIFS('欠陥詳細_運用'!F$4:F$19,"30_運用")
A49: 40_基盤 | B49: =COUNTIFS('欠陥詳細_ALL'!F$4:F$75,"40_基盤") | C49: =COUNTIFS('欠陥詳細_オンライン'!F$4:F$29,"40_基盤") | D49: =COUNTIFS('欠陥詳細_バッチ'!F$4:F$20,"40_基盤") | E49: =COUNTIFS('欠陥詳細_基盤'!F$4:F$16,"40_基盤") | F49: =COUNTIFS('欠陥詳細_運用'!F$4:F$19,"40_基盤")
A50: 合計 | B50: =SUM(B37:B49) | C50: =SUM(C37:C49) | D50: =SUM(D37:D49) | E50: =SUM(E37:E49) | F50: =SUM(F37:F49)
A177: 5. 欠陥原因（深層）
A178: 欠陥原因 | B178: チーム別件数
B179: 全体 | C179: オンライン | D179: バッチ | E179: 基盤 | F179: 運用
A180: プロセス不備 | B180: =COUNTIFS('欠陥詳細_ALL'!K$4:K$75,"プロセス不備") | C180: =COUNTIFS('欠陥詳細_オンライン'!K$4:K$29,"プロセス不備") | D180: =COUNTIFS('欠陥詳細_バッチ'!K$4:K$20,"プロセス不備") | E180: =COUNTIFS('欠陥詳細_基盤'!K$4:K$16,"プロセス不備") | F180: =COUNTIFS('欠陥詳細_運用'!K$4:K$19,"プロセス不備")
A181: 外的要因 | B181: =COUNTIFS('欠陥詳細_ALL'!K$4:K$75,"外的要因") | C181: =COUNTIFS('欠陥詳細_オンライン'!K$4:K$29,"外的要因") | D181: =COUNTIFS('欠陥詳細_バッチ'!K$4:K$20,"外的要因") | E181: =COUNTIFS('欠陥詳細_基盤'!K$4:K$16,"外的要因") | F181: =COUNTIFS('欠陥詳細_運用'!K$4:K$19,"外的要因")
A182: 影響範囲調査不足 | B182: =COUNTIFS('欠陥詳細_ALL'!K$4:K$75,"影響範囲調査不足") | C182: =COUNTIFS('欠陥詳細_オンライン'!K$4:K$29,"影響範囲調査不足") | D182: =COUNTIFS('欠陥詳細_バッチ'!K$4:K$20,"影響範囲調査不足") | E182: =COUNTIFS('欠陥詳細_基盤'!K$4:K$16,"影響範囲調査不足") | F182: =COUNTIFS('欠陥詳細_運用'!K$4:K$19,"影響範囲調査不足")
A183: 情報共有不足 | B183: =COUNTIFS('欠陥詳細_ALL'!K$4:K$75,"情報共有不足") | C183: =COUNTIFS('欠陥詳細_オンライン'!K$4:K$29,"情報共有不足") | D183: =COUNTIFS('欠陥詳細_バッチ'!K$4:K$20,"情報共有不足") | E183: =COUNTIFS('欠陥詳細_基盤'!K$4:K$16,"情報共有不足") | F183: =COUNTIFS('欠陥詳細_運用'!K$4:K$19,"情報共有不足")
A184: 技術力不足 | B184: =COUNTIFS('欠陥詳細_ALL'!K$4:K$75,"技術力不足") | C184: =COUNTIFS('欠陥詳細_オンライン'!K$4:K$29,"技術力不足") | D184: =COUNTIFS('欠陥詳細_バッチ'!K$4:K$20,"技術力不足") | E184: =COUNTIFS('欠陥詳細_基盤'!K$4:K$16,"技術力不足") | F184: =COUNTIFS('欠陥詳細_運用'!K$4:K$19,"技術力不足")
A185: 未知 | B185: =COUNTIFS('欠陥詳細_ALL'!K$4:K$75,"未知") | C185: =COUNTIFS('欠陥詳細_オンライン'!K$4:K$29,"未知") | D185: =COUNTIFS('欠陥詳細_バッチ'!K$4:K$20,"未知") | E185: =COUNTIFS('欠陥詳細_基盤'!K$4:K$16,"未知") | F185: =COUNTIFS('欠陥詳細_運用'!K$4:K$19,"未知")
A186: 業務/仕様理解不足 | B186: =COUNTIFS('欠陥詳細_ALL'!K$4:K$75,"業務/仕様理解不足") | C186: =COUNTIFS('欠陥詳細_オンライン'!K$4:K$29,"業務/仕様理解不足") | D186: =COUNTIFS('欠陥詳細_バッチ'!K$4:K$20,"業務/仕様理解不足") | E186: =COUNTIFS('欠陥詳細_基盤'!K$4:K$16,"業務/仕様理解不足") | F186: =COUNTIFS('欠陥詳細_運用'!K$4:K$19,"業務/仕様理解不足")
A187: 注意不足 | B187: =COUNTIFS('欠陥詳細_ALL'!K$4:K$75,"注意不足") | C187: =COUNTIFS('欠陥詳細_オンライン'!K$4:K$29,"注意不足") | D187: =COUNTIFS('欠陥詳細_バッチ'!K$4:K$20,"注意不足") | E187: =COUNTIFS('欠陥詳細_基盤'!K$4:K$16,"注意不足") | F187: =COUNTIFS('欠陥詳細_運用'!K$4:K$19,"注意不足")
A188: 考慮不足 | B188: =COUNTIFS('欠陥詳細_ALL'!K$4:K$75,"考慮不足") | C188: =COUNTIFS('欠陥詳細_オンライン'!K$4:K$29,"考慮不足") | D188: =COUNTIFS('欠陥詳細_バッチ'!K$4:K$20,"考慮不足") | E188: =COUNTIFS('欠陥詳細_基盤'!K$4:K$16,"考慮不足") | F188: =COUNTIFS('欠陥詳細_運用'!K$4:K$19,"考慮不足")
A189: 非欠陥 | B189: =COUNTIFS('欠陥詳細_ALL'!K$4:K$75,"非欠陥") | C189: =COUNTIFS('欠陥詳細_オンライン'!K$4:K$29,"非欠陥") | D189: =COUNTIFS('欠陥詳細_バッチ'!K$4:K$20,"非欠陥") | E189: =COUNTIFS('欠陥詳細_基盤'!K$4:K$16,"非欠陥") | F189: =COUNTIFS('欠陥詳細_運用'!K$4:K$19,"非欠陥")
A190: 合計 | B190: =SUM(B180:B189) | C190: =SUM(C180:C189) | D190: =SUM(D180:D189) | E190: =SUM(E180:E189) | F190: =SUM(F180:F189)

Sheet 要対応一覧
A1: 要対応一覧（61件）
A2: 基準日: 2026/03/10
A4: ■ 遅延サマリー
A5: 項目 | B5: 遅延件数
A6: 実施者_遅延 | B6: =COUNTIF(明細!$H$5:$H$363,"遅延")
A7: 検証者_遅延 | B7: =COUNTIF(明細!$K$5:$K$363,"遅延")
A9: ■ 遅延一覧
A10: No. | B10: チーム名 | C10: シート名 | D10: テストID | E10: 実施予定 | F10: 実施実績 | G10: 検証予定 | H10: 検証実績
A11: 1 | B11: バッチ | C11: ITB-002_在庫更新 | D11: ITB-002_在庫更新-002 | E11: 2026/01/14 | F11: 2026/01/16 | G11: 2026/01/16 | H11: 未完了
A12: 2 | B12: バッチ | C12: ITB-002_在庫更新 | D12: ITB-002_在庫更新-003 | E12: 2026/02/10 | F12: 未完了 | G12: 2026/02/13 | H12: 未完了
A13: 3 | B13: バッチ | C13: ITB-002_在庫更新 | D13: ITB-002_在庫更新-004 | E13: 2026/03/04 | F13: 2026/03/06 | G13: 2026/03/06 | H13: 未完了
A14: 4 | B14: バッチ | C14: ITB-003_レポート生成 | D14: ITB-003_レポート生成-004 | E14: 2026/02/28 | F14: 2026/02/26 | G14: 2026/03/02 | H14: 未完了
A15: 5 | B15: バッチ | C15: ITB-001_月次締め | D15: ITB-001_月次締め-002 | E15: 2025/12/24 | F15: 2025/12/27 | G15: 2025/12/25 | H15: 未完了
A16: 6 | B16: バッチ | C16: ITB-001_月次締め | D16: ITB-001_月次締め-003 | E16: 2026/01/06 | F16: 2026/01/05 | G16: 2026/01/08 | H16: 未完了
A17: 7 | B17: バッチ | C17: ITB-001_月次締め | D17: ITB-001_月次締め-004 | E17: 2026/01/17 | F17: 2026/01/16 | G17: 2026/01/21 | H17: 未完了
A18: 8 | B18: バッチ | C18: ITB-001_月次締め | D18: ITB-001_月次締め-008 | E18: 2026/03/10 | F18: 未完了 | G18: 2026/03/14 | H18: 未完了
A19: 9 | B19: バッチ | C19: ITB-002_請求書発行 | D19: ITB-002_請求書発行-002 | E19: 2025/12/26 | F19: 2025/12/29 | G19: 2025/12/29 | H19: 未完了
A20: 10 | B20: バッチ | C20: ITB-002_請求書発行 | D20: ITB-002_請求書発行-008 | E20: 2026/03/10 | F20: 未完了 | G20: 2026/03/13 | H20: 未完了
A21: 11 | B21: バッチ | C21: ITB-001_外部システム連携 | D21: ITB-001_外部システム連携-003 | E21: 2026/01/20 | F21: 2026/01/20 | G21: 2026/01/24 | H21: 未完了
A22: 12 | B22: バッチ | C22: ITB-001_外部システム連携 | D22: ITB-001_外部システム連携-005 | E22: 2026/03/02 | F22: 2026/03/02 | G22: 2026/03/07 | H22: 未完了
... A71: 61 | B71: 基盤 | C71: ITB-003_監査ログ | D71: ITB-003_監査ログ-004 | E71: 2026/03/02 | F71: 2026/03/04 | G71: 2026/03/07 | H71: 未完了

Sheet 進捗サマリー_ALL
A1: テスト進捗サマリー（全体）
A2: 集計期間: 2025/12/07 ～ 2026/06/10 (186日間) | R2: 基準日: | S2: =ダッシュボード!$B$2
A3: 共通 | D3: 実施 | K3: 検証 | R3: 合計
A4: 日付 | B4: 曜 | C4: 営業日 | D4: 予定 | E4: 実績 | F4: 消化率 | G4: 予定累計 | H4: 実績累計 | I4: 累計消化率 | J4: 判定 | K4: 予定 | L4: 実績 | M4: 消化率 | N4: 予定累計 | O4: 実績累計 | P4: 累計消化率 | Q4: 判定 | R4: 予定 | S4: 実績
A5: 合計 | D5: =SUM(D6:D191) | E5: =SUM(E6:E191) | F5: =IF(D5=0,0,E5/D5) | G5: =D5 | H5: =E5 | I5: =IF(G5=0,"",H5/G5) | J5: =IF(I5>=1,"完了",IF(H5>=G5,"順調","遅延")) | K5: =SUM(K6:K191) | L5: =SUM(L6:L191) | M5: =IF(K5=0,0,L5/K5) | N5: =K5 | O5: =L5 | P5: =IF(N5=0,"",O5/N5) | Q5: =IF(P5>=1,"完了",IF(O5>=N5,"順調","遅延")) | R5: =D5+K5 | S5: =E5+L5
A6: 45998 | B6: =CHOOSE(WEEKDAY(A6,2),"月","火","水","木","金","土","日") | C6: =IF(OR(WEEKDAY(A6,2)>=6,COUNTIF(祝日マスタ!$A:$A,A6)>0),"非営業日","営業日") | D6: =COUNTIFS(明細!$F$5:$F$363,A6) | E6: =COUNTIFS(明細!$G$5:$G$363,A6) | F6: =IF(D6=0,0,E6/D6) | G6: =SUM($D$6:D6) | H6: =SUM($E$6:E6) | I6: =IF(G6=0,"",H6/G6) | J6: =IF(A6>$S$2,"予定",IF(G6=0,"－",IF(I6>=1,"完了",IF(H6>=G6,"順調","遅延")))) | K6: =COUNTIFS(明細!$I$5:$I$363,A6) | L6: =COUNTIFS(明細!$J$5:$J$363,A6) | M6: =IF(K6=0,0,L6/K6) | N6: =SUM($K$6:K6) | O6: =SUM($L$6:L6) | P6: =IF(N6=0,"",O6/N6) | Q6: =IF(A6>$S$2,"予定",IF(N6=0,"－",IF(P6>=1,"完了",IF(O6>=N6,"順調","遅延")))) | R6: =D6+K6 | S6: =E6+L6
A7: 45999 | B7: =CHOOSE(WEEKDAY(A7,2),"月","火","水","木","金","土","日") | C7: =IF(OR(WEEKDAY(A7,2)>=6,COUNTIF(祝日マスタ!$A:$A,A7)>0),"非営業日","営業日") | D7: =COUNTIFS(明細!$F$5:$F$363,A7) | E7: =COUNTIFS(明細!$G$5:$G$363,A7) | F7: =IF(D7=0,0,E7/D7) | G7: =SUM($D$6:D7) | H7: =SUM($E$6:E7) | I7: =IF(G7=0,"",H7/G7) | J7: =IF(A7>$S$2,"予定",IF(G7=0,"－",IF(I7>=1,"完了",IF(H7>=G7,"順調","遅延")))) | K7: =COUNTIFS(明細!$I$5:$I$363,A7) | L7: =COUNTIFS(明細!$J$5:$J$363,A7) | M7: =IF(K7=0,0,L7/K7) | N7: =SUM($K$6:K7) | O7: =SUM($L$6:L7) | P7: =IF(N7=0,"",O7/N7) | Q7: =IF(A7>$S$2,"予定",IF(N7=0,"－",IF(P7>=1,"完了",IF(O7>=N7,"順調","遅延")))) | R7: =D7+K7 | S7: =E7+L7
A8: 46000 | B8: =CHOOSE(WEEKDAY(A8,2),"月","火","水","木","金","土","日") | C8: =IF(OR(WEEKDAY(A8,2)>=6,COUNTIF(祝日マスタ!$A:$A,A8)>0),"非営業日","営業日") | D8: =COUNTIFS(明細!$F$5:$F$363,A8) | E8: =COUNTIFS(明細!$G$5:$G$363,A8) | F8: =IF(D8=0,0,E8/D8) | G8: =SUM($D$6:D8) | H8: =SUM($E$6:E8) | I8: =IF(G8=0,"",H8/G8) | J8: =IF(A8>$S$2,"予定",IF(G8=0,"－",IF(I8>=1,"完了",IF(H8>=G8,"順調","遅延")))) | K8: =COUNTIFS(明細!$I$5:$I$363,A8) | L8: =COUNTIFS(明細!$J$5:$J$363,A8) | M8: =IF(K8=0,0,L8/K8) | N8: =SUM($K$6:K8) | O8: =SUM($L$6:L8) | P8: =IF(N8=0,"",O8/N8) | Q8: =IF(A8>$S$2,"予定",IF(N8=0,"－",IF(P8>=1,"完了",IF(O8>=N8,"順調","遅延")))) | R8: =D8+K8 | S8: =E8+L8
A9: 46001 | B9: =CHOOSE(WEEKDAY(A9,2),"月","火","水","木","金","土","日") | C9: =IF(OR(WEEKDAY(A9,2)>=6,COUNTIF(祝日マスタ!$A:$A,A9)>0),"非営業日","営業日") | D9: =COUNTIFS(明細!$F$5:$F$363,A9) | E9: =COUNTIFS(明細!$G$5:$G$363,A9) | F9: =IF(D9=0,0,E9/D9) | G9: =SUM($D$6:D9) | H9: =SUM($E$6:E9) | I9: =IF(G9=0,"",H9/G9) | J9: =IF(A9>$S$2,"予定",IF(G9=0,"－",IF(I9>=1,"完了",IF(H9>=G9,"順調","遅延")))) | K9: =COUNTIFS(明細!$I$5:$I$363,A9) | L9: =COUNTIFS(明細!$J$5:$J$363,A9) | M9: =IF(K9=0,0,L9/K9) | N9: =SUM($K$6:K9) | O9: =SUM($L$6:L9) | P9: =IF(N9=0,"",O9/N9) | Q9: =IF(A9>$S$2,"予定",IF(N9=0,"－",IF(P9>=1,"完了",IF(O9>=N9,"順調","遅延")))) | R9: =D9+K9 | S9: =E9+L9
A10: 46002 | B10: =CHOOSE(WEEKDAY(A10,2),"月","火","水","木","金","土","日") | C10: =IF(OR(WEEKDAY(A10,2)>=6,COUNTIF(祝日マスタ!$A:$A,A10)>0),"非営業日","営業日") | D10: =COUNTIFS(明細!$F$5:$F$363,A10) | E10: =COUNTIFS(明細!$G$5:$G$363,A10) | F10: =IF(D10=0,0,E10/D10) | G10: =SUM($D$6:D10) | H10: =SUM($E$6:E10) | I10: =IF(G10=0,"",H10/G10) | J10: =IF(A10>$S$2,"予定",IF(G10=0,"－",IF(I10>=1,"完了",IF(H10>=G10,"順調","遅延")))) | K10: =COUNTIFS(明細!$I$5:$I$363,A10) | L10: =COUNTIFS(明細!$J$5:$J$363,A10) | M10: =IF(K10=0,0,L10/K10) | N10: =SUM($K$6:K10) | O10: =SUM($L$6:L10) | P10: =IF(N10=0,"",O10/N10) | Q10: =IF(A10>$S$2,"予定",IF(N10=0,"－",IF(P10>=1,"完了",IF(O10>=N10,"順調","遅延")))) | R10: =D10+K10 | S10: =E10+L10
A11: 46003 | B11: =CHOOSE(WEEKDAY(A11,2),"月","火","水","木","金","土","日") | C11: =IF(OR(WEEKDAY(A11,2)>=6,COUNTIF(祝日マスタ!$A:$A,A11)>0),"非営業日","営業日") | D11: =COUNTIFS(明細!$F$5:$F$363,A11) | E11: =COUNTIFS(明細!$G$5:$G$363,A11) | F11: =IF(D11=0,0,E11/D11) | G11: =SUM($D$6:D11) | H11: =SUM($E$6:E11) | I11: =IF(G11=0,"",H11/G11) | J11: =IF(A11>$S$2,"予定",IF(G11=0,"－",IF(I11>=1,"完了",IF(H11>=G11,"順調","遅延")))) | K11: =COUNTIFS(明細!$I$5:$I$363,A11) | L11: =COUNTIFS(明細!$J$5:$J$363,A11) | M11: =IF(K11=0,0,L11/K11) | N11: =SUM($K$6:K11) | O11: =SUM($L$6:L11) | P11: =IF(N11=0,"",O11/N11) | Q11: =IF(A11>$S$2,"予定",IF(N11=0,"－",IF(P11>=1,"完了",IF(O11>=N11,"順調","遅延")))) | R11: =D11+K11 | S11: =E11+L11
A12: 46004 | B12: =CHOOSE(WEEKDAY(A12,2),"月","火","水","木","金","土","日") | C12: =IF(OR(WEEKDAY(A12,2)>=6,COUNTIF(祝日マスタ!$A:$A,A12)>0),"非営業日","営業日") | D12: =COUNTIFS(明細!$F$5:$F$363,A12) | E12: =COUNTIFS(明細!$G$5:$G$363,A12) | F12: =IF(D12=0,0,E12/D12) | G12: =SUM($D$6:D12) | H12: =SUM($E$6:E12) | I12: =IF(G12=0,"",H12/G12) | J12: =IF(A12>$S$2,"予定",IF(G12=0,"－",IF(I12>=1,"完了",IF(H12>=G12,"順調","遅延")))) | K12: =COUNTIFS(明細!$I$5:$I$363,A12) | L12: =COUNTIFS(明細!$J$5:$J$363,A12) | M12: =IF(K12=0,0,L12/K12) | N12: =SUM($K$6:K12) | O12: =SUM($L$6:L12) | P12: =IF(N12=0,"",O12/N12) | Q12: =IF(A12>$S$2,"予定",IF(N12=0,"－",IF(P12>=1,"完了",IF(O12>=N12,"順調","遅延")))) | R12: =D12+K12 | S12: =E12+L12
A13: 46005 | B13: =CHOOSE(WEEKDAY(A13,2),"月","火","水","木","金","土","日") | C13: =IF(OR(WEEKDAY(A13,2)>=6,COUNTIF(祝日マスタ!$A:$A,A13)>0),"非営業日","営業日") | D13: =COUNTIFS(明細!$F$5:$F$363,A13) | E13: =COUNTIFS(明細!$G$5:$G$363,A13) | F13: =IF(D13=0,0,E13/D13) | G13: =SUM($D$6:D13) | H13: =SUM($E$6:E13) | I13: =IF(G13=0,"",H13/G13) | J13: =IF(A13>$S$2,"予定",IF(G13=0,"－",IF(I13>=1,"完了",IF(H13>=G13,"順調","遅延")))) | K13: =COUNTIFS(明細!$I$5:$I$363,A13) | L13: =COUNTIFS(明細!$J$5:$J$363,A13) | M13: =IF(K13=0,0,L13/K13) | N13: =SUM($K$6:K13) | O13: =SUM($L$6:L13) | P13: =IF(N13=0,"",O13/N13) | Q13: =IF(A13>$S$2,"予定",IF(N13=0,"－",IF(P13>=1,"完了",IF(O13>=N13,"順調","遅延")))) | R13: =D13+K13 | S13: =E13+L13
A14: 46006 | B14: =CHOOSE(WEEKDAY(A14,2),"月","火","水","木","金","土","日") | C14: =IF(OR(WEEKDAY(A14,2)>=6,COUNTIF(祝日マスタ!$A:$A,A14)>0),"非営業日","営業日") | D14: =COUNTIFS(明細!$F$5:$F$363,A14) | E14: =COUNTIFS(明細!$G$5:$G$363,A14) | F14: =IF(D14=0,0,E14/D14) | G14: =SUM($D$6:D14) | H14: =SUM($E$6:E14) | I14: =IF(G14=0,"",H14/G14) | J14: =IF(A14>$S$2,"予定",IF(G14=0,"－",IF(I14>=1,"完了",IF(H14>=G14,"順調","遅延")))) | K14: =COUNTIFS(明細!$I$5:$I$363,A14) | L14: =COUNTIFS(明細!$J$5:$J$363,A14) | M14: =IF(K14=0,0,L14/K14) | N14: =SUM($K$6:K14) | O14: =SUM($L$6:L14) | P14: =IF(N14=0,"",O14/N14) | Q14: =IF(A14>$S$2,"予定",IF(N14=0,"－",IF(P14>=1,"完了",IF(O14>=N14,"順調","遅延")))) | R14: =D14+K14 | S14: =E14+L14
A15: 46007 | B15: =CHOOSE(WEEKDAY(A15,2),"月","火","水","木","金","土","日") | C15: =IF(OR(WEEKDAY(A15,2)>=6,COUNTIF(祝日マスタ!$A:$A,A15)>0),"非営業日","営業日") | D15: =COUNTIFS(明細!$F$5:$F$363,A15) | E15: =COUNTIFS(明細!$G$5:$G$363,A15) | F15: =IF(D15=0,0,E15/D15) | G15: =SUM($D$6:D15) | H15: =SUM($E$6:E15) | I15: =IF(G15=0,"",H15/G15) | J15: =IF(A15>$S$2,"予定",IF(G15=0,"－",IF(I15>=1,"完了",IF(H15>=G15,"順調","遅延")))) | K15: =COUNTIFS(明細!$I$5:$I$363,A15) | L15: =COUNTIFS(明細!$J$5:$J$363,A15) | M15: =IF(K15=0,0,L15/K15) | N15: =SUM($K$6:K15) | O15: =SUM($L$6:L15) | P15: =IF(N15=0,"",O15/N15) | Q15: =IF(A15>$S$2,"予定",IF(N15=0,"－",IF(P15>=1,"完了",IF(O15>=N15,"順調","遅延")))) | R15: =D15+K15 | S15: =E15+L15
A16: 46008 | B16: =CHOOSE(WEEKDAY(A16,2),"月","火","水","木","金","土","日") | C16: =IF(OR(WEEKDAY(A16,2)>=6,COUNTIF(祝日マスタ!$A:$A,A16)>0),"非営業日","営業日") | D16: =COUNTIFS(明細!$F$5:$F$363,A16) | E16: =COUNTIFS(明細!$G$5:$G$363,A16) | F16: =IF(D16=0,0,E16/D16) | G16: =SUM($D$6:D16) | H16: =SUM($E$6:E16) | I16: =IF(G16=0,"",H16/G16) | J16: =IF(A16>$S$2,"予定",IF(G16=0,"－",IF(I16>=1,"完了",IF(H16>=G16,"順調","遅延")))) | K16: =COUNTIFS(明細!$I$5:$I$363,A16) | L16: =COUNTIFS(明細!$J$5:$J$363,A16) | M16: =IF(K16=0,0,L16/K16) | N16: =SUM($K$6:K16) | O16: =SUM($L$6:L16) | P16: =IF(N16=0,"",O16/N16) | Q16: =IF(A16>$S$2,"予定",IF(N16=0,"－",IF(P16>=1,"完了",IF(O16>=N16,"順調","遅延")))) | R16: =D16+K16 | S16: =E16+L16
A17: 46009 | B17: =CHOOSE(WEEKDAY(A17,2),"月","火","水","木","金","土","日") | C17: =IF(OR(WEEKDAY(A17,2)>=6,COUNTIF(祝日マスタ!$A:$A,A17)>0),"非営業日","営業日") | D17: =COUNTIFS(明細!$F$5:$F$363,A17) | E17: =COUNTIFS(明細!$G$5:$G$363,A17) | F17: =IF(D17=0,0,E17/D17) | G17: =SUM($D$6:D17) | H17: =SUM($E$6:E17) | I17: =IF(G17=0,"",H17/G17) | J17: =IF(A17>$S$2,"予定",IF(G17=0,"－",IF(I17>=1,"完了",IF(H17>=G17,"順調","遅延")))) | K17: =COUNTIFS(明細!$I$5:$I$363,A17) | L17: =COUNTIFS(明細!$J$5:$J$363,A17) | M17: =IF(K17=0,0,L17/K17) | N17: =SUM($K$6:K17) | O17: =SUM($L$6:L17) | P17: =IF(N17=0,"",O17/N17) | Q17: =IF(A17>$S$2,"予定",IF(N17=0,"－",IF(P17>=1,"完了",IF(O17>=N17,"順調","遅延")))) | R17: =D17+K17 | S17: =E17+L17
... A191: 46183 | B191: =CHOOSE(WEEKDAY(A191,2),"月","火","水","木","金","土","日") | C191: =IF(OR(WEEKDAY(A191,2)>=6,COUNTIF(祝日マスタ!$A:$A,A191)>0),"非営業日","営業日") | D191: =COUNTIFS(明細!$F$5:$F$363,A191) | E191: =COUNTIFS(明細!$G$5:$G$363,A191) | F191: =IF(D191=0,0,E191/D191) | G191: =SUM($D$6:D191) | H191: =SUM($E$6:E191) | I191: =IF(G191=0,"",H191/G191) | J191: =IF(A191>$S$2,"予定",IF(G191=0,"－",IF(I191>=1,"完了",IF(H191>=G191,"順調","遅延")))) | K191: =COUNTIFS(明細!$I$5:$I$363,A191) | L191: =COUNTIFS(明細!$J$5:$J$363,A191) | M191: =IF(K191=0,0,L191/K191) | N191: =SUM($K$6:K191) | O191: =SUM($L$6:L191) | P191: =IF(N191=0,"",O191/N191) | Q191: =IF(A191>$S$2,"予定",IF(N191=0,"－",IF(P191>=1,"完了",IF(O191>=N191,"順調","遅延")))) | R191: =D191+K191 | S191: =E191+L191

Sheet 進捗サマリー_その他
A1: テスト進捗サマリー（その他）
A2: 集計期間: 2025/12/23 ～ 2026/06/06 (166日間) | R2: 基準日: | S2: =ダッシュボード!$B$2
A3: 共通 | D3: 実施 | K3: 検証 | R3: 合計
A4: 日付 | B4: 曜 | C4: 営業日 | D4: 予定 | E4: 実績 | F4: 消化率 | G4: 予定累計 | H4: 実績累計 | I4: 累計消化率 | J4: 判定 | K4: 予定 | L4: 実績 | M4: 消化率 | N4: 予定累計 | O4: 実績累計 | P4: 累計消化率 | Q4: 判定 | R4: 予定 | S4: 実績
A5: 合計 | D5: =SUM(D6:D171) | E5: =SUM(E6:E171) | F5: =IF(D5=0,0,E5/D5) | G5: =D5 | H5: =E5 | I5: =IF(G5=0,"",H5/G5) | J5: =IF(I5>=1,"完了",IF(H5>=G5,"順調","遅延")) | K5: =SUM(K6:K171) | L5: =SUM(L6:L171) | M5: =IF(K5=0,0,L5/K5) | N5: =K5 | O5: =L5 | P5: =IF(N5=0,"",O5/N5) | Q5: =IF(P5>=1,"完了",IF(O5>=N5,"順調","遅延")) | R5: =D5+K5 | S5: =E5+L5
A6: 46014 | B6: =CHOOSE(WEEKDAY(A6,2),"月","火","水","木","金","土","日") | C6: =IF(OR(WEEKDAY(A6,2)>=6,COUNTIF(祝日マスタ!$A:$A,A6)>0),"非営業日","営業日") | D6: =COUNTIFS(明細!$F$5:$F$363,A6,明細!$D$5:$D$363,"その他") | E6: =COUNTIFS(明細!$G$5:$G$363,A6,明細!$D$5:$D$363,"その他") | F6: =IF(D6=0,0,E6/D6) | G6: =SUM($D$6:D6) | H6: =SUM($E$6:E6) | I6: =IF(G6=0,"",H6/G6) | J6: =IF(A6>$S$2,"予定",IF(G6=0,"－",IF(I6>=1,"完了",IF(H6>=G6,"順調","遅延")))) | K6: =COUNTIFS(明細!$I$5:$I$363,A6,明細!$D$5:$D$363,"その他") | L6: =COUNTIFS(明細!$J$5:$J$363,A6,明細!$D$5:$D$363,"その他") | M6: =IF(K6=0,0,L6/K6) | N6: =SUM($K$6:K6) | O6: =SUM($L$6:L6) | P6: =IF(N6=0,"",O6/N6) | Q6: =IF(A6>$S$2,"予定",IF(N6=0,"－",IF(P6>=1,"完了",IF(O6>=N6,"順調","遅延")))) | R6: =D6+K6 | S6: =E6+L6
A7: 46015 | B7: =CHOOSE(WEEKDAY(A7,2),"月","火","水","木","金","土","日") | C7: =IF(OR(WEEKDAY(A7,2)>=6,COUNTIF(祝日マスタ!$A:$A,A7)>0),"非営業日","営業日") | D7: =COUNTIFS(明細!$F$5:$F$363,A7,明細!$D$5:$D$363,"その他") | E7: =COUNTIFS(明細!$G$5:$G$363,A7,明細!$D$5:$D$363,"その他") | F7: =IF(D7=0,0,E7/D7) | G7: =SUM($D$6:D7) | H7: =SUM($E$6:E7) | I7: =IF(G7=0,"",H7/G7) | J7: =IF(A7>$S$2,"予定",IF(G7=0,"－",IF(I7>=1,"完了",IF(H7>=G7,"順調","遅延")))) | K7: =COUNTIFS(明細!$I$5:$I$363,A7,明細!$D$5:$D$363,"その他") | L7: =COUNTIFS(明細!$J$5:$J$363,A7,明細!$D$5:$D$363,"その他") | M7: =IF(K7=0,0,L7/K7) | N7: =SUM($K$6:K7) | O7: =SUM($L$6:L7) | P7: =IF(N7=0,"",O7/N7) | Q7: =IF(A7>$S$2,"予定",IF(N7=0,"－",IF(P7>=1,"完了",IF(O7>=N7,"順調","遅延")))) | R7: =D7+K7 | S7: =E7+L7
A8: 46016 | B8: =CHOOSE(WEEKDAY(A8,2),"月","火","水","木","金","土","日") | C8: =IF(OR(WEEKDAY(A8,2)>=6,COUNTIF(祝日マスタ!$A:$A,A8)>0),"非営業日","営業日") | D8: =COUNTIFS(明細!$F$5:$F$363,A8,明細!$D$5:$D$363,"その他") | E8: =COUNTIFS(明細!$G$5:$G$363,A8,明細!$D$5:$D$363,"その他") | F8: =IF(D8=0,0,E8/D8) | G8: =SUM($D$6:D8) | H8: =SUM($E$6:E8) | I8: =IF(G8=0,"",H8/G8) | J8: =IF(A8>$S$2,"予定",IF(G8=0,"－",IF(I8>=1,"完了",IF(H8>=G8,"順調","遅延")))) | K8: =COUNTIFS(明細!$I$5:$I$363,A8,明細!$D$5:$D$363,"その他") | L8: =COUNTIFS(明細!$J$5:$J$363,A8,明細!$D$5:$D$363,"その他") | M8: =IF(K8=0,0,L8/K8) | N8: =SUM($K$6:K8) | O8: =SUM($L$6:L8) | P8: =IF(N8=0,"",O8/N8) | Q8: =IF(A8>$S$2,"予定",IF(N8=0,"－",IF(P8>=1,"完了",IF(O8>=N8,"順調","遅延")))) | R8: =D8+K8 | S8: =E8+L8
A9: 46017 | B9: =CHOOSE(WEEKDAY(A9,2),"月","火","水","木","金","土","日") | C9: =IF(OR(WEEKDAY(A9,2)>=6,COUNTIF(祝日マスタ!$A:$A,A9)>0),"非営業日","営業日") | D9: =COUNTIFS(明細!$F$5:$F$363,A9,明細!$D$5:$D$363,"その他") | E9: =COUNTIFS(明細!$G$5:$G$363,A9,明細!$D$5:$D$363,"その他") | F9: =IF(D9=0,0,E9/D9) | G9: =SUM($D$6:D9) | H9: =SUM($E$6:E9) | I9: =IF(G9=0,"",H9/G9) | J9: =IF(A9>$S$2,"予定",IF(G9=0,"－",IF(I9>=1,"完了",IF(H9>=G9,"順調","遅延")))) | K9: =COUNTIFS(明細!$I$5:$I$363,A9,明細!$D$5:$D$363,"その他") | L9: =COUNTIFS(明細!$J$5:$J$363,A9,明細!$D$5:$D$363,"その他") | M9: =IF(K9=0,0,L9/K9) | N9: =SUM($K$6:K9) | O9: =SUM($L$6:L9) | P9: =IF(N9=0,"",O9/N9) | Q9: =IF(A9>$S$2,"予定",IF(N9=0,"－",IF(P9>=1,"完了",IF(O9>=N9,"順調","遅延")))) | R9: =D9+K9 | S9: =E9+L9
A10: 46018 | B10: =CHOOSE(WEEKDAY(A10,2),"月","火","水","木","金","土","日") | C10: =IF(OR(WEEKDAY(A10,2)>=6,COUNTIF(祝日マスタ!$A:$A,A10)>0),"非営業日","営業日") | D10: =COUNTIFS(明細!$F$5:$F$363,A10,明細!$D$5:$D$363,"その他") | E10: =COUNTIFS(明細!$G$5:$G$363,A10,明細!$D$5:$D$363,"その他") | F10: =IF(D10=0,0,E10/D10) | G10: =SUM($D$6:D10) | H10: =SUM($E$6:E10) | I10: =IF(G10=0,"",H10/G10) | J10: =IF(A10>$S$2,"予定",IF(G10=0,"－",IF(I10>=1,"完了",IF(H10>=G10,"順調","遅延")))) | K10: =COUNTIFS(明細!$I$5:$I$363,A10,明細!$D$5:$D$363,"その他") | L10: =COUNTIFS(明細!$J$5:$J$363,A10,明細!$D$5:$D$363,"その他") | M10: =IF(K10=0,0,L10/K10) | N10: =SUM($K$6:K10) | O10: =SUM($L$6:L10) | P10: =IF(N10=0,"",O10/N10) | Q10: =IF(A10>$S$2,"予定",IF(N10=0,"－",IF(P10>=1,"完了",IF(O10>=N10,"順調","遅延")))) | R10: =D10+K10 | S10: =E10+L10
A11: 46019 | B11: =CHOOSE(WEEKDAY(A11,2),"月","火","水","木","金","土","日") | C11: =IF(OR(WEEKDAY(A11,2)>=6,COUNTIF(祝日マスタ!$A:$A,A11)>0),"非営業日","営業日") | D11: =COUNTIFS(明細!$F$5:$F$363,A11,明細!$D$5:$D$363,"その他") | E11: =COUNTIFS(明細!$G$5:$G$363,A11,明細!$D$5:$D$363,"その他") | F11: =IF(D11=0,0,E11/D11) | G11: =SUM($D$6:D11) | H11: =SUM($E$6:E11) | I11: =IF(G11=0,"",H11/G11) | J11: =IF(A11>$S$2,"予定",IF(G11=0,"－",IF(I11>=1,"完了",IF(H11>=G11,"順調","遅延")))) | K11: =COUNTIFS(明細!$I$5:$I$363,A11,明細!$D$5:$D$363,"その他") | L11: =COUNTIFS(明細!$J$5:$J$363,A11,明細!$D$5:$D$363,"その他") | M11: =IF(K11=0,0,L11/K11) | N11: =SUM($K$6:K11) | O11: =SUM($L$6:L11) | P11: =IF(N11=0,"",O11/N11) | Q11: =IF(A11>$S$2,"予定",IF(N11=0,"－",IF(P11>=1,"完了",IF(O11>=N11,"順調","遅延")))) | R11: =D11+K11 | S11: =E11+L11
A12: 46020 | B12: =CHOOSE(WEEKDAY(A12,2),"月","火","水","木","金","土","日") | C12: =IF(OR(WEEKDAY(A12,2)>=6,COUNTIF(祝日マスタ!$A:$A,A12)>0),"非営業日","営業日") | D12: =COUNTIFS(明細!$F$5:$F$363,A12,明細!$D$5:$D$363,"その他") | E12: =COUNTIFS(明細!$G$5:$G$363,A12,明細!$D$5:$D$363,"その他") | F12: =IF(D12=0,0,E12/D12) | G12: =SUM($D$6:D12) | H12: =SUM($E$6:E12) | I12: =IF(G12=0,"",H12/G12) | J12: =IF(A12>$S$2,"予定",IF(G12=0,"－",IF(I12>=1,"完了",IF(H12>=G12,"順調","遅延")))) | K12: =COUNTIFS(明細!$I$5:$I$363,A12,明細!$D$5:$D$363,"その他") | L12: =COUNTIFS(明細!$J$5:$J$363,A12,明細!$D$5:$D$363,"その他") | M12: =IF(K12=0,0,L12/K12) | N12: =SUM($K$6:K12) | O12: =SUM($L$6:L12) | P12: =IF(N12=0,"",O12/N12) | Q12: =IF(A12>$S$2,"予定",IF(N12=0,"－",IF(P12>=1,"完了",IF(O12>=N12,"順調","遅延")))) | R12: =D12+K12 | S12: =E12+L12
A13: 46021 | B13: =CHOOSE(WEEKDAY(A13,2),"月","火","水","木","金","土","日") | C13: =IF(OR(WEEKDAY(A13,2)>=6,COUNTIF(祝日マスタ!$A:$A,A13)>0),"非営業日","営業日") | D13: =COUNTIFS(明細!$F$5:$F$363,A13,明細!$D$5:$D$363,"その他") | E13: =COUNTIFS(明細!$G$5:$G$363,A13,明細!$D$5:$D$363,"その他") | F13: =IF(D13=0,0,E13/D13) | G13: =SUM($D$6:D13) | H13: =SUM($E$6:E13) | I13: =IF(G13=0,"",H13/G13) | J13: =IF(A13>$S$2,"予定",IF(G13=0,"－",IF(I13>=1,"完了",IF(H13>=G13,"順調","遅延")))) | K13: =COUNTIFS(明細!$I$5:$I$363,A13,明細!$D$5:$D$363,"その他") | L13: =COUNTIFS(明細!$J$5:$J$363,A13,明細!$D$5:$D$363,"その他") | M13: =IF(K13=0,0,L13/K13) | N13: =SUM($K$6:K13) | O13: =SUM($L$6:L13) | P13: =IF(N13=0,"",O13/N13) | Q13: =IF(A13>$S$2,"予定",IF(N13=0,"－",IF(P13>=1,"完了",IF(O13>=N13,"順調","遅延")))) | R13: =D13+K13 | S13: =E13+L13
A14: 46022 | B14: =CHOOSE(WEEKDAY(A14,2),"月","火","水","木","金","土","日") | C14: =IF(OR(WEEKDAY(A14,2)>=6,COUNTIF(祝日マスタ!$A:$A,A14)>0),"非営業日","営業日") | D14: =COUNTIFS(明細!$F$5:$F$363,A14,明細!$D$5:$D$363,"その他") | E14: =COUNTIFS(明細!$G$5:$G$363,A14,明細!$D$5:$D$363,"その他") | F14: =IF(D14=0,0,E14/D14) | G14: =SUM($D$6:D14) | H14: =SUM($E$6:E14) | I14: =IF(G14=0,"",H14/G14) | J14: =IF(A14>$S$2,"予定",IF(G14=0,"－",IF(I14>=1,"完了",IF(H14>=G14,"順調","遅延")))) | K14: =COUNTIFS(明細!$I$5:$I$363,A14,明細!$D$5:$D$363,"その他") | L14: =COUNTIFS(明細!$J$5:$J$363,A14,明細!$D$5:$D$363,"その他") | M14: =IF(K14=0,0,L14/K14) | N14: =SUM($K$6:K14) | O14: =SUM($L$6:L14) | P14: =IF(N14=0,"",O14/N14) | Q14: =IF(A14>$S$2,"予定",IF(N14=0,"－",IF(P14>=1,"完了",IF(O14>=N14,"順調","遅延")))) | R14: =D14+K14 | S14: =E14+L14
A15: 46023 | B15: =CHOOSE(WEEKDAY(A15,2),"月","火","水","木","金","土","日") | C15: =IF(OR(WEEKDAY(A15,2)>=6,COUNTIF(祝日マスタ!$A:$A,A15)>0),"非営業日","営業日") | D15: =COUNTIFS(明細!$F$5:$F$363,A15,明細!$D$5:$D$363,"その他") | E15: =COUNTIFS(明細!$G$5:$G$363,A15,明細!$D$5:$D$363,"その他") | F15: =IF(D15=0,0,E15/D15) | G15: =SUM($D$6:D15) | H15: =SUM($E$6:E15) | I15: =IF(G15=0,"",H15/G15) | J15: =IF(A15>$S$2,"予定",IF(G15=0,"－",IF(I15>=1,"完了",IF(H15>=G15,"順調","遅延")))) | K15: =COUNTIFS(明細!$I$5:$I$363,A15,明細!$D$5:$D$363,"その他") | L15: =COUNTIFS(明細!$J$5:$J$363,A15,明細!$D$5:$D$363,"その他") | M15: =IF(K15=0,0,L15/K15) | N15: =SUM($K$6:K15) | O15: =SUM($L$6:L15) | P15: =IF(N15=0,"",O15/N15) | Q15: =IF(A15>$S$2,"予定",IF(N15=0,"－",IF(P15>=1,"完了",IF(O15>=N15,"順調","遅延")))) | R15: =D15+K15 | S15: =E15+L15
A16: 46024 | B16: =CHOOSE(WEEKDAY(A16,2),"月","火","水","木","金","土","日") | C16: =IF(OR(WEEKDAY(A16,2)>=6,COUNTIF(祝日マスタ!$A:$A,A16)>0),"非営業日","営業日") | D16: =COUNTIFS(明細!$F$5:$F$363,A16,明細!$D$5:$D$363,"その他") | E16: =COUNTIFS(明細!$G$5:$G$363,A16,明細!$D$5:$D$363,"その他") | F16: =IF(D16=0,0,E16/D16) | G16: =SUM($D$6:D16) | H16: =SUM($E$6:E16) | I16: =IF(G16=0,"",H16/G16) | J16: =IF(A16>$S$2,"予定",IF(G16=0,"－",IF(I16>=1,"完了",IF(H16>=G16,"順調","遅延")))) | K16: =COUNTIFS(明細!$I$5:$I$363,A16,明細!$D$5:$D$363,"その他") | L16: =COUNTIFS(明細!$J$5:$J$363,A16,明細!$D$5:$D$363,"その他") | M16: =IF(K16=0,0,L16/K16) | N16: =SUM($K$6:K16) | O16: =SUM($L$6:L16) | P16: =IF(N16=0,"",O16/N16) | Q16: =IF(A16>$S$2,"予定",IF(N16=0,"－",IF(P16>=1,"完了",IF(O16>=N16,"順調","遅延")))) | R16: =D16+K16 | S16: =E16+L16
A17: 46025 | B17: =CHOOSE(WEEKDAY(A17,2),"月","火","水","木","金","土","日") | C17: =IF(OR(WEEKDAY(A17,2)>=6,COUNTIF(祝日マスタ!$A:$A,A17)>0),"非営業日","営業日") | D17: =COUNTIFS(明細!$F$5:$F$363,A17,明細!$D$5:$D$363,"その他") | E17: =COUNTIFS(明細!$G$5:$G$363,A17,明細!$D$5:$D$363,"その他") | F17: =IF(D17=0,0,E17/D17) | G17: =SUM($D$6:D17) | H17: =SUM($E$6:E17) | I17: =IF(G17=0,"",H17/G17) | J17: =IF(A17>$S$2,"予定",IF(G17=0,"－",IF(I17>=1,"完了",IF(H17>=G17,"順調","遅延")))) | K17: =COUNTIFS(明細!$I$5:$I$363,A17,明細!$D$5:$D$363,"その他") | L17: =COUNTIFS(明細!$J$5:$J$363,A17,明細!$D$5:$D$363,"その他") | M17: =IF(K17=0,0,L17/K17) | N17: =SUM($K$6:K17) | O17: =SUM($L$6:L17) | P17: =IF(N17=0,"",O17/N17) | Q17: =IF(A17>$S$2,"予定",IF(N17=0,"－",IF(P17>=1,"完了",IF(O17>=N17,"順調","遅延")))) | R17: =D17+K17 | S17: =E17+L17
... A171: 46179 | B171: =CHOOSE(WEEKDAY(A171,2),"月","火","水","木","金","土","日") | C171: =IF(OR(WEEKDAY(A171,2)>=6,COUNTIF(祝日マスタ!$A:$A,A171)>0),"非営業日","営業日") | D171: =COUNTIFS(明細!$F$5:$F$363,A171,明細!$D$5:$D$363,"その他") | E171: =COUNTIFS(明細!$G$5:$G$363,A171,明細!$D$5:$D$363,"その他") | F171: =IF(D171=0,0,E171/D171) | G171: =SUM($D$6:D171) | H171: =SUM($E$6:E171) | I171: =IF(G171=0,"",H171/G171) | J171: =IF(A171>$S$2,"予定",IF(G171=0,"－",IF(I171>=1,"完了",IF(H171>=G171,"順調","遅延")))) | K171: =COUNTIFS(明細!$I$5:$I$363,A171,明細!$D$5:$D$363,"その他") | L171: =COUNTIFS(明細!$J$5:$J$363,A171,明細!$D$5:$D$363,"その他") | M171: =IF(K171=0,0,L171/K171) | N171: =SUM($K$6:K171) | O171: =SUM($L$6:L171) | P171: =IF(N171=0,"",O171/N171) | Q171: =IF(A171>$S$2,"予定",IF(N171=0,"－",IF(P171>=1,"完了",IF(O171>=N171,"順調","遅延")))) | R171: =D171+K171 | S171: =E171+L171

Sheet 進捗サマリー_オンライン
A1: テスト進捗サマリー（オンライン）
A2: 集計期間: 2025/12/07 ～ 2026/06/08 (184日間) | R2: 基準日: | S2: =ダッシュボード!$B$2
A3: 共通 | D3: 実施 | K3: 検証 | R3: 合計
A4: 日付 | B4: 曜 | C4: 営業日 | D4: 予定 | E4: 実績 | F4: 消化率 | G4: 予定累計 | H4: 実績累計 | I4: 累計消化率 | J4: 判定 | K4: 予定 | L4: 実績 | M4: 消化率 | N4: 予定累計 | O4: 実績累計 | P4: 累計消化率 | Q4: 判定 | R4: 予定 | S4: 実績
A5: 合計 | D5: =SUM(D6:D189) | E5: =SUM(E6:E189) | F5: =IF(D5=0,0,E5/D5) | G5: =D5 | H5: =E5 | I5: =IF(G5=0,"",H5/G5) | J5: =IF(I5>=1,"完了",IF(H5>=G5,"順調","遅延")) | K5: =SUM(K6:K189) | L5: =SUM(L6:L189) | M5: =IF(K5=0,0,L5/K5) | N5: =K5 | O5: =L5 | P5: =IF(N5=0,"",O5/N5) | Q5: =IF(P5>=1,"完了",IF(O5>=N5,"順調","遅延")) | R5: =D5+K5 | S5: =E5+L5
A6: 45998 | B6: =CHOOSE(WEEKDAY(A6,2),"月","火","水","木","金","土","日") | C6: =IF(OR(WEEKDAY(A6,2)>=6,COUNTIF(祝日マスタ!$A:$A,A6)>0),"非営業日","営業日") | D6: =COUNTIFS(明細!$F$5:$F$363,A6,明細!$D$5:$D$363,"オンライン") | E6: =COUNTIFS(明細!$G$5:$G$363,A6,明細!$D$5:$D$363,"オンライン") | F6: =IF(D6=0,0,E6/D6) | G6: =SUM($D$6:D6) | H6: =SUM($E$6:E6) | I6: =IF(G6=0,"",H6/G6) | J6: =IF(A6>$S$2,"予定",IF(G6=0,"－",IF(I6>=1,"完了",IF(H6>=G6,"順調","遅延")))) | K6: =COUNTIFS(明細!$I$5:$I$363,A6,明細!$D$5:$D$363,"オンライン") | L6: =COUNTIFS(明細!$J$5:$J$363,A6,明細!$D$5:$D$363,"オンライン") | M6: =IF(K6=0,0,L6/K6) | N6: =SUM($K$6:K6) | O6: =SUM($L$6:L6) | P6: =IF(N6=0,"",O6/N6) | Q6: =IF(A6>$S$2,"予定",IF(N6=0,"－",IF(P6>=1,"完了",IF(O6>=N6,"順調","遅延")))) | R6: =D6+K6 | S6: =E6+L6
A7: 45999 | B7: =CHOOSE(WEEKDAY(A7,2),"月","火","水","木","金","土","日") | C7: =IF(OR(WEEKDAY(A7,2)>=6,COUNTIF(祝日マスタ!$A:$A,A7)>0),"非営業日","営業日") | D7: =COUNTIFS(明細!$F$5:$F$363,A7,明細!$D$5:$D$363,"オンライン") | E7: =COUNTIFS(明細!$G$5:$G$363,A7,明細!$D$5:$D$363,"オンライン") | F7: =IF(D7=0,0,E7/D7) | G7: =SUM($D$6:D7) | H7: =SUM($E$6:E7) | I7: =IF(G7=0,"",H7/G7) | J7: =IF(A7>$S$2,"予定",IF(G7=0,"－",IF(I7>=1,"完了",IF(H7>=G7,"順調","遅延")))) | K7: =COUNTIFS(明細!$I$5:$I$363,A7,明細!$D$5:$D$363,"オンライン") | L7: =COUNTIFS(明細!$J$5:$J$363,A7,明細!$D$5:$D$363,"オンライン") | M7: =IF(K7=0,0,L7/K7) | N7: =SUM($K$6:K7) | O7: =SUM($L$6:L7) | P7: =IF(N7=0,"",O7/N7) | Q7: =IF(A7>$S$2,"予定",IF(N7=0,"－",IF(P7>=1,"完了",IF(O7>=N7,"順調","遅延")))) | R7: =D7+K7 | S7: =E7+L7
A8: 46000 | B8: =CHOOSE(WEEKDAY(A8,2),"月","火","水","木","金","土","日") | C8: =IF(OR(WEEKDAY(A8,2)>=6,COUNTIF(祝日マスタ!$A:$A,A8)>0),"非営業日","営業日") | D8: =COUNTIFS(明細!$F$5:$F$363,A8,明細!$D$5:$D$363,"オンライン") | E8: =COUNTIFS(明細!$G$5:$G$363,A8,明細!$D$5:$D$363,"オンライン") | F8: =IF(D8=0,0,E8/D8) | G8: =SUM($D$6:D8) | H8: =SUM($E$6:E8) | I8: =IF(G8=0,"",H8/G8) | J8: =IF(A8>$S$2,"予定",IF(G8=0,"－",IF(I8>=1,"完了",IF(H8>=G8,"順調","遅延")))) | K8: =COUNTIFS(明細!$I$5:$I$363,A8,明細!$D$5:$D$363,"オンライン") | L8: =COUNTIFS(明細!$J$5:$J$363,A8,明細!$D$5:$D$363,"オンライン") | M8: =IF(K8=0,0,L8/K8) | N8: =SUM($K$6:K8) | O8: =SUM($L$6:L8) | P8: =IF(N8=0,"",O8/N8) | Q8: =IF(A8>$S$2,"予定",IF(N8=0,"－",IF(P8>=1,"完了",IF(O8>=N8,"順調","遅延")))) | R8: =D8+K8 | S8: =E8+L8
A9: 46001 | B9: =CHOOSE(WEEKDAY(A9,2),"月","火","水","木","金","土","日") | C9: =IF(OR(WEEKDAY(A9,2)>=6,COUNTIF(祝日マスタ!$A:$A,A9)>0),"非営業日","営業日") | D9: =COUNTIFS(明細!$F$5:$F$363,A9,明細!$D$5:$D$363,"オンライン") | E9: =COUNTIFS(明細!$G$5:$G$363,A9,明細!$D$5:$D$363,"オンライン") | F9: =IF(D9=0,0,E9/D9) | G9: =SUM($D$6:D9) | H9: =SUM($E$6:E9) | I9: =IF(G9=0,"",H9/G9) | J9: =IF(A9>$S$2,"予定",IF(G9=0,"－",IF(I9>=1,"完了",IF(H9>=G9,"順調","遅延")))) | K9: =COUNTIFS(明細!$I$5:$I$363,A9,明細!$D$5:$D$363,"オンライン") | L9: =COUNTIFS(明細!$J$5:$J$363,A9,明細!$D$5:$D$363,"オンライン") | M9: =IF(K9=0,0,L9/K9) | N9: =SUM($K$6:K9) | O9: =SUM($L$6:L9) | P9: =IF(N9=0,"",O9/N9) | Q9: =IF(A9>$S$2,"予定",IF(N9=0,"－",IF(P9>=1,"完了",IF(O9>=N9,"順調","遅延")))) | R9: =D9+K9 | S9: =E9+L9
A10: 46002 | B10: =CHOOSE(WEEKDAY(A10,2),"月","火","水","木","金","土","日") | C10: =IF(OR(WEEKDAY(A10,2)>=6,COUNTIF(祝日マスタ!$A:$A,A10)>0),"非営業日","営業日") | D10: =COUNTIFS(明細!$F$5:$F$363,A10,明細!$D$5:$D$363,"オンライン") | E10: =COUNTIFS(明細!$G$5:$G$363,A10,明細!$D$5:$D$363,"オンライン") | F10: =IF(D10=0,0,E10/D10) | G10: =SUM($D$6:D10) | H10: =SUM($E$6:E10) | I10: =IF(G10=0,"",H10/G10) | J10: =IF(A10>$S$2,"予定",IF(G10=0,"－",IF(I10>=1,"完了",IF(H10>=G10,"順調","遅延")))) | K10: =COUNTIFS(明細!$I$5:$I$363,A10,明細!$D$5:$D$363,"オンライン") | L10: =COUNTIFS(明細!$J$5:$J$363,A10,明細!$D$5:$D$363,"オンライン") | M10: =IF(K10=0,0,L10/K10) | N10: =SUM($K$6:K10) | O10: =SUM($L$6:L10) | P10: =IF(N10=0,"",O10/N10) | Q10: =IF(A10>$S$2,"予定",IF(N10=0,"－",IF(P10>=1,"完了",IF(O10>=N10,"順調","遅延")))) | R10: =D10+K10 | S10: =E10+L10
A11: 46003 | B11: =CHOOSE(WEEKDAY(A11,2),"月","火","水","木","金","土","日") | C11: =IF(OR(WEEKDAY(A11,2)>=6,COUNTIF(祝日マスタ!$A:$A,A11)>0),"非営業日","営業日") | D11: =COUNTIFS(明細!$F$5:$F$363,A11,明細!$D$5:$D$363,"オンライン") | E11: =COUNTIFS(明細!$G$5:$G$363,A11,明細!$D$5:$D$363,"オンライン") | F11: =IF(D11=0,0,E11/D11) | G11: =SUM($D$6:D11) | H11: =SUM($E$6:E11) | I11: =IF(G11=0,"",H11/G11) | J11: =IF(A11>$S$2,"予定",IF(G11=0,"－",IF(I11>=1,"完了",IF(H11>=G11,"順調","遅延")))) | K11: =COUNTIFS(明細!$I$5:$I$363,A11,明細!$D$5:$D$363,"オンライン") | L11: =COUNTIFS(明細!$J$5:$J$363,A11,明細!$D$5:$D$363,"オンライン") | M11: =IF(K11=0,0,L11/K11) | N11: =SUM($K$6:K11) | O11: =SUM($L$6:L11) | P11: =IF(N11=0,"",O11/N11) | Q11: =IF(A11>$S$2,"予定",IF(N11=0,"－",IF(P11>=1,"完了",IF(O11>=N11,"順調","遅延")))) | R11: =D11+K11 | S11: =E11+L11
A12: 46004 | B12: =CHOOSE(WEEKDAY(A12,2),"月","火","水","木","金","土","日") | C12: =IF(OR(WEEKDAY(A12,2)>=6,COUNTIF(祝日マスタ!$A:$A,A12)>0),"非営業日","営業日") | D12: =COUNTIFS(明細!$F$5:$F$363,A12,明細!$D$5:$D$363,"オンライン") | E12: =COUNTIFS(明細!$G$5:$G$363,A12,明細!$D$5:$D$363,"オンライン") | F12: =IF(D12=0,0,E12/D12) | G12: =SUM($D$6:D12) | H12: =SUM($E$6:E12) | I12: =IF(G12=0,"",H12/G12) | J12: =IF(A12>$S$2,"予定",IF(G12=0,"－",IF(I12>=1,"完了",IF(H12>=G12,"順調","遅延")))) | K12: =COUNTIFS(明細!$I$5:$I$363,A12,明細!$D$5:$D$363,"オンライン") | L12: =COUNTIFS(明細!$J$5:$J$363,A12,明細!$D$5:$D$363,"オンライン") | M12: =IF(K12=0,0,L12/K12) | N12: =SUM($K$6:K12) | O12: =SUM($L$6:L12) | P12: =IF(N12=0,"",O12/N12) | Q12: =IF(A12>$S$2,"予定",IF(N12=0,"－",IF(P12>=1,"完了",IF(O12>=N12,"順調","遅延")))) | R12: =D12+K12 | S12: =E12+L12
A13: 46005 | B13: =CHOOSE(WEEKDAY(A13,2),"月","火","水","木","金","土","日") | C13: =IF(OR(WEEKDAY(A13,2)>=6,COUNTIF(祝日マスタ!$A:$A,A13)>0),"非営業日","営業日") | D13: =COUNTIFS(明細!$F$5:$F$363,A13,明細!$D$5:$D$363,"オンライン") | E13: =COUNTIFS(明細!$G$5:$G$363,A13,明細!$D$5:$D$363,"オンライン") | F13: =IF(D13=0,0,E13/D13) | G13: =SUM($D$6:D13) | H13: =SUM($E$6:E13) | I13: =IF(G13=0,"",H13/G13) | J13: =IF(A13>$S$2,"予定",IF(G13=0,"－",IF(I13>=1,"完了",IF(H13>=G13,"順調","遅延")))) | K13: =COUNTIFS(明細!$I$5:$I$363,A13,明細!$D$5:$D$363,"オンライン") | L13: =COUNTIFS(明細!$J$5:$J$363,A13,明細!$D$5:$D$363,"オンライン") | M13: =IF(K13=0,0,L13/K13) | N13: =SUM($K$6:K13) | O13: =SUM($L$6:L13) | P13: =IF(N13=0,"",O13/N13) | Q13: =IF(A13>$S$2,"予定",IF(N13=0,"－",IF(P13>=1,"完了",IF(O13>=N13,"順調","遅延")))) | R13: =D13+K13 | S13: =E13+L13
A14: 46006 | B14: =CHOOSE(WEEKDAY(A14,2),"月","火","水","木","金","土","日") | C14: =IF(OR(WEEKDAY(A14,2)>=6,COUNTIF(祝日マスタ!$A:$A,A14)>0),"非営業日","営業日") | D14: =COUNTIFS(明細!$F$5:$F$363,A14,明細!$D$5:$D$363,"オンライン") | E14: =COUNTIFS(明細!$G$5:$G$363,A14,明細!$D$5:$D$363,"オンライン") | F14: =IF(D14=0,0,E14/D14) | G14: =SUM($D$6:D14) | H14: =SUM($E$6:E14) | I14: =IF(G14=0,"",H14/G14) | J14: =IF(A14>$S$2,"予定",IF(G14=0,"－",IF(I14>=1,"完了",IF(H14>=G14,"順調","遅延")))) | K14: =COUNTIFS(明細!$I$5:$I$363,A14,明細!$D$5:$D$363,"オンライン") | L14: =COUNTIFS(明細!$J$5:$J$363,A14,明細!$D$5:$D$363,"オンライン") | M14: =IF(K14=0,0,L14/K14) | N14: =SUM($K$6:K14) | O14: =SUM($L$6:L14) | P14: =IF(N14=0,"",O14/N14) | Q14: =IF(A14>$S$2,"予定",IF(N14=0,"－",IF(P14>=1,"完了",IF(O14>=N14,"順調","遅延")))) | R14: =D14+K14 | S14: =E14+L14
A15: 46007 | B15: =CHOOSE(WEEKDAY(A15,2),"月","火","水","木","金","土","日") | C15: =IF(OR(WEEKDAY(A15,2)>=6,COUNTIF(祝日マスタ!$A:$A,A15)>0),"非営業日","営業日") | D15: =COUNTIFS(明細!$F$5:$F$363,A15,明細!$D$5:$D$363,"オンライン") | E15: =COUNTIFS(明細!$G$5:$G$363,A15,明細!$D$5:$D$363,"オンライン") | F15: =IF(D15=0,0,E15/D15) | G15: =SUM($D$6:D15) | H15: =SUM($E$6:E15) | I15: =IF(G15=0,"",H15/G15) | J15: =IF(A15>$S$2,"予定",IF(G15=0,"－",IF(I15>=1,"完了",IF(H15>=G15,"順調","遅延")))) | K15: =COUNTIFS(明細!$I$5:$I$363,A15,明細!$D$5:$D$363,"オンライン") | L15: =COUNTIFS(明細!$J$5:$J$363,A15,明細!$D$5:$D$363,"オンライン") | M15: =IF(K15=0,0,L15/K15) | N15: =SUM($K$6:K15) | O15: =SUM($L$6:L15) | P15: =IF(N15=0,"",O15/N15) | Q15: =IF(A15>$S$2,"予定",IF(N15=0,"－",IF(P15>=1,"完了",IF(O15>=N15,"順調","遅延")))) | R15: =D15+K15 | S15: =E15+L15
A16: 46008 | B16: =CHOOSE(WEEKDAY(A16,2),"月","火","水","木","金","土","日") | C16: =IF(OR(WEEKDAY(A16,2)>=6,COUNTIF(祝日マスタ!$A:$A,A16)>0),"非営業日","営業日") | D16: =COUNTIFS(明細!$F$5:$F$363,A16,明細!$D$5:$D$363,"オンライン") | E16: =COUNTIFS(明細!$G$5:$G$363,A16,明細!$D$5:$D$363,"オンライン") | F16: =IF(D16=0,0,E16/D16) | G16: =SUM($D$6:D16) | H16: =SUM($E$6:E16) | I16: =IF(G16=0,"",H16/G16) | J16: =IF(A16>$S$2,"予定",IF(G16=0,"－",IF(I16>=1,"完了",IF(H16>=G16,"順調","遅延")))) | K16: =COUNTIFS(明細!$I$5:$I$363,A16,明細!$D$5:$D$363,"オンライン") | L16: =COUNTIFS(明細!$J$5:$J$363,A16,明細!$D$5:$D$363,"オンライン") | M16: =IF(K16=0,0,L16/K16) | N16: =SUM($K$6:K16) | O16: =SUM($L$6:L16) | P16: =IF(N16=0,"",O16/N16) | Q16: =IF(A16>$S$2,"予定",IF(N16=0,"－",IF(P16>=1,"完了",IF(O16>=N16,"順調","遅延")))) | R16: =D16+K16 | S16: =E16+L16
A17: 46009 | B17: =CHOOSE(WEEKDAY(A17,2),"月","火","水","木","金","土","日") | C17: =IF(OR(WEEKDAY(A17,2)>=6,COUNTIF(祝日マスタ!$A:$A,A17)>0),"非営業日","営業日") | D17: =COUNTIFS(明細!$F$5:$F$363,A17,明細!$D$5:$D$363,"オンライン") | E17: =COUNTIFS(明細!$G$5:$G$363,A17,明細!$D$5:$D$363,"オンライン") | F17: =IF(D17=0,0,E17/D17) | G17: =SUM($D$6:D17) | H17: =SUM($E$6:E17) | I17: =IF(G17=0,"",H17/G17) | J17: =IF(A17>$S$2,"予定",IF(G17=0,"－",IF(I17>=1,"完了",IF(H17>=G17,"順調","遅延")))) | K17: =COUNTIFS(明細!$I$5:$I$363,A17,明細!$D$5:$D$363,"オンライン") | L17: =COUNTIFS(明細!$J$5:$J$363,A17,明細!$D$5:$D$363,"オンライン") | M17: =IF(K17=0,0,L17/K17) | N17: =SUM($K$6:K17) | O17: =SUM($L$6:L17) | P17: =IF(N17=0,"",O17/N17) | Q17: =IF(A17>$S$2,"予定",IF(N17=0,"－",IF(P17>=1,"完了",IF(O17>=N17,"順調","遅延")))) | R17: =D17+K17 | S17: =E17+L17
... A189: 46181 | B189: =CHOOSE(WEEKDAY(A189,2),"月","火","水","木","金","土","日") | C189: =IF(OR(WEEKDAY(A189,2)>=6,COUNTIF(祝日マスタ!$A:$A,A189)>0),"非営業日","営業日") | D189: =COUNTIFS(明細!$F$5:$F$363,A189,明細!$D$5:$D$363,"オンライン") | E189: =COUNTIFS(明細!$G$5:$G$363,A189,明細!$D$5:$D$363,"オンライン") | F189: =IF(D189=0,0,E189/D189) | G189: =SUM($D$6:D189) | H189: =SUM($E$6:E189) | I189: =IF(G189=0,"",H189/G189) | J189: =IF(A189>$S$2,"予定",IF(G189=0,"－",IF(I189>=1,"完了",IF(H189>=G189,"順調","遅延")))) | K189: =COUNTIFS(明細!$I$5:$I$363,A189,明細!$D$5:$D$363,"オンライン") | L189: =COUNTIFS(明細!$J$5:$J$363,A189,明細!$D$5:$D$363,"オンライン") | M189: =IF(K189=0,0,L189/K189) | N189: =SUM($K$6:K189) | O189: =SUM($L$6:L189) | P189: =IF(N189=0,"",O189/N189) | Q189: =IF(A189>$S$2,"予定",IF(N189=0,"－",IF(P189>=1,"完了",IF(O189>=N189,"順調","遅延")))) | R189: =D189+K189 | S189: =E189+L189

Sheet 進捗サマリー_バッチ
A1: テスト進捗サマリー（バッチ）
A2: 集計期間: 2025/12/11 ～ 2026/06/05 (177日間) | R2: 基準日: | S2: =ダッシュボード!$B$2
A3: 共通 | D3: 実施 | K3: 検証 | R3: 合計
A4: 日付 | B4: 曜 | C4: 営業日 | D4: 予定 | E4: 実績 | F4: 消化率 | G4: 予定累計 | H4: 実績累計 | I4: 累計消化率 | J4: 判定 | K4: 予定 | L4: 実績 | M4: 消化率 | N4: 予定累計 | O4: 実績累計 | P4: 累計消化率 | Q4: 判定 | R4: 予定 | S4: 実績
A5: 合計 | D5: =SUM(D6:D182) | E5: =SUM(E6:E182) | F5: =IF(D5=0,0,E5/D5) | G5: =D5 | H5: =E5 | I5: =IF(G5=0,"",H5/G5) | J5: =IF(I5>=1,"完了",IF(H5>=G5,"順調","遅延")) | K5: =SUM(K6:K182) | L5: =SUM(L6:L182) | M5: =IF(K5=0,0,L5/K5) | N5: =K5 | O5: =L5 | P5: =IF(N5=0,"",O5/N5) | Q5: =IF(P5>=1,"完了",IF(O5>=N5,"順調","遅延")) | R5: =D5+K5 | S5: =E5+L5
A6: 46002 | B6: =CHOOSE(WEEKDAY(A6,2),"月","火","水","木","金","土","日") | C6: =IF(OR(WEEKDAY(A6,2)>=6,COUNTIF(祝日マスタ!$A:$A,A6)>0),"非営業日","営業日") | D6: =COUNTIFS(明細!$F$5:$F$363,A6,明細!$D$5:$D$363,"バッチ") | E6: =COUNTIFS(明細!$G$5:$G$363,A6,明細!$D$5:$D$363,"バッチ") | F6: =IF(D6=0,0,E6/D6) | G6: =SUM($D$6:D6) | H6: =SUM($E$6:E6) | I6: =IF(G6=0,"",H6/G6) | J6: =IF(A6>$S$2,"予定",IF(G6=0,"－",IF(I6>=1,"完了",IF(H6>=G6,"順調","遅延")))) | K6: =COUNTIFS(明細!$I$5:$I$363,A6,明細!$D$5:$D$363,"バッチ") | L6: =COUNTIFS(明細!$J$5:$J$363,A6,明細!$D$5:$D$363,"バッチ") | M6: =IF(K6=0,0,L6/K6) | N6: =SUM($K$6:K6) | O6: =SUM($L$6:L6) | P6: =IF(N6=0,"",O6/N6) | Q6: =IF(A6>$S$2,"予定",IF(N6=0,"－",IF(P6>=1,"完了",IF(O6>=N6,"順調","遅延")))) | R6: =D6+K6 | S6: =E6+L6
A7: 46003 | B7: =CHOOSE(WEEKDAY(A7,2),"月","火","水","木","金","土","日") | C7: =IF(OR(WEEKDAY(A7,2)>=6,COUNTIF(祝日マスタ!$A:$A,A7)>0),"非営業日","営業日") | D7: =COUNTIFS(明細!$F$5:$F$363,A7,明細!$D$5:$D$363,"バッチ") | E7: =COUNTIFS(明細!$G$5:$G$363,A7,明細!$D$5:$D$363,"バッチ") | F7: =IF(D7=0,0,E7/D7) | G7: =SUM($D$6:D7) | H7: =SUM($E$6:E7) | I7: =IF(G7=0,"",H7/G7) | J7: =IF(A7>$S$2,"予定",IF(G7=0,"－",IF(I7>=1,"完了",IF(H7>=G7,"順調","遅延")))) | K7: =COUNTIFS(明細!$I$5:$I$363,A7,明細!$D$5:$D$363,"バッチ") | L7: =COUNTIFS(明細!$J$5:$J$363,A7,明細!$D$5:$D$363,"バッチ") | M7: =IF(K7=0,0,L7/K7) | N7: =SUM($K$6:K7) | O7: =SUM($L$6:L7) | P7: =IF(N7=0,"",O7/N7) | Q7: =IF(A7>$S$2,"予定",IF(N7=0,"－",IF(P7>=1,"完了",IF(O7>=N7,"順調","遅延")))) | R7: =D7+K7 | S7: =E7+L7
A8: 46004 | B8: =CHOOSE(WEEKDAY(A8,2),"月","火","水","木","金","土","日") | C8: =IF(OR(WEEKDAY(A8,2)>=6,COUNTIF(祝日マスタ!$A:$A,A8)>0),"非営業日","営業日") | D8: =COUNTIFS(明細!$F$5:$F$363,A8,明細!$D$5:$D$363,"バッチ") | E8: =COUNTIFS(明細!$G$5:$G$363,A8,明細!$D$5:$D$363,"バッチ") | F8: =IF(D8=0,0,E8/D8) | G8: =SUM($D$6:D8) | H8: =SUM($E$6:E8) | I8: =IF(G8=0,"",H8/G8) | J8: =IF(A8>$S$2,"予定",IF(G8=0,"－",IF(I8>=1,"完了",IF(H8>=G8,"順調","遅延")))) | K8: =COUNTIFS(明細!$I$5:$I$363,A8,明細!$D$5:$D$363,"バッチ") | L8: =COUNTIFS(明細!$J$5:$J$363,A8,明細!$D$5:$D$363,"バッチ") | M8: =IF(K8=0,0,L8/K8) | N8: =SUM($K$6:K8) | O8: =SUM($L$6:L8) | P8: =IF(N8=0,"",O8/N8) | Q8: =IF(A8>$S$2,"予定",IF(N8=0,"－",IF(P8>=1,"完了",IF(O8>=N8,"順調","遅延")))) | R8: =D8+K8 | S8: =E8+L8
A9: 46005 | B9: =CHOOSE(WEEKDAY(A9,2),"月","火","水","木","金","土","日") | C9: =IF(OR(WEEKDAY(A9,2)>=6,COUNTIF(祝日マスタ!$A:$A,A9)>0),"非営業日","営業日") | D9: =COUNTIFS(明細!$F$5:$F$363,A9,明細!$D$5:$D$363,"バッチ") | E9: =COUNTIFS(明細!$G$5:$G$363,A9,明細!$D$5:$D$363,"バッチ") | F9: =IF(D9=0,0,E9/D9) | G9: =SUM($D$6:D9) | H9: =SUM($E$6:E9) | I9: =IF(G9=0,"",H9/G9) | J9: =IF(A9>$S$2,"予定",IF(G9=0,"－",IF(I9>=1,"完了",IF(H9>=G9,"順調","遅延")))) | K9: =COUNTIFS(明細!$I$5:$I$363,A9,明細!$D$5:$D$363,"バッチ") | L9: =COUNTIFS(明細!$J$5:$J$363,A9,明細!$D$5:$D$363,"バッチ") | M9: =IF(K9=0,0,L9/K9) | N9: =SUM($K$6:K9) | O9: =SUM($L$6:L9) | P9: =IF(N9=0,"",O9/N9) | Q9: =IF(A9>$S$2,"予定",IF(N9=0,"－",IF(P9>=1,"完了",IF(O9>=N9,"順調","遅延")))) | R9: =D9+K9 | S9: =E9+L9
A10: 46006 | B10: =CHOOSE(WEEKDAY(A10,2),"月","火","水","木","金","土","日") | C10: =IF(OR(WEEKDAY(A10,2)>=6,COUNTIF(祝日マスタ!$A:$A,A10)>0),"非営業日","営業日") | D10: =COUNTIFS(明細!$F$5:$F$363,A10,明細!$D$5:$D$363,"バッチ") | E10: =COUNTIFS(明細!$G$5:$G$363,A10,明細!$D$5:$D$363,"バッチ") | F10: =IF(D10=0,0,E10/D10) | G10: =SUM($D$6:D10) | H10: =SUM($E$6:E10) | I10: =IF(G10=0,"",H10/G10) | J10: =IF(A10>$S$2,"予定",IF(G10=0,"－",IF(I10>=1,"完了",IF(H10>=G10,"順調","遅延")))) | K10: =COUNTIFS(明細!$I$5:$I$363,A10,明細!$D$5:$D$363,"バッチ") | L10: =COUNTIFS(明細!$J$5:$J$363,A10,明細!$D$5:$D$363,"バッチ") | M10: =IF(K10=0,0,L10/K10) | N10: =SUM($K$6:K10) | O10: =SUM($L$6:L10) | P10: =IF(N10=0,"",O10/N10) | Q10: =IF(A10>$S$2,"予定",IF(N10=0,"－",IF(P10>=1,"完了",IF(O10>=N10,"順調","遅延")))) | R10: =D10+K10 | S10: =E10+L10
A11: 46007 | B11: =CHOOSE(WEEKDAY(A11,2),"月","火","水","木","金","土","日") | C11: =IF(OR(WEEKDAY(A11,2)>=6,COUNTIF(祝日マスタ!$A:$A,A11)>0),"非営業日","営業日") | D11: =COUNTIFS(明細!$F$5:$F$363,A11,明細!$D$5:$D$363,"バッチ") | E11: =COUNTIFS(明細!$G$5:$G$363,A11,明細!$D$5:$D$363,"バッチ") | F11: =IF(D11=0,0,E11/D11) | G11: =SUM($D$6:D11) | H11: =SUM($E$6:E11) | I11: =IF(G11=0,"",H11/G11) | J11: =IF(A11>$S$2,"予定",IF(G11=0,"－",IF(I11>=1,"完了",IF(H11>=G11,"順調","遅延")))) | K11: =COUNTIFS(明細!$I$5:$I$363,A11,明細!$D$5:$D$363,"バッチ") | L11: =COUNTIFS(明細!$J$5:$J$363,A11,明細!$D$5:$D$363,"バッチ") | M11: =IF(K11=0,0,L11/K11) | N11: =SUM($K$6:K11) | O11: =SUM($L$6:L11) | P11: =IF(N11=0,"",O11/N11) | Q11: =IF(A11>$S$2,"予定",IF(N11=0,"－",IF(P11>=1,"完了",IF(O11>=N11,"順調","遅延")))) | R11: =D11+K11 | S11: =E11+L11
A12: 46008 | B12: =CHOOSE(WEEKDAY(A12,2),"月","火","水","木","金","土","日") | C12: =IF(OR(WEEKDAY(A12,2)>=6,COUNTIF(祝日マスタ!$A:$A,A12)>0),"非営業日","営業日") | D12: =COUNTIFS(明細!$F$5:$F$363,A12,明細!$D$5:$D$363,"バッチ") | E12: =COUNTIFS(明細!$G$5:$G$363,A12,明細!$D$5:$D$363,"バッチ") | F12: =IF(D12=0,0,E12/D12) | G12: =SUM($D$6:D12) | H12: =SUM($E$6:E12) | I12: =IF(G12=0,"",H12/G12) | J12: =IF(A12>$S$2,"予定",IF(G12=0,"－",IF(I12>=1,"完了",IF(H12>=G12,"順調","遅延")))) | K12: =COUNTIFS(明細!$I$5:$I$363,A12,明細!$D$5:$D$363,"バッチ") | L12: =COUNTIFS(明細!$J$5:$J$363,A12,明細!$D$5:$D$363,"バッチ") | M12: =IF(K12=0,0,L12/K12) | N12: =SUM($K$6:K12) | O12: =SUM($L$6:L12) | P12: =IF(N12=0,"",O12/N12) | Q12: =IF(A12>$S$2,"予定",IF(N12=0,"－",IF(P12>=1,"完了",IF(O12>=N12,"順調","遅延")))) | R12: =D12+K12 | S12: =E12+L12
A13: 46009 | B13: =CHOOSE(WEEKDAY(A13,2),"月","火","水","木","金","土","日") | C13: =IF(OR(WEEKDAY(A13,2)>=6,COUNTIF(祝日マスタ!$A:$A,A13)>0),"非営業日","営業日") | D13: =COUNTIFS(明細!$F$5:$F$363,A13,明細!$D$5:$D$363,"バッチ") | E13: =COUNTIFS(明細!$G$5:$G$363,A13,明細!$D$5:$D$363,"バッチ") | F13: =IF(D13=0,0,E13/D13) | G13: =SUM($D$6:D13) | H13: =SUM($E$6:E13) | I13: =IF(G13=0,"",H13/G13) | J13: =IF(A13>$S$2,"予定",IF(G13=0,"－",IF(I13>=1,"完了",IF(H13>=G13,"順調","遅延")))) | K13: =COUNTIFS(明細!$I$5:$I$363,A13,明細!$D$5:$D$363,"バッチ") | L13: =COUNTIFS(明細!$J$5:$J$363,A13,明細!$D$5:$D$363,"バッチ") | M13: =IF(K13=0,0,L13/K13) | N13: =SUM($K$6:K13) | O13: =SUM($L$6:L13) | P13: =IF(N13=0,"",O13/N13) | Q13: =IF(A13>$S$2,"予定",IF(N13=0,"－",IF(P13>=1,"完了",IF(O13>=N13,"順調","遅延")))) | R13: =D13+K13 | S13: =E13+L13
A14: 46010 | B14: =CHOOSE(WEEKDAY(A14,2),"月","火","水","木","金","土","日") | C14: =IF(OR(WEEKDAY(A14,2)>=6,COUNTIF(祝日マスタ!$A:$A,A14)>0),"非営業日","営業日") | D14: =COUNTIFS(明細!$F$5:$F$363,A14,明細!$D$5:$D$363,"バッチ") | E14: =COUNTIFS(明細!$G$5:$G$363,A14,明細!$D$5:$D$363,"バッチ") | F14: =IF(D14=0,0,E14/D14) | G14: =SUM($D$6:D14) | H14: =SUM($E$6:E14) | I14: =IF(G14=0,"",H14/G14) | J14: =IF(A14>$S$2,"予定",IF(G14=0,"－",IF(I14>=1,"完了",IF(H14>=G14,"順調","遅延")))) | K14: =COUNTIFS(明細!$I$5:$I$363,A14,明細!$D$5:$D$363,"バッチ") | L14: =COUNTIFS(明細!$J$5:$J$363,A14,明細!$D$5:$D$363,"バッチ") | M14: =IF(K14=0,0,L14/K14) | N14: =SUM($K$6:K14) | O14: =SUM($L$6:L14) | P14: =IF(N14=0,"",O14/N14) | Q14: =IF(A14>$S$2,"予定",IF(N14=0,"－",IF(P14>=1,"完了",IF(O14>=N14,"順調","遅延")))) | R14: =D14+K14 | S14: =E14+L14
A15: 46011 | B15: =CHOOSE(WEEKDAY(A15,2),"月","火","水","木","金","土","日") | C15: =IF(OR(WEEKDAY(A15,2)>=6,COUNTIF(祝日マスタ!$A:$A,A15)>0),"非営業日","営業日") | D15: =COUNTIFS(明細!$F$5:$F$363,A15,明細!$D$5:$D$363,"バッチ") | E15: =COUNTIFS(明細!$G$5:$G$363,A15,明細!$D$5:$D$363,"バッチ") | F15: =IF(D15=0,0,E15/D15) | G15: =SUM($D$6:D15) | H15: =SUM($E$6:E15) | I15: =IF(G15=0,"",H15/G15) | J15: =IF(A15>$S$2,"予定",IF(G15=0,"－",IF(I15>=1,"完了",IF(H15>=G15,"順調","遅延")))) | K15: =COUNTIFS(明細!$I$5:$I$363,A15,明細!$D$5:$D$363,"バッチ") | L15: =COUNTIFS(明細!$J$5:$J$363,A15,明細!$D$5:$D$363,"バッチ") | M15: =IF(K15=0,0,L15/K15) | N15: =SUM($K$6:K15) | O15: =SUM($L$6:L15) | P15: =IF(N15=0,"",O15/N15) | Q15: =IF(A15>$S$2,"予定",IF(N15=0,"－",IF(P15>=1,"完了",IF(O15>=N15,"順調","遅延")))) | R15: =D15+K15 | S15: =E15+L15
A16: 46012 | B16: =CHOOSE(WEEKDAY(A16,2),"月","火","水","木","金","土","日") | C16: =IF(OR(WEEKDAY(A16,2)>=6,COUNTIF(祝日マスタ!$A:$A,A16)>0),"非営業日","営業日") | D16: =COUNTIFS(明細!$F$5:$F$363,A16,明細!$D$5:$D$363,"バッチ") | E16: =COUNTIFS(明細!$G$5:$G$363,A16,明細!$D$5:$D$363,"バッチ") | F16: =IF(D16=0,0,E16/D16) | G16: =SUM($D$6:D16) | H16: =SUM($E$6:E16) | I16: =IF(G16=0,"",H16/G16) | J16: =IF(A16>$S$2,"予定",IF(G16=0,"－",IF(I16>=1,"完了",IF(H16>=G16,"順調","遅延")))) | K16: =COUNTIFS(明細!$I$5:$I$363,A16,明細!$D$5:$D$363,"バッチ") | L16: =COUNTIFS(明細!$J$5:$J$363,A16,明細!$D$5:$D$363,"バッチ") | M16: =IF(K16=0,0,L16/K16) | N16: =SUM($K$6:K16) | O16: =SUM($L$6:L16) | P16: =IF(N16=0,"",O16/N16) | Q16: =IF(A16>$S$2,"予定",IF(N16=0,"－",IF(P16>=1,"完了",IF(O16>=N16,"順調","遅延")))) | R16: =D16+K16 | S16: =E16+L16
A17: 46013 | B17: =CHOOSE(WEEKDAY(A17,2),"月","火","水","木","金","土","日") | C17: =IF(OR(WEEKDAY(A17,2)>=6,COUNTIF(祝日マスタ!$A:$A,A17)>0),"非営業日","営業日") | D17: =COUNTIFS(明細!$F$5:$F$363,A17,明細!$D$5:$D$363,"バッチ") | E17: =COUNTIFS(明細!$G$5:$G$363,A17,明細!$D$5:$D$363,"バッチ") | F17: =IF(D17=0,0,E17/D17) | G17: =SUM($D$6:D17) | H17: =SUM($E$6:E17) | I17: =IF(G17=0,"",H17/G17) | J17: =IF(A17>$S$2,"予定",IF(G17=0,"－",IF(I17>=1,"完了",IF(H17>=G17,"順調","遅延")))) | K17: =COUNTIFS(明細!$I$5:$I$363,A17,明細!$D$5:$D$363,"バッチ") | L17: =COUNTIFS(明細!$J$5:$J$363,A17,明細!$D$5:$D$363,"バッチ") | M17: =IF(K17=0,0,L17/K17) | N17: =SUM($K$6:K17) | O17: =SUM($L$6:L17) | P17: =IF(N17=0,"",O17/N17) | Q17: =IF(A17>$S$2,"予定",IF(N17=0,"－",IF(P17>=1,"完了",IF(O17>=N17,"順調","遅延")))) | R17: =D17+K17 | S17: =E17+L17
... A182: 46178 | B182: =CHOOSE(WEEKDAY(A182,2),"月","火","水","木","金","土","日") | C182: =IF(OR(WEEKDAY(A182,2)>=6,COUNTIF(祝日マスタ!$A:$A,A182)>0),"非営業日","営業日") | D182: =COUNTIFS(明細!$F$5:$F$363,A182,明細!$D$5:$D$363,"バッチ") | E182: =COUNTIFS(明細!$G$5:$G$363,A182,明細!$D$5:$D$363,"バッチ") | F182: =IF(D182=0,0,E182/D182) | G182: =SUM($D$6:D182) | H182: =SUM($E$6:E182) | I182: =IF(G182=0,"",H182/G182) | J182: =IF(A182>$S$2,"予定",IF(G182=0,"－",IF(I182>=1,"完了",IF(H182>=G182,"順調","遅延")))) | K182: =COUNTIFS(明細!$I$5:$I$363,A182,明細!$D$5:$D$363,"バッチ") | L182: =COUNTIFS(明細!$J$5:$J$363,A182,明細!$D$5:$D$363,"バッチ") | M182: =IF(K182=0,0,L182/K182) | N182: =SUM($K$6:K182) | O182: =SUM($L$6:L182) | P182: =IF(N182=0,"",O182/N182) | Q182: =IF(A182>$S$2,"予定",IF(N182=0,"－",IF(P182>=1,"完了",IF(O182>=N182,"順調","遅延")))) | R182: =D182+K182 | S182: =E182+L182

Sheet 進捗サマリー_基盤
A1: テスト進捗サマリー（基盤）
A2: 集計期間: 2025/12/12 ～ 2026/06/07 (178日間) | R2: 基準日: | S2: =ダッシュボード!$B$2
A3: 共通 | D3: 実施 | K3: 検証 | R3: 合計
A4: 日付 | B4: 曜 | C4: 営業日 | D4: 予定 | E4: 実績 | F4: 消化率 | G4: 予定累計 | H4: 実績累計 | I4: 累計消化率 | J4: 判定 | K4: 予定 | L4: 実績 | M4: 消化率 | N4: 予定累計 | O4: 実績累計 | P4: 累計消化率 | Q4: 判定 | R4: 予定 | S4: 実績
A5: 合計 | D5: =SUM(D6:D183) | E5: =SUM(E6:E183) | F5: =IF(D5=0,0,E5/D5) | G5: =D5 | H5: =E5 | I5: =IF(G5=0,"",H5/G5) | J5: =IF(I5>=1,"完了",IF(H5>=G5,"順調","遅延")) | K5: =SUM(K6:K183) | L5: =SUM(L6:L183) | M5: =IF(K5=0,0,L5/K5) | N5: =K5 | O5: =L5 | P5: =IF(N5=0,"",O5/N5) | Q5: =IF(P5>=1,"完了",IF(O5>=N5,"順調","遅延")) | R5: =D5+K5 | S5: =E5+L5
A6: 46003 | B6: =CHOOSE(WEEKDAY(A6,2),"月","火","水","木","金","土","日") | C6: =IF(OR(WEEKDAY(A6,2)>=6,COUNTIF(祝日マスタ!$A:$A,A6)>0),"非営業日","営業日") | D6: =COUNTIFS(明細!$F$5:$F$363,A6,明細!$D$5:$D$363,"基盤") | E6: =COUNTIFS(明細!$G$5:$G$363,A6,明細!$D$5:$D$363,"基盤") | F6: =IF(D6=0,0,E6/D6) | G6: =SUM($D$6:D6) | H6: =SUM($E$6:E6) | I6: =IF(G6=0,"",H6/G6) | J6: =IF(A6>$S$2,"予定",IF(G6=0,"－",IF(I6>=1,"完了",IF(H6>=G6,"順調","遅延")))) | K6: =COUNTIFS(明細!$I$5:$I$363,A6,明細!$D$5:$D$363,"基盤") | L6: =COUNTIFS(明細!$J$5:$J$363,A6,明細!$D$5:$D$363,"基盤") | M6: =IF(K6=0,0,L6/K6) | N6: =SUM($K$6:K6) | O6: =SUM($L$6:L6) | P6: =IF(N6=0,"",O6/N6) | Q6: =IF(A6>$S$2,"予定",IF(N6=0,"－",IF(P6>=1,"完了",IF(O6>=N6,"順調","遅延")))) | R6: =D6+K6 | S6: =E6+L6
A7: 46004 | B7: =CHOOSE(WEEKDAY(A7,2),"月","火","水","木","金","土","日") | C7: =IF(OR(WEEKDAY(A7,2)>=6,COUNTIF(祝日マスタ!$A:$A,A7)>0),"非営業日","営業日") | D7: =COUNTIFS(明細!$F$5:$F$363,A7,明細!$D$5:$D$363,"基盤") | E7: =COUNTIFS(明細!$G$5:$G$363,A7,明細!$D$5:$D$363,"基盤") | F7: =IF(D7=0,0,E7/D7) | G7: =SUM($D$6:D7) | H7: =SUM($E$6:E7) | I7: =IF(G7=0,"",H7/G7) | J7: =IF(A7>$S$2,"予定",IF(G7=0,"－",IF(I7>=1,"完了",IF(H7>=G7,"順調","遅延")))) | K7: =COUNTIFS(明細!$I$5:$I$363,A7,明細!$D$5:$D$363,"基盤") | L7: =COUNTIFS(明細!$J$5:$J$363,A7,明細!$D$5:$D$363,"基盤") | M7: =IF(K7=0,0,L7/K7) | N7: =SUM($K$6:K7) | O7: =SUM($L$6:L7) | P7: =IF(N7=0,"",O7/N7) | Q7: =IF(A7>$S$2,"予定",IF(N7=0,"－",IF(P7>=1,"完了",IF(O7>=N7,"順調","遅延")))) | R7: =D7+K7 | S7: =E7+L7
A8: 46005 | B8: =CHOOSE(WEEKDAY(A8,2),"月","火","水","木","金","土","日") | C8: =IF(OR(WEEKDAY(A8,2)>=6,COUNTIF(祝日マスタ!$A:$A,A8)>0),"非営業日","営業日") | D8: =COUNTIFS(明細!$F$5:$F$363,A8,明細!$D$5:$D$363,"基盤") | E8: =COUNTIFS(明細!$G$5:$G$363,A8,明細!$D$5:$D$363,"基盤") | F8: =IF(D8=0,0,E8/D8) | G8: =SUM($D$6:D8) | H8: =SUM($E$6:E8) | I8: =IF(G8=0,"",H8/G8) | J8: =IF(A8>$S$2,"予定",IF(G8=0,"－",IF(I8>=1,"完了",IF(H8>=G8,"順調","遅延")))) | K8: =COUNTIFS(明細!$I$5:$I$363,A8,明細!$D$5:$D$363,"基盤") | L8: =COUNTIFS(明細!$J$5:$J$363,A8,明細!$D$5:$D$363,"基盤") | M8: =IF(K8=0,0,L8/K8) | N8: =SUM($K$6:K8) | O8: =SUM($L$6:L8) | P8: =IF(N8=0,"",O8/N8) | Q8: =IF(A8>$S$2,"予定",IF(N8=0,"－",IF(P8>=1,"完了",IF(O8>=N8,"順調","遅延")))) | R8: =D8+K8 | S8: =E8+L8
A9: 46006 | B9: =CHOOSE(WEEKDAY(A9,2),"月","火","水","木","金","土","日") | C9: =IF(OR(WEEKDAY(A9,2)>=6,COUNTIF(祝日マスタ!$A:$A,A9)>0),"非営業日","営業日") | D9: =COUNTIFS(明細!$F$5:$F$363,A9,明細!$D$5:$D$363,"基盤") | E9: =COUNTIFS(明細!$G$5:$G$363,A9,明細!$D$5:$D$363,"基盤") | F9: =IF(D9=0,0,E9/D9) | G9: =SUM($D$6:D9) | H9: =SUM($E$6:E9) | I9: =IF(G9=0,"",H9/G9) | J9: =IF(A9>$S$2,"予定",IF(G9=0,"－",IF(I9>=1,"完了",IF(H9>=G9,"順調","遅延")))) | K9: =COUNTIFS(明細!$I$5:$I$363,A9,明細!$D$5:$D$363,"基盤") | L9: =COUNTIFS(明細!$J$5:$J$363,A9,明細!$D$5:$D$363,"基盤") | M9: =IF(K9=0,0,L9/K9) | N9: =SUM($K$6:K9) | O9: =SUM($L$6:L9) | P9: =IF(N9=0,"",O9/N9) | Q9: =IF(A9>$S$2,"予定",IF(N9=0,"－",IF(P9>=1,"完了",IF(O9>=N9,"順調","遅延")))) | R9: =D9+K9 | S9: =E9+L9
A10: 46007 | B10: =CHOOSE(WEEKDAY(A10,2),"月","火","水","木","金","土","日") | C10: =IF(OR(WEEKDAY(A10,2)>=6,COUNTIF(祝日マスタ!$A:$A,A10)>0),"非営業日","営業日") | D10: =COUNTIFS(明細!$F$5:$F$363,A10,明細!$D$5:$D$363,"基盤") | E10: =COUNTIFS(明細!$G$5:$G$363,A10,明細!$D$5:$D$363,"基盤") | F10: =IF(D10=0,0,E10/D10) | G10: =SUM($D$6:D10) | H10: =SUM($E$6:E10) | I10: =IF(G10=0,"",H10/G10) | J10: =IF(A10>$S$2,"予定",IF(G10=0,"－",IF(I10>=1,"完了",IF(H10>=G10,"順調","遅延")))) | K10: =COUNTIFS(明細!$I$5:$I$363,A10,明細!$D$5:$D$363,"基盤") | L10: =COUNTIFS(明細!$J$5:$J$363,A10,明細!$D$5:$D$363,"基盤") | M10: =IF(K10=0,0,L10/K10) | N10: =SUM($K$6:K10) | O10: =SUM($L$6:L10) | P10: =IF(N10=0,"",O10/N10) | Q10: =IF(A10>$S$2,"予定",IF(N10=0,"－",IF(P10>=1,"完了",IF(O10>=N10,"順調","遅延")))) | R10: =D10+K10 | S10: =E10+L10
A11: 46008 | B11: =CHOOSE(WEEKDAY(A11,2),"月","火","水","木","金","土","日") | C11: =IF(OR(WEEKDAY(A11,2)>=6,COUNTIF(祝日マスタ!$A:$A,A11)>0),"非営業日","営業日") | D11: =COUNTIFS(明細!$F$5:$F$363,A11,明細!$D$5:$D$363,"基盤") | E11: =COUNTIFS(明細!$G$5:$G$363,A11,明細!$D$5:$D$363,"基盤") | F11: =IF(D11=0,0,E11/D11) | G11: =SUM($D$6:D11) | H11: =SUM($E$6:E11) | I11: =IF(G11=0,"",H11/G11) | J11: =IF(A11>$S$2,"予定",IF(G11=0,"－",IF(I11>=1,"完了",IF(H11>=G11,"順調","遅延")))) | K11: =COUNTIFS(明細!$I$5:$I$363,A11,明細!$D$5:$D$363,"基盤") | L11: =COUNTIFS(明細!$J$5:$J$363,A11,明細!$D$5:$D$363,"基盤") | M11: =IF(K11=0,0,L11/K11) | N11: =SUM($K$6:K11) | O11: =SUM($L$6:L11) | P11: =IF(N11=0,"",O11/N11) | Q11: =IF(A11>$S$2,"予定",IF(N11=0,"－",IF(P11>=1,"完了",IF(O11>=N11,"順調","遅延")))) | R11: =D11+K11 | S11: =E11+L11
A12: 46009 | B12: =CHOOSE(WEEKDAY(A12,2),"月","火","水","木","金","土","日") | C12: =IF(OR(WEEKDAY(A12,2)>=6,COUNTIF(祝日マスタ!$A:$A,A12)>0),"非営業日","営業日") | D12: =COUNTIFS(明細!$F$5:$F$363,A12,明細!$D$5:$D$363,"基盤") | E12: =COUNTIFS(明細!$G$5:$G$363,A12,明細!$D$5:$D$363,"基盤") | F12: =IF(D12=0,0,E12/D12) | G12: =SUM($D$6:D12) | H12: =SUM($E$6:E12) | I12: =IF(G12=0,"",H12/G12) | J12: =IF(A12>$S$2,"予定",IF(G12=0,"－",IF(I12>=1,"完了",IF(H12>=G12,"順調","遅延")))) | K12: =COUNTIFS(明細!$I$5:$I$363,A12,明細!$D$5:$D$363,"基盤") | L12: =COUNTIFS(明細!$J$5:$J$363,A12,明細!$D$5:$D$363,"基盤") | M12: =IF(K12=0,0,L12/K12) | N12: =SUM($K$6:K12) | O12: =SUM($L$6:L12) | P12: =IF(N12=0,"",O12/N12) | Q12: =IF(A12>$S$2,"予定",IF(N12=0,"－",IF(P12>=1,"完了",IF(O12>=N12,"順調","遅延")))) | R12: =D12+K12 | S12: =E12+L12
A13: 46010 | B13: =CHOOSE(WEEKDAY(A13,2),"月","火","水","木","金","土","日") | C13: =IF(OR(WEEKDAY(A13,2)>=6,COUNTIF(祝日マスタ!$A:$A,A13)>0),"非営業日","営業日") | D13: =COUNTIFS(明細!$F$5:$F$363,A13,明細!$D$5:$D$363,"基盤") | E13: =COUNTIFS(明細!$G$5:$G$363,A13,明細!$D$5:$D$363,"基盤") | F13: =IF(D13=0,0,E13/D13) | G13: =SUM($D$6:D13) | H13: =SUM($E$6:E13) | I13: =IF(G13=0,"",H13/G13) | J13: =IF(A13>$S$2,"予定",IF(G13=0,"－",IF(I13>=1,"完了",IF(H13>=G13,"順調","遅延")))) | K13: =COUNTIFS(明細!$I$5:$I$363,A13,明細!$D$5:$D$363,"基盤") | L13: =COUNTIFS(明細!$J$5:$J$363,A13,明細!$D$5:$D$363,"基盤") | M13: =IF(K13=0,0,L13/K13) | N13: =SUM($K$6:K13) | O13: =SUM($L$6:L13) | P13: =IF(N13=0,"",O13/N13) | Q13: =IF(A13>$S$2,"予定",IF(N13=0,"－",IF(P13>=1,"完了",IF(O13>=N13,"順調","遅延")))) | R13: =D13+K13 | S13: =E13+L13
A14: 46011 | B14: =CHOOSE(WEEKDAY(A14,2),"月","火","水","木","金","土","日") | C14: =IF(OR(WEEKDAY(A14,2)>=6,COUNTIF(祝日マスタ!$A:$A,A14)>0),"非営業日","営業日") | D14: =COUNTIFS(明細!$F$5:$F$363,A14,明細!$D$5:$D$363,"基盤") | E14: =COUNTIFS(明細!$G$5:$G$363,A14,明細!$D$5:$D$363,"基盤") | F14: =IF(D14=0,0,E14/D14) | G14: =SUM($D$6:D14) | H14: =SUM($E$6:E14) | I14: =IF(G14=0,"",H14/G14) | J14: =IF(A14>$S$2,"予定",IF(G14=0,"－",IF(I14>=1,"完了",IF(H14>=G14,"順調","遅延")))) | K14: =COUNTIFS(明細!$I$5:$I$363,A14,明細!$D$5:$D$363,"基盤") | L14: =COUNTIFS(明細!$J$5:$J$363,A14,明細!$D$5:$D$363,"基盤") | M14: =IF(K14=0,0,L14/K14) | N14: =SUM($K$6:K14) | O14: =SUM($L$6:L14) | P14: =IF(N14=0,"",O14/N14) | Q14: =IF(A14>$S$2,"予定",IF(N14=0,"－",IF(P14>=1,"完了",IF(O14>=N14,"順調","遅延")))) | R14: =D14+K14 | S14: =E14+L14
A15: 46012 | B15: =CHOOSE(WEEKDAY(A15,2),"月","火","水","木","金","土","日") | C15: =IF(OR(WEEKDAY(A15,2)>=6,COUNTIF(祝日マスタ!$A:$A,A15)>0),"非営業日","営業日") | D15: =COUNTIFS(明細!$F$5:$F$363,A15,明細!$D$5:$D$363,"基盤") | E15: =COUNTIFS(明細!$G$5:$G$363,A15,明細!$D$5:$D$363,"基盤") | F15: =IF(D15=0,0,E15/D15) | G15: =SUM($D$6:D15) | H15: =SUM($E$6:E15) | I15: =IF(G15=0,"",H15/G15) | J15: =IF(A15>$S$2,"予定",IF(G15=0,"－",IF(I15>=1,"完了",IF(H15>=G15,"順調","遅延")))) | K15: =COUNTIFS(明細!$I$5:$I$363,A15,明細!$D$5:$D$363,"基盤") | L15: =COUNTIFS(明細!$J$5:$J$363,A15,明細!$D$5:$D$363,"基盤") | M15: =IF(K15=0,0,L15/K15) | N15: =SUM($K$6:K15) | O15: =SUM($L$6:L15) | P15: =IF(N15=0,"",O15/N15) | Q15: =IF(A15>$S$2,"予定",IF(N15=0,"－",IF(P15>=1,"完了",IF(O15>=N15,"順調","遅延")))) | R15: =D15+K15 | S15: =E15+L15
A16: 46013 | B16: =CHOOSE(WEEKDAY(A16,2),"月","火","水","木","金","土","日") | C16: =IF(OR(WEEKDAY(A16,2)>=6,COUNTIF(祝日マスタ!$A:$A,A16)>0),"非営業日","営業日") | D16: =COUNTIFS(明細!$F$5:$F$363,A16,明細!$D$5:$D$363,"基盤") | E16: =COUNTIFS(明細!$G$5:$G$363,A16,明細!$D$5:$D$363,"基盤") | F16: =IF(D16=0,0,E16/D16) | G16: =SUM($D$6:D16) | H16: =SUM($E$6:E16) | I16: =IF(G16=0,"",H16/G16) | J16: =IF(A16>$S$2,"予定",IF(G16=0,"－",IF(I16>=1,"完了",IF(H16>=G16,"順調","遅延")))) | K16: =COUNTIFS(明細!$I$5:$I$363,A16,明細!$D$5:$D$363,"基盤") | L16: =COUNTIFS(明細!$J$5:$J$363,A16,明細!$D$5:$D$363,"基盤") | M16: =IF(K16=0,0,L16/K16) | N16: =SUM($K$6:K16) | O16: =SUM($L$6:L16) | P16: =IF(N16=0,"",O16/N16) | Q16: =IF(A16>$S$2,"予定",IF(N16=0,"－",IF(P16>=1,"完了",IF(O16>=N16,"順調","遅延")))) | R16: =D16+K16 | S16: =E16+L16
A17: 46014 | B17: =CHOOSE(WEEKDAY(A17,2),"月","火","水","木","金","土","日") | C17: =IF(OR(WEEKDAY(A17,2)>=6,COUNTIF(祝日マスタ!$A:$A,A17)>0),"非営業日","営業日") | D17: =COUNTIFS(明細!$F$5:$F$363,A17,明細!$D$5:$D$363,"基盤") | E17: =COUNTIFS(明細!$G$5:$G$363,A17,明細!$D$5:$D$363,"基盤") | F17: =IF(D17=0,0,E17/D17) | G17: =SUM($D$6:D17) | H17: =SUM($E$6:E17) | I17: =IF(G17=0,"",H17/G17) | J17: =IF(A17>$S$2,"予定",IF(G17=0,"－",IF(I17>=1,"完了",IF(H17>=G17,"順調","遅延")))) | K17: =COUNTIFS(明細!$I$5:$I$363,A17,明細!$D$5:$D$363,"基盤") | L17: =COUNTIFS(明細!$J$5:$J$363,A17,明細!$D$5:$D$363,"基盤") | M17: =IF(K17=0,0,L17/K17) | N17: =SUM($K$6:K17) | O17: =SUM($L$6:L17) | P17: =IF(N17=0,"",O17/N17) | Q17: =IF(A17>$S$2,"予定",IF(N17=0,"－",IF(P17>=1,"完了",IF(O17>=N17,"順調","遅延")))) | R17: =D17+K17 | S17: =E17+L17
... A183: 46180 | B183: =CHOOSE(WEEKDAY(A183,2),"月","火","水","木","金","土","日") | C183: =IF(OR(WEEKDAY(A183,2)>=6,COUNTIF(祝日マスタ!$A:$A,A183)>0),"非営業日","営業日") | D183: =COUNTIFS(明細!$F$5:$F$363,A183,明細!$D$5:$D$363,"基盤") | E183: =COUNTIFS(明細!$G$5:$G$363,A183,明細!$D$5:$D$363,"基盤") | F183: =IF(D183=0,0,E183/D183) | G183: =SUM($D$6:D183) | H183: =SUM($E$6:E183) | I183: =IF(G183=0,"",H183/G183) | J183: =IF(A183>$S$2,"予定",IF(G183=0,"－",IF(I183>=1,"完了",IF(H183>=G183,"順調","遅延")))) | K183: =COUNTIFS(明細!$I$5:$I$363,A183,明細!$D$5:$D$363,"基盤") | L183: =COUNTIFS(明細!$J$5:$J$363,A183,明細!$D$5:$D$363,"基盤") | M183: =IF(K183=0,0,L183/K183) | N183: =SUM($K$6:K183) | O183: =SUM($L$6:L183) | P183: =IF(N183=0,"",O183/N183) | Q183: =IF(A183>$S$2,"予定",IF(N183=0,"－",IF(P183>=1,"完了",IF(O183>=N183,"順調","遅延")))) | R183: =D183+K183 | S183: =E183+L183

Sheet 進捗サマリー_運用
A1: テスト進捗サマリー（運用）
A2: 集計期間: 2025/12/14 ～ 2026/06/10 (179日間) | R2: 基準日: | S2: =ダッシュボード!$B$2
A3: 共通 | D3: 実施 | K3: 検証 | R3: 合計
A4: 日付 | B4: 曜 | C4: 営業日 | D4: 予定 | E4: 実績 | F4: 消化率 | G4: 予定累計 | H4: 実績累計 | I4: 累計消化率 | J4: 判定 | K4: 予定 | L4: 実績 | M4: 消化率 | N4: 予定累計 | O4: 実績累計 | P4: 累計消化率 | Q4: 判定 | R4: 予定 | S4: 実績
A5: 合計 | D5: =SUM(D6:D184) | E5: =SUM(E6:E184) | F5: =IF(D5=0,0,E5/D5) | G5: =D5 | H5: =E5 | I5: =IF(G5=0,"",H5/G5) | J5: =IF(I5>=1,"完了",IF(H5>=G5,"順調","遅延")) | K5: =SUM(K6:K184) | L5: =SUM(L6:L184) | M5: =IF(K5=0,0,L5/K5) | N5: =K5 | O5: =L5 | P5: =IF(N5=0,"",O5/N5) | Q5: =IF(P5>=1,"完了",IF(O5>=N5,"順調","遅延")) | R5: =D5+K5 | S5: =E5+L5
A6: 46005 | B6: =CHOOSE(WEEKDAY(A6,2),"月","火","水","木","金","土","日") | C6: =IF(OR(WEEKDAY(A6,2)>=6,COUNTIF(祝日マスタ!$A:$A,A6)>0),"非営業日","営業日") | D6: =COUNTIFS(明細!$F$5:$F$363,A6,明細!$D$5:$D$363,"運用") | E6: =COUNTIFS(明細!$G$5:$G$363,A6,明細!$D$5:$D$363,"運用") | F6: =IF(D6=0,0,E6/D6) | G6: =SUM($D$6:D6) | H6: =SUM($E$6:E6) | I6: =IF(G6=0,"",H6/G6) | J6: =IF(A6>$S$2,"予定",IF(G6=0,"－",IF(I6>=1,"完了",IF(H6>=G6,"順調","遅延")))) | K6: =COUNTIFS(明細!$I$5:$I$363,A6,明細!$D$5:$D$363,"運用") | L6: =COUNTIFS(明細!$J$5:$J$363,A6,明細!$D$5:$D$363,"運用") | M6: =IF(K6=0,0,L6/K6) | N6: =SUM($K$6:K6) | O6: =SUM($L$6:L6) | P6: =IF(N6=0,"",O6/N6) | Q6: =IF(A6>$S$2,"予定",IF(N6=0,"－",IF(P6>=1,"完了",IF(O6>=N6,"順調","遅延")))) | R6: =D6+K6 | S6: =E6+L6
A7: 46006 | B7: =CHOOSE(WEEKDAY(A7,2),"月","火","水","木","金","土","日") | C7: =IF(OR(WEEKDAY(A7,2)>=6,COUNTIF(祝日マスタ!$A:$A,A7)>0),"非営業日","営業日") | D7: =COUNTIFS(明細!$F$5:$F$363,A7,明細!$D$5:$D$363,"運用") | E7: =COUNTIFS(明細!$G$5:$G$363,A7,明細!$D$5:$D$363,"運用") | F7: =IF(D7=0,0,E7/D7) | G7: =SUM($D$6:D7) | H7: =SUM($E$6:E7) | I7: =IF(G7=0,"",H7/G7) | J7: =IF(A7>$S$2,"予定",IF(G7=0,"－",IF(I7>=1,"完了",IF(H7>=G7,"順調","遅延")))) | K7: =COUNTIFS(明細!$I$5:$I$363,A7,明細!$D$5:$D$363,"運用") | L7: =COUNTIFS(明細!$J$5:$J$363,A7,明細!$D$5:$D$363,"運用") | M7: =IF(K7=0,0,L7/K7) | N7: =SUM($K$6:K7) | O7: =SUM($L$6:L7) | P7: =IF(N7=0,"",O7/N7) | Q7: =IF(A7>$S$2,"予定",IF(N7=0,"－",IF(P7>=1,"完了",IF(O7>=N7,"順調","遅延")))) | R7: =D7+K7 | S7: =E7+L7
A8: 46007 | B8: =CHOOSE(WEEKDAY(A8,2),"月","火","水","木","金","土","日") | C8: =IF(OR(WEEKDAY(A8,2)>=6,COUNTIF(祝日マスタ!$A:$A,A8)>0),"非営業日","営業日") | D8: =COUNTIFS(明細!$F$5:$F$363,A8,明細!$D$5:$D$363,"運用") | E8: =COUNTIFS(明細!$G$5:$G$363,A8,明細!$D$5:$D$363,"運用") | F8: =IF(D8=0,0,E8/D8) | G8: =SUM($D$6:D8) | H8: =SUM($E$6:E8) | I8: =IF(G8=0,"",H8/G8) | J8: =IF(A8>$S$2,"予定",IF(G8=0,"－",IF(I8>=1,"完了",IF(H8>=G8,"順調","遅延")))) | K8: =COUNTIFS(明細!$I$5:$I$363,A8,明細!$D$5:$D$363,"運用") | L8: =COUNTIFS(明細!$J$5:$J$363,A8,明細!$D$5:$D$363,"運用") | M8: =IF(K8=0,0,L8/K8) | N8: =SUM($K$6:K8) | O8: =SUM($L$6:L8) | P8: =IF(N8=0,"",O8/N8) | Q8: =IF(A8>$S$2,"予定",IF(N8=0,"－",IF(P8>=1,"完了",IF(O8>=N8,"順調","遅延")))) | R8: =D8+K8 | S8: =E8+L8
A9: 46008 | B9: =CHOOSE(WEEKDAY(A9,2),"月","火","水","木","金","土","日") | C9: =IF(OR(WEEKDAY(A9,2)>=6,COUNTIF(祝日マスタ!$A:$A,A9)>0),"非営業日","営業日") | D9: =COUNTIFS(明細!$F$5:$F$363,A9,明細!$D$5:$D$363,"運用") | E9: =COUNTIFS(明細!$G$5:$G$363,A9,明細!$D$5:$D$363,"運用") | F9: =IF(D9=0,0,E9/D9) | G9: =SUM($D$6:D9) | H9: =SUM($E$6:E9) | I9: =IF(G9=0,"",H9/G9) | J9: =IF(A9>$S$2,"予定",IF(G9=0,"－",IF(I9>=1,"完了",IF(H9>=G9,"順調","遅延")))) | K9: =COUNTIFS(明細!$I$5:$I$363,A9,明細!$D$5:$D$363,"運用") | L9: =COUNTIFS(明細!$J$5:$J$363,A9,明細!$D$5:$D$363,"運用") | M9: =IF(K9=0,0,L9/K9) | N9: =SUM($K$6:K9) | O9: =SUM($L$6:L9) | P9: =IF(N9=0,"",O9/N9) | Q9: =IF(A9>$S$2,"予定",IF(N9=0,"－",IF(P9>=1,"完了",IF(O9>=N9,"順調","遅延")))) | R9: =D9+K9 | S9: =E9+L9
A10: 46009 | B10: =CHOOSE(WEEKDAY(A10,2),"月","火","水","木","金","土","日") | C10: =IF(OR(WEEKDAY(A10,2)>=6,COUNTIF(祝日マスタ!$A:$A,A10)>0),"非営業日","営業日") | D10: =COUNTIFS(明細!$F$5:$F$363,A10,明細!$D$5:$D$363,"運用") | E10: =COUNTIFS(明細!$G$5:$G$363,A10,明細!$D$5:$D$363,"運用") | F10: =IF(D10=0,0,E10/D10) | G10: =SUM($D$6:D10) | H10: =SUM($E$6:E10) | I10: =IF(G10=0,"",H10/G10) | J10: =IF(A10>$S$2,"予定",IF(G10=0,"－",IF(I10>=1,"完了",IF(H10>=G10,"順調","遅延")))) | K10: =COUNTIFS(明細!$I$5:$I$363,A10,明細!$D$5:$D$363,"運用") | L10: =COUNTIFS(明細!$J$5:$J$363,A10,明細!$D$5:$D$363,"運用") | M10: =IF(K10=0,0,L10/K10) | N10: =SUM($K$6:K10) | O10: =SUM($L$6:L10) | P10: =IF(N10=0,"",O10/N10) | Q10: =IF(A10>$S$2,"予定",IF(N10=0,"－",IF(P10>=1,"完了",IF(O10>=N10,"順調","遅延")))) | R10: =D10+K10 | S10: =E10+L10
A11: 46010 | B11: =CHOOSE(WEEKDAY(A11,2),"月","火","水","木","金","土","日") | C11: =IF(OR(WEEKDAY(A11,2)>=6,COUNTIF(祝日マスタ!$A:$A,A11)>0),"非営業日","営業日") | D11: =COUNTIFS(明細!$F$5:$F$363,A11,明細!$D$5:$D$363,"運用") | E11: =COUNTIFS(明細!$G$5:$G$363,A11,明細!$D$5:$D$363,"運用") | F11: =IF(D11=0,0,E11/D11) | G11: =SUM($D$6:D11) | H11: =SUM($E$6:E11) | I11: =IF(G11=0,"",H11/G11) | J11: =IF(A11>$S$2,"予定",IF(G11=0,"－",IF(I11>=1,"完了",IF(H11>=G11,"順調","遅延")))) | K11: =COUNTIFS(明細!$I$5:$I$363,A11,明細!$D$5:$D$363,"運用") | L11: =COUNTIFS(明細!$J$5:$J$363,A11,明細!$D$5:$D$363,"運用") | M11: =IF(K11=0,0,L11/K11) | N11: =SUM($K$6:K11) | O11: =SUM($L$6:L11) | P11: =IF(N11=0,"",O11/N11) | Q11: =IF(A11>$S$2,"予定",IF(N11=0,"－",IF(P11>=1,"完了",IF(O11>=N11,"順調","遅延")))) | R11: =D11+K11 | S11: =E11+L11
A12: 46011 | B12: =CHOOSE(WEEKDAY(A12,2),"月","火","水","木","金","土","日") | C12: =IF(OR(WEEKDAY(A12,2)>=6,COUNTIF(祝日マスタ!$A:$A,A12)>0),"非営業日","営業日") | D12: =COUNTIFS(明細!$F$5:$F$363,A12,明細!$D$5:$D$363,"運用") | E12: =COUNTIFS(明細!$G$5:$G$363,A12,明細!$D$5:$D$363,"運用") | F12: =IF(D12=0,0,E12/D12) | G12: =SUM($D$6:D12) | H12: =SUM($E$6:E12) | I12: =IF(G12=0,"",H12/G12) | J12: =IF(A12>$S$2,"予定",IF(G12=0,"－",IF(I12>=1,"完了",IF(H12>=G12,"順調","遅延")))) | K12: =COUNTIFS(明細!$I$5:$I$363,A12,明細!$D$5:$D$363,"運用") | L12: =COUNTIFS(明細!$J$5:$J$363,A12,明細!$D$5:$D$363,"運用") | M12: =IF(K12=0,0,L12/K12) | N12: =SUM($K$6:K12) | O12: =SUM($L$6:L12) | P12: =IF(N12=0,"",O12/N12) | Q12: =IF(A12>$S$2,"予定",IF(N12=0,"－",IF(P12>=1,"完了",IF(O12>=N12,"順調","遅延")))) | R12: =D12+K12 | S12: =E12+L12
A13: 46012 | B13: =CHOOSE(WEEKDAY(A13,2),"月","火","水","木","金","土","日") | C13: =IF(OR(WEEKDAY(A13,2)>=6,COUNTIF(祝日マスタ!$A:$A,A13)>0),"非営業日","営業日") | D13: =COUNTIFS(明細!$F$5:$F$363,A13,明細!$D$5:$D$363,"運用") | E13: =COUNTIFS(明細!$G$5:$G$363,A13,明細!$D$5:$D$363,"運用") | F13: =IF(D13=0,0,E13/D13) | G13: =SUM($D$6:D13) | H13: =SUM($E$6:E13) | I13: =IF(G13=0,"",H13/G13) | J13: =IF(A13>$S$2,"予定",IF(G13=0,"－",IF(I13>=1,"完了",IF(H13>=G13,"順調","遅延")))) | K13: =COUNTIFS(明細!$I$5:$I$363,A13,明細!$D$5:$D$363,"運用") | L13: =COUNTIFS(明細!$J$5:$J$363,A13,明細!$D$5:$D$363,"運用") | M13: =IF(K13=0,0,L13/K13) | N13: =SUM($K$6:K13) | O13: =SUM($L$6:L13) | P13: =IF(N13=0,"",O13/N13) | Q13: =IF(A13>$S$2,"予定",IF(N13=0,"－",IF(P13>=1,"完了",IF(O13>=N13,"順調","遅延")))) | R13: =D13+K13 | S13: =E13+L13
A14: 46013 | B14: =CHOOSE(WEEKDAY(A14,2),"月","火","水","木","金","土","日") | C14: =IF(OR(WEEKDAY(A14,2)>=6,COUNTIF(祝日マスタ!$A:$A,A14)>0),"非営業日","営業日") | D14: =COUNTIFS(明細!$F$5:$F$363,A14,明細!$D$5:$D$363,"運用") | E14: =COUNTIFS(明細!$G$5:$G$363,A14,明細!$D$5:$D$363,"運用") | F14: =IF(D14=0,0,E14/D14) | G14: =SUM($D$6:D14) | H14: =SUM($E$6:E14) | I14: =IF(G14=0,"",H14/G14) | J14: =IF(A14>$S$2,"予定",IF(G14=0,"－",IF(I14>=1,"完了",IF(H14>=G14,"順調","遅延")))) | K14: =COUNTIFS(明細!$I$5:$I$363,A14,明細!$D$5:$D$363,"運用") | L14: =COUNTIFS(明細!$J$5:$J$363,A14,明細!$D$5:$D$363,"運用") | M14: =IF(K14=0,0,L14/K14) | N14: =SUM($K$6:K14) | O14: =SUM($L$6:L14) | P14: =IF(N14=0,"",O14/N14) | Q14: =IF(A14>$S$2,"予定",IF(N14=0,"－",IF(P14>=1,"完了",IF(O14>=N14,"順調","遅延")))) | R14: =D14+K14 | S14: =E14+L14
A15: 46014 | B15: =CHOOSE(WEEKDAY(A15,2),"月","火","水","木","金","土","日") | C15: =IF(OR(WEEKDAY(A15,2)>=6,COUNTIF(祝日マスタ!$A:$A,A15)>0),"非営業日","営業日") | D15: =COUNTIFS(明細!$F$5:$F$363,A15,明細!$D$5:$D$363,"運用") | E15: =COUNTIFS(明細!$G$5:$G$363,A15,明細!$D$5:$D$363,"運用") | F15: =IF(D15=0,0,E15/D15) | G15: =SUM($D$6:D15) | H15: =SUM($E$6:E15) | I15: =IF(G15=0,"",H15/G15) | J15: =IF(A15>$S$2,"予定",IF(G15=0,"－",IF(I15>=1,"完了",IF(H15>=G15,"順調","遅延")))) | K15: =COUNTIFS(明細!$I$5:$I$363,A15,明細!$D$5:$D$363,"運用") | L15: =COUNTIFS(明細!$J$5:$J$363,A15,明細!$D$5:$D$363,"運用") | M15: =IF(K15=0,0,L15/K15) | N15: =SUM($K$6:K15) | O15: =SUM($L$6:L15) | P15: =IF(N15=0,"",O15/N15) | Q15: =IF(A15>$S$2,"予定",IF(N15=0,"－",IF(P15>=1,"完了",IF(O15>=N15,"順調","遅延")))) | R15: =D15+K15 | S15: =E15+L15
A16: 46015 | B16: =CHOOSE(WEEKDAY(A16,2),"月","火","水","木","金","土","日") | C16: =IF(OR(WEEKDAY(A16,2)>=6,COUNTIF(祝日マスタ!$A:$A,A16)>0),"非営業日","営業日") | D16: =COUNTIFS(明細!$F$5:$F$363,A16,明細!$D$5:$D$363,"運用") | E16: =COUNTIFS(明細!$G$5:$G$363,A16,明細!$D$5:$D$363,"運用") | F16: =IF(D16=0,0,E16/D16) | G16: =SUM($D$6:D16) | H16: =SUM($E$6:E16) | I16: =IF(G16=0,"",H16/G16) | J16: =IF(A16>$S$2,"予定",IF(G16=0,"－",IF(I16>=1,"完了",IF(H16>=G16,"順調","遅延")))) | K16: =COUNTIFS(明細!$I$5:$I$363,A16,明細!$D$5:$D$363,"運用") | L16: =COUNTIFS(明細!$J$5:$J$363,A16,明細!$D$5:$D$363,"運用") | M16: =IF(K16=0,0,L16/K16) | N16: =SUM($K$6:K16) | O16: =SUM($L$6:L16) | P16: =IF(N16=0,"",O16/N16) | Q16: =IF(A16>$S$2,"予定",IF(N16=0,"－",IF(P16>=1,"完了",IF(O16>=N16,"順調","遅延")))) | R16: =D16+K16 | S16: =E16+L16
A17: 46016 | B17: =CHOOSE(WEEKDAY(A17,2),"月","火","水","木","金","土","日") | C17: =IF(OR(WEEKDAY(A17,2)>=6,COUNTIF(祝日マスタ!$A:$A,A17)>0),"非営業日","営業日") | D17: =COUNTIFS(明細!$F$5:$F$363,A17,明細!$D$5:$D$363,"運用") | E17: =COUNTIFS(明細!$G$5:$G$363,A17,明細!$D$5:$D$363,"運用") | F17: =IF(D17=0,0,E17/D17) | G17: =SUM($D$6:D17) | H17: =SUM($E$6:E17) | I17: =IF(G17=0,"",H17/G17) | J17: =IF(A17>$S$2,"予定",IF(G17=0,"－",IF(I17>=1,"完了",IF(H17>=G17,"順調","遅延")))) | K17: =COUNTIFS(明細!$I$5:$I$363,A17,明細!$D$5:$D$363,"運用") | L17: =COUNTIFS(明細!$J$5:$J$363,A17,明細!$D$5:$D$363,"運用") | M17: =IF(K17=0,0,L17/K17) | N17: =SUM($K$6:K17) | O17: =SUM($L$6:L17) | P17: =IF(N17=0,"",O17/N17) | Q17: =IF(A17>$S$2,"予定",IF(N17=0,"－",IF(P17>=1,"完了",IF(O17>=N17,"順調","遅延")))) | R17: =D17+K17 | S17: =E17+L17
... A184: 46183 | B184: =CHOOSE(WEEKDAY(A184,2),"月","火","水","木","金","土","日") | C184: =IF(OR(WEEKDAY(A184,2)>=6,COUNTIF(祝日マスタ!$A:$A,A184)>0),"非営業日","営業日") | D184: =COUNTIFS(明細!$F$5:$F$363,A184,明細!$D$5:$D$363,"運用") | E184: =COUNTIFS(明細!$G$5:$G$363,A184,明細!$D$5:$D$363,"運用") | F184: =IF(D184=0,0,E184/D184) | G184: =SUM($D$6:D184) | H184: =SUM($E$6:E184) | I184: =IF(G184=0,"",H184/G184) | J184: =IF(A184>$S$2,"予定",IF(G184=0,"－",IF(I184>=1,"完了",IF(H184>=G184,"順調","遅延")))) | K184: =COUNTIFS(明細!$I$5:$I$363,A184,明細!$D$5:$D$363,"運用") | L184: =COUNTIFS(明細!$J$5:$J$363,A184,明細!$D$5:$D$363,"運用") | M184: =IF(K184=0,0,L184/K184) | N184: =SUM($K$6:K184) | O184: =SUM($L$6:L184) | P184: =IF(N184=0,"",O184/N184) | Q184: =IF(A184>$S$2,"予定",IF(N184=0,"－",IF(P184>=1,"完了",IF(O184>=N184,"順調","遅延")))) | R184: =D184+K184 | S184: =E184+L184

Sheet 欠陥サマリー_ALL
A1: 欠陥サマリー - ALL
A4: 日付 | B4: 曜 | C4: 検出 | D4: 対応 | E4: 累積検出 | F4: 累積対応 | G4: 累積未対応
A5: 45992 | B5: =CHOOSE(WEEKDAY(A5,2),"月","火","水","木","金","土","日") | C5: 1 | D5: 0 | E5: 1 | F5: 0 | G5: 1
A6: 45993 | B6: =CHOOSE(WEEKDAY(A6,2),"月","火","水","木","金","土","日") | C6: 2 | D6: 0 | E6: 3 | F6: 0 | G6: 3
A7: 45994 | B7: =CHOOSE(WEEKDAY(A7,2),"月","火","水","木","金","土","日") | C7: 0 | D7: 1 | E7: 3 | F7: 1 | G7: 2
A8: 45995 | B8: =CHOOSE(WEEKDAY(A8,2),"月","火","水","木","金","土","日") | C8: 3 | D8: 2 | E8: 6 | F8: 3 | G8: 3
A9: 45996 | B9: =CHOOSE(WEEKDAY(A9,2),"月","火","水","木","金","土","日") | C9: 1 | D9: 0 | E9: 7 | F9: 3 | G9: 4
A10: 45997 | B10: =CHOOSE(WEEKDAY(A10,2),"月","火","水","木","金","土","日") | C10: 0 | D10: 0 | E10: 7 | F10: 3 | G10: 4
A11: 45998 | B11: =CHOOSE(WEEKDAY(A11,2),"月","火","水","木","金","土","日") | C11: 0 | D11: 0 | E11: 7 | F11: 3 | G11: 4
A12: 45999 | B12: =CHOOSE(WEEKDAY(A12,2),"月","火","水","木","金","土","日") | C12: 1 | D12: 1 | E12: 8 | F12: 4 | G12: 4
A13: 46000 | B13: =CHOOSE(WEEKDAY(A13,2),"月","火","水","木","金","土","日") | C13: 1 | D13: 2 | E13: 9 | F13: 6 | G13: 3
A14: 46001 | B14: =CHOOSE(WEEKDAY(A14,2),"月","火","水","木","金","土","日") | C14: 0 | D14: 1 | E14: 9 | F14: 7 | G14: 2
A15: 46002 | B15: =CHOOSE(WEEKDAY(A15,2),"月","火","水","木","金","土","日") | C15: 2 | D15: 2 | E15: 11 | F15: 9 | G15: 2
A16: 46003 | B16: =CHOOSE(WEEKDAY(A16,2),"月","火","水","木","金","土","日") | C16: 3 | D16: 0 | E16: 14 | F16: 9 | G16: 5
... A99: 46086 | B99: =CHOOSE(WEEKDAY(A99,2),"月","火","水","木","金","土","日") | C99: 0 | D99: 2 | E99: 114 | F99: 103 | G99: 11

Sheet 欠陥サマリー_オンライン
A1: 欠陥サマリー - オンライン
A4: 日付 | B4: 曜 | C4: 検出 | D4: 対応 | E4: 累積検出 | F4: 累積対応 | G4: 累積未対応
A5: 45992 | B5: =CHOOSE(WEEKDAY(A5,2),"月","火","水","木","金","土","日") | C5: 0 | D5: 0 | E5: 0 | F5: 0 | G5: 0
A6: 45993 | B6: =CHOOSE(WEEKDAY(A6,2),"月","火","水","木","金","土","日") | C6: 0 | D6: 0 | E6: 0 | F6: 0 | G6: 0
A7: 45994 | B7: =CHOOSE(WEEKDAY(A7,2),"月","火","水","木","金","土","日") | C7: 0 | D7: 0 | E7: 0 | F7: 0 | G7: 0
A8: 45995 | B8: =CHOOSE(WEEKDAY(A8,2),"月","火","水","木","金","土","日") | C8: 1 | D8: 0 | E8: 1 | F8: 0 | G8: 1
A9: 45996 | B9: =CHOOSE(WEEKDAY(A9,2),"月","火","水","木","金","土","日") | C9: 0 | D9: 0 | E9: 1 | F9: 0 | G9: 1
A10: 45997 | B10: =CHOOSE(WEEKDAY(A10,2),"月","火","水","木","金","土","日") | C10: 0 | D10: 0 | E10: 1 | F10: 0 | G10: 1
A11: 45998 | B11: =CHOOSE(WEEKDAY(A11,2),"月","火","水","木","金","土","日") | C11: 0 | D11: 0 | E11: 1 | F11: 0 | G11: 1
A12: 45999 | B12: =CHOOSE(WEEKDAY(A12,2),"月","火","水","木","金","土","日") | C12: 0 | D12: 0 | E12: 1 | F12: 0 | G12: 1
A13: 46000 | B13: =CHOOSE(WEEKDAY(A13,2),"月","火","水","木","金","土","日") | C13: 0 | D13: 0 | E13: 1 | F13: 0 | G13: 1
A14: 46001 | B14: =CHOOSE(WEEKDAY(A14,2),"月","火","水","木","金","土","日") | C14: 0 | D14: 0 | E14: 1 | F14: 0 | G14: 1
A15: 46002 | B15: =CHOOSE(WEEKDAY(A15,2),"月","火","水","木","金","土","日") | C15: 2 | D15: 1 | E15: 3 | F15: 1 | G15: 2
A16: 46003 | B16: =CHOOSE(WEEKDAY(A16,2),"月","火","水","木","金","土","日") | C16: 0 | D16: 0 | E16: 3 | F16: 1 | G16: 2
... A99: 46086 | B99: =CHOOSE(WEEKDAY(A99,2),"月","火","水","木","金","土","日") | C99: 0 | D99: 1 | E99: 27 | F99: 27 | G99: 0

Sheet 欠陥サマリー_バッチ
A1: 欠陥サマリー - バッチ
A4: 日付 | B4: 曜 | C4: 検出 | D4: 対応 | E4: 累積検出 | F4: 累積対応 | G4: 累積未対応
A5: 45992 | B5: =CHOOSE(WEEKDAY(A5,2),"月","火","水","木","金","土","日") | C5: 0 | D5: 0 | E5: 0 | F5: 0 | G5: 0
A6: 45993 | B6: =CHOOSE(WEEKDAY(A6,2),"月","火","水","木","金","土","日") | C6: 0 | D6: 0 | E6: 0 | F6: 0 | G6: 0
A7: 45994 | B7: =CHOOSE(WEEKDAY(A7,2),"月","火","水","木","金","土","日") | C7: 0 | D7: 0 | E7: 0 | F7: 0 | G7: 0
A8: 45995 | B8: =CHOOSE(WEEKDAY(A8,2),"月","火","水","木","金","土","日") | C8: 2 | D8: 0 | E8: 2 | F8: 0 | G8: 2
A9: 45996 | B9: =CHOOSE(WEEKDAY(A9,2),"月","火","水","木","金","土","日") | C9: 0 | D9: 0 | E9: 2 | F9: 0 | G9: 2
A10: 45997 | B10: =CHOOSE(WEEKDAY(A10,2),"月","火","水","木","金","土","日") | C10: 0 | D10: 0 | E10: 2 | F10: 0 | G10: 2
A11: 45998 | B11: =CHOOSE(WEEKDAY(A11,2),"月","火","水","木","金","土","日") | C11: 0 | D11: 0 | E11: 2 | F11: 0 | G11: 2
A12: 45999 | B12: =CHOOSE(WEEKDAY(A12,2),"月","火","水","木","金","土","日") | C12: 0 | D12: 1 | E12: 2 | F12: 1 | G12: 1
A13: 46000 | B13: =CHOOSE(WEEKDAY(A13,2),"月","火","水","木","金","土","日") | C13: 0 | D13: 1 | E13: 2 | F13: 2 | G13: 0
A14: 46001 | B14: =CHOOSE(WEEKDAY(A14,2),"月","火","水","木","金","土","日") | C14: 0 | D14: 0 | E14: 2 | F14: 2 | G14: 0
A15: 46002 | B15: =CHOOSE(WEEKDAY(A15,2),"月","火","水","木","金","土","日") | C15: 0 | D15: 0 | E15: 2 | F15: 2 | G15: 0
A16: 46003 | B16: =CHOOSE(WEEKDAY(A16,2),"月","火","水","木","金","土","日") | C16: 0 | D16: 0 | E16: 2 | F16: 2 | G16: 0
... A99: 46086 | B99: =CHOOSE(WEEKDAY(A99,2),"月","火","水","木","金","土","日") | C99: 0 | D99: 1 | E99: 23 | F99: 19 | G99: 4

Sheet 欠陥サマリー_基盤
A1: 欠陥サマリー - 基盤
A4: 日付 | B4: 曜 | C4: 検出 | D4: 対応 | E4: 累積検出 | F4: 累積対応 | G4: 累積未対応
A5: 45992 | B5: =CHOOSE(WEEKDAY(A5,2),"月","火","水","木","金","土","日") | C5: 1 | D5: 0 | E5: 1 | F5: 0 | G5: 1
A6: 45993 | B6: =CHOOSE(WEEKDAY(A6,2),"月","火","水","木","金","土","日") | C6: 1 | D6: 0 | E6: 2 | F6: 0 | G6: 2
A7: 45994 | B7: =CHOOSE(WEEKDAY(A7,2),"月","火","水","木","金","土","日") | C7: 0 | D7: 1 | E7: 2 | F7: 1 | G7: 1
A8: 45995 | B8: =CHOOSE(WEEKDAY(A8,2),"月","火","水","木","金","土","日") | C8: 0 | D8: 1 | E8: 2 | F8: 2 | G8: 0
A9: 45996 | B9: =CHOOSE(WEEKDAY(A9,2),"月","火","水","木","金","土","日") | C9: 1 | D9: 0 | E9: 3 | F9: 2 | G9: 1
A10: 45997 | B10: =CHOOSE(WEEKDAY(A10,2),"月","火","水","木","金","土","日") | C10: 0 | D10: 0 | E10: 3 | F10: 2 | G10: 1
A11: 45998 | B11: =CHOOSE(WEEKDAY(A11,2),"月","火","水","木","金","土","日") | C11: 0 | D11: 0 | E11: 3 | F11: 2 | G11: 1
A12: 45999 | B12: =CHOOSE(WEEKDAY(A12,2),"月","火","水","木","金","土","日") | C12: 0 | D12: 0 | E12: 3 | F12: 2 | G12: 1
A13: 46000 | B13: =CHOOSE(WEEKDAY(A13,2),"月","火","水","木","金","土","日") | C13: 1 | D13: 1 | E13: 4 | F13: 3 | G13: 1
A14: 46001 | B14: =CHOOSE(WEEKDAY(A14,2),"月","火","水","木","金","土","日") | C14: 0 | D14: 1 | E14: 4 | F14: 4 | G14: 0
A15: 46002 | B15: =CHOOSE(WEEKDAY(A15,2),"月","火","水","木","金","土","日") | C15: 0 | D15: 0 | E15: 4 | F15: 4 | G15: 0
A16: 46003 | B16: =CHOOSE(WEEKDAY(A16,2),"月","火","水","木","金","土","日") | C16: 1 | D16: 0 | E16: 5 | F16: 4 | G16: 1
... A99: 46086 | B99: =CHOOSE(WEEKDAY(A99,2),"月","火","水","木","金","土","日") | C99: 0 | D99: 0 | E99: 29 | F99: 29 | G99: 0

Sheet 欠陥サマリー_運用
A1: 欠陥サマリー - 運用
A4: 日付 | B4: 曜 | C4: 検出 | D4: 対応 | E4: 累積検出 | F4: 累積対応 | G4: 累積未対応
A5: 45992 | B5: =CHOOSE(WEEKDAY(A5,2),"月","火","水","木","金","土","日") | C5: 0 | D5: 0 | E5: 0 | F5: 0 | G5: 0
A6: 45993 | B6: =CHOOSE(WEEKDAY(A6,2),"月","火","水","木","金","土","日") | C6: 1 | D6: 0 | E6: 1 | F6: 0 | G6: 1
A7: 45994 | B7: =CHOOSE(WEEKDAY(A7,2),"月","火","水","木","金","土","日") | C7: 0 | D7: 0 | E7: 1 | F7: 0 | G7: 1
A8: 45995 | B8: =CHOOSE(WEEKDAY(A8,2),"月","火","水","木","金","土","日") | C8: 0 | D8: 1 | E8: 1 | F8: 1 | G8: 0
A9: 45996 | B9: =CHOOSE(WEEKDAY(A9,2),"月","火","水","木","金","土","日") | C9: 0 | D9: 0 | E9: 1 | F9: 1 | G9: 0
A10: 45997 | B10: =CHOOSE(WEEKDAY(A10,2),"月","火","水","木","金","土","日") | C10: 0 | D10: 0 | E10: 1 | F10: 1 | G10: 0
A11: 45998 | B11: =CHOOSE(WEEKDAY(A11,2),"月","火","水","木","金","土","日") | C11: 0 | D11: 0 | E11: 1 | F11: 1 | G11: 0
A12: 45999 | B12: =CHOOSE(WEEKDAY(A12,2),"月","火","水","木","金","土","日") | C12: 1 | D12: 0 | E12: 2 | F12: 1 | G12: 1
A13: 46000 | B13: =CHOOSE(WEEKDAY(A13,2),"月","火","水","木","金","土","日") | C13: 0 | D13: 0 | E13: 2 | F13: 1 | G13: 1
A14: 46001 | B14: =CHOOSE(WEEKDAY(A14,2),"月","火","水","木","金","土","日") | C14: 0 | D14: 0 | E14: 2 | F14: 1 | G14: 1
A15: 46002 | B15: =CHOOSE(WEEKDAY(A15,2),"月","火","水","木","金","土","日") | C15: 0 | D15: 1 | E15: 2 | F15: 2 | G15: 0
A16: 46003 | B16: =CHOOSE(WEEKDAY(A16,2),"月","火","水","木","金","土","日") | C16: 2 | D16: 0 | E16: 4 | F16: 2 | G16: 2
... A99: 46086 | B99: =CHOOSE(WEEKDAY(A99,2),"月","火","水","木","金","土","日") | C99: 0 | D99: 0 | E99: 35 | F99: 28 | G99: 7

Sheet 欠陥詳細_ALL
A1: 欠陥詳細 - ALL
A3: チーム名 | B3: 欠陥ID | C3: 対応状況 | D3: 件名 | E3: 発見日 | F3: 業務機能分類 | G3: 緊急度 | H3: 影響度 | I3: 調査予定日 | J3: 調査完了日 | K3: 欠陥原因 | L3: 欠陥埋込フェーズ | M3: 検出すべきフェーズ | N3: 対応予定日 | O3: 対応日 | P3: 横展開有無 | Q3: 横展開先 | R3: 横展開完了予定日 | S3: 横展開完了日 | T3: リリース予定日 | U3: リリース日 | V3: 検証日
A4: オンライン | B4: DEF-オ-0001 | C4: 05:完了 | D4: 欠陥1: 09_事務支(その他)の不具合 | E4: 46042 | F4: 40_基盤 | G4: 低 | H4: 低 | I4: 46043 | J4: 46044 | K4: 未知 | L4: ID | M4: 非欠陥 | N4: 46052 | O4: 46056 | P4: 無 | T4: 46066 | U4: 46069 | V4: 46060
A5: オンライン | B5: DEF-オ-0002 | C5: 05:完了 | D5: 欠陥2: 10_共通の不具合 | E5: 46059 | F5: 40_基盤 | G5: 高 | H5: 高 | I5: 46062 | J5: 46063 | K5: 業務/仕様理解不足 | L5: PD | M5: 非欠陥 | N5: 46070 | O5: 46075 | P5: 有 | Q5: 04_欠陥・返戻 | R5: 46077 | S5: 46078 | T5: 46079 | U5: 46080 | V5: 46078
A6: オンライン | B6: DEF-オ-0003 | C6: 05:完了 | D6: 欠陥3: 06_受入準備の不具合 | E6: 46051 | F6: 02_受付 | G6: 低 | H6: 低 | I6: 46054 | J6: 46057 | K6: 非欠陥 | L6: ED | M6: ITb | N6: 46059 | O6: 46063 | P6: 無 | T6: 46068 | U6: 46068 | V6: 46064
A7: オンライン | B7: DEF-オ-0004 | C7: 05:完了 | D7: 欠陥4: 20_移行の不具合 | E7: 45995 | F7: 05_清算 | G7: 高 | H7: 高 | I7: 46000 | J7: 46001 | K7: 注意不足 | L7: RD | M7: ITa | N7: 46004 | O7: 46009 | P7: 無 | T7: 46014 | U7: 46016 | V7: 46011
A8: オンライン | B8: DEF-オ-0005 | C8: 05:完了 | D8: 欠陥5: 06_受入準備の不具合 | E8: 46037 | F8: 02_受付 | G8: 中 | H8: 低 | I8: 46041 | J8: 46043 | K8: 影響範囲調査不足 | L8: 非欠陥 | M8: ITb | N8: 46046 | O8: 46051 | P8: 無 | T8: 46054 | U8: 46057 | V8: 46053
A9: オンライン | B9: DEF-オ-0006 | C9: 05:完了 | D9: 欠陥6: 20_移行の不具合 | E9: 46028 | F9: 07_口振契約受付 | G9: 高 | H9: 低 | I9: 46029 | J9: 46029 | K9: 考慮不足 | L9: RD | M9: 非欠陥 | N9: 46033 | O9: 46033 | P9: 有 | Q9: 20_移行 | R9: 46039 | T9: 46041 | U9: 46044 | V9: 46037
A10: オンライン | B10: DEF-オ-0007 | C10: 05:完了 | D10: 欠陥7: 20_移行の不具合 | E10: 46025 | F10: 09_事務支(その他) | G10: 中 | H10: 高 | I10: 46026 | J10: 46027 | K10: 技術力不足 | L10: PD | M10: ITb | N10: 46036 | O10: 46037 | P10: 無 | T10: 46043 | U10: 46045 | V10: 46038
A11: オンライン | B11: DEF-オ-0008 | C11: 05:完了 | D11: 欠陥8: 06_受入準備の不具合 | E11: 46060 | F11: 02_受付 | G11: 高 | H11: 低 | I11: 46063 | J11: 46066 | K11: 考慮不足 | L11: 非欠陥 | M11: ST | N11: 46067 | O11: 46070 | P11: 無 | T11: 46075 | U11: 46077 | V11: 46072
A12: オンライン | B12: DEF-オ-0009 | C12: 04:検証中 | D12: 欠陥9: 08_事務支(変更通知)の不具合 | E12: 46031 | F12: 40_基盤 | G12: 高 | H12: 低 | I12: 46032 | J12: 46031 | K12: 注意不足 | L12: ID | M12: ITa | N12: 46042 | O12: 46043 | P12: 無 | T12: 46054
A13: オンライン | B13: DEF-オ-0010 | C13: 04:検証中 | D13: 欠陥10: 09_事務支(その他)の不具合 | E13: 46000 | F13: 04_欠陥・返戻 | G13: 低 | H13: 高 | I13: 46005 | J13: 46006 | K13: 影響範囲調査不足 | L13: ID | M13: ST | N13: 46013 | O13: 46011 | P13: 無 | T13: 46019
A14: オンライン | B14: DEF-オ-0011 | C14: 04:検証中 | D14: 欠陥11: 07_口振契約受付の不具合 | E14: 46045 | F14: 07_口振契約受付 | G14: 低 | H14: 低 | I14: 46050 | J14: 46050 | K14: 業務/仕様理解不足 | L14: その他 | M14: CT | N14: 46055 | O14: 46058 | P14: 無 | T14: 46062
A15: オンライン | B15: DEF-オ-0012 | C15: 04:検証中 | D15: 欠陥12: 06_受入準備の不具合 | E15: 46085 | F15: 20_移行 | G15: 中 | H15: 高 | I15: 46087 | J15: 46086 | K15: 外的要因 | L15: RD | M15: 非欠陥 | N15: 46094 | O15: 46098 | P15: 無 | T15: 46099
A16: オンライン | B16: DEF-オ-0013 | C16: 03:対応中 | D16: 欠陥13: 03_請求の不具合 | E16: 46012 | F16: 40_基盤 | G16: 中 | H16: 低 | I16: 46015 | J16: 46015 | K16: 考慮不足 | L16: その他 | M16: 非欠陥 | N16: 46024 | P16: 有 | Q16: 02_受付 | R16: 46028 | T16: 46036
A17: オンライン | B17: DEF-オ-0014 | C17: 03:対応中 | D17: 欠陥14: 08_事務支(変更通知)の不具合 | E17: 46070 | F17: 07_口振契約受付 | G17: 低 | H17: 中 | I17: 46074 | J17: 46075 | K17: 業務/仕様理解不足 | L17: 非欠陥 | M17: CT | N17: 46084 | P17: 無 | T17: 46089
A18: オンライン | B18: DEF-オ-0015 | C18: 03:対応中 | D18: 欠陥15: 06_受入準備の不具合 | E18: 46073 | F18: 08_事務支(変更通知) | G18: 高 | H18: 中 | I18: 46075 | J18: 46077 | K18: 業務/仕様理解不足 | L18: その他 | M18: 非欠陥 | N18: 46083 | P18: 無 | T18: 46094
A19: オンライン | B19: DEF-オ-0016 | C19: 03:対応中 | D19: 欠陥16: 09_事務支(その他)の不具合 | E19: 46045 | F19: 30_運用 | G19: 中 | H19: 中 | I19: 46048 | J19: 46050 | K19: 未知 | L19: その他 | M19: 非欠陥 | N19: 46080 | P19: 無 | T19: 46063
A20: オンライン | B20: DEF-オ-0017 | C20: 03:対応中 | D20: 欠陥17: 40_基盤の不具合 | E20: 46078 | F20: 07_口振契約受付 | G20: 中 | H20: 低 | I20: 46080 | J20: 46079 | K20: 影響範囲調査不足 | L20: ED | M20: 非欠陥 | N20: 46085 | P20: 無 | T20: 46097
A21: オンライン | B21: DEF-オ-0018 | C21: 02:調査中 | D21: 欠陥18: 04_欠陥・返戻の不具合 | E21: 46058 | F21: 06_受入準備 | G21: 中 | H21: 低 | I21: 46062 | K21: 注意不足 | L21: ED | M21: ITa | N21: 46069 | P21: 無 | T21: 46078
A22: オンライン | B22: DEF-オ-0019 | C22: 02:調査中 | D22: 欠陥19: 09_事務支(その他)の不具合 | E22: 46070 | F22: 07_口振契約受付 | G22: 低 | H22: 低 | I22: 46012 | K22: プロセス不備 | L22: PD | M22: 非欠陥 | N22: 46022 | P22: 無 | T22: 46030
A23: オンライン | B23: DEF-オ-0020 | C23: 02:調査中 | D23: 欠陥20: 20_移行の不具合 | E23: 45998 | F23: 07_口振契約受付 | G23: 中 | H23: 低 | I23: 45999 | K23: プロセス不備 | L23: 非欠陥 | M23: ST | N23: 46005 | P23: 無 | T23: 46012
A24: オンライン | B24: DEF-オ-0021 | C24: 01:未着手 | D24: 欠陥21: 10_共通の不具合 | E24: 46032 | F24: 30_運用 | G24: 低 | H24: 高 | I24: 46033 | K24: 非欠陥 | L24: ID | M24: ITa | N24: 46040 | P24: 有 | Q24: 06_受入準備 | R24: 46044 | T24: 46047
A25: オンライン | B25: DEF-オ-0022 | C25: 01:未着手 | D25: 欠陥22: 07_口振契約受付の不具合 | E25: 46015 | F25: 20_移行 | G25: 中 | H25: 高 | I25: 46018 | K25: 外的要因 | L25: PD | M25: ST | N25: 46027 | P25: 無 | T25: 46038
A26: オンライン | B26: DEF-オ-0023 | C26: 01:未着手 | D26: 欠陥23: 05_清算の不具合 | E26: 46014 | F26: 03_請求 | G26: 高 | H26: 低 | I26: 46015 | K26: 情報共有不足 | L26: RD | M26: 非欠陥 | N26: 46021 | P26: 無 | T26: 46034
A27: オンライン | B27: DEF-オ-0024 | C27: 98:保留 | D27: 欠陥24: 02_受付の不具合 | E27: 46075 | F27: 07_口振契約受付 | G27: 低 | H27: 低 | I27: 46078 | K27: 情報共有不足 | L27: ID | M27: ITb | N27: 46083 | P27: 無 | T27: 46093
A28: オンライン | B28: DEF-オ-0025 | C28: 98:保留 | D28: 欠陥25: 01_委託者登録の不具合 | E28: 46015 | F28: 05_清算 | G28: 高 | H28: 中 | I28: 46018 | K28: 技術力不足 | L28: ID | M28: CT | N28: 46028 | P28: 有 | Q28: 03_請求 | R28: 46032 | T28: 46033
A29: オンライン | B29: DEF-オ-0026 | C29: 98:保留 | D29: 欠陥26: 06_受入準備の不具合 | E29: 46085 | F29: 03_請求 | G29: 中 | H29: 中 | I29: 46088 | K29: 影響範囲調査不足 | L29: 非欠陥 | M29: ITa | N29: 46097 | P29: 有 | Q29: 06_受入準備 | R29: 46101 | T29: 46106
A30: バッチ | B30: DEF-バ-0001 | C30: 05:完了 | D30: 欠陥1: 06_受入準備の不具合 | E30: 46059 | F30: 03_請求 | G30: 中 | H30: 低 | I30: 46061 | J30: 46063 | K30: プロセス不備 | L30: PD | M30: ITb | N30: 46069 | O30: 46072 | P30: 有 | Q30: 07_口振契約受付 | R30: 46073 | T30: 46079 | U30: 46081 | V30: 46073
A31: バッチ | B31: DEF-バ-0002 | C31: 05:完了 | D31: 欠陥2: 20_移行の不具合 | E31: 46044 | F31: 30_運用 | G31: 低 | H31: 低 | I31: 46046 | J31: 46048 | K31: 非欠陥 | L31: その他 | M31: CT | N31: 46053 | O31: 46058 | P31: 有 | Q31: 30_運用 | R31: 46057 | T31: 46061 | U31: 46062 | V31: 46062
A32: バッチ | B32: DEF-バ-0003 | C32: 05:完了 | D32: 欠陥3: 04_欠陥・返戻の不具合 | E32: 46084 | F32: 02_受付 | G32: 高 | H32: 中 | I32: 46088 | J32: 46088 | K32: プロセス不備 | L32: RD | M32: ST | N32: 46091 | O32: 46089 | P32: 無 | T32: 46100 | U32: 46103 | V32: 46092
A33: バッチ | B33: DEF-バ-0004 | C33: 05:完了 | D33: 欠陥4: 02_受付の不具合 | E33: 46036 | F33: 10_共通 | G33: 高 | H33: 中 | I33: 46038 | J33: 46038 | K33: 外的要因 | L33: ED | M33: 非欠陥 | N33: 46047 | O33: 46045 | P33: 無 | T33: 46054 | U33: 46054 | V33: 46046
A34: バッチ | B34: DEF-バ-0005 | C34: 05:完了 | D34: 欠陥5: 01_委託者登録の不具合 | E34: 46082 | F34: 02_受付 | G34: 中 | H34: 中 | I34: 46083 | J34: 46085 | K34: プロセス不備 | L34: RD | M34: CT | N34: 46088 | O34: 46090 | P34: 無 | T34: 46099 | U34: 46099 | V34: 46092
A35: バッチ | B35: DEF-バ-0006 | C35: 04:検証中 | D35: 欠陥6: 08_事務支(変更通知)の不具合 | E35: 46030 | F35: 08_事務支(変更通知) | G35: 高 | H35: 高 | I35: 46035 | J35: 46035 | K35: 考慮不足 | L35: RD | M35: ITa | N35: 46038 | O35: 46042 | P35: 無 | T35: 46043
A36: バッチ | B36: DEF-バ-0007 | C36: 04:検証中 | D36: 欠陥7: 01_委託者登録の不具合 | E36: 46069 | F36: 40_基盤 | G36: 中 | H36: 高 | I36: 46070 | J36: 46071 | K36: 注意不足 | L36: その他 | M36: 非欠陥 | N36: 46075 | O36: 46079 | P36: 有 | Q36: 01_委託者登録 | R36: 46078 | T36: 46086
A37: バッチ | B37: DEF-バ-0008 | C37: 04:検証中 | D37: 欠陥8: 01_委託者登録の不具合 | E37: 46024 | F37: 01_委託者登録 | G37: 中 | H37: 中 | I37: 46029 | J37: 46030 | K37: 考慮不足 | L37: PD | M37: ITa | N37: 46037 | O37: 46038 | P37: 無 | T37: 46048
A38: バッチ | B38: DEF-バ-0009 | C38: 03:対応中 | D38: 欠陥9: 03_請求の不具合 | E38: 46058 | F38: 20_移行 | G38: 低 | H38: 低 | I38: 46063 | J38: 46062 | K38: 未知 | L38: RD | M38: 非欠陥 | N38: 46071 | P38: 無 | T38: 46080
A39: バッチ | B39: DEF-バ-0010 | C39: 03:対応中 | D39: 欠陥10: 07_口振契約受付の不具合 | E39: 46058 | F39: 20_移行 | G39: 高 | H39: 低 | I39: 46087 | J39: 46090 | K39: 非欠陥 | L39: PD | M39: ITb | N39: 46097 | P39: 有 | Q39: 05_清算 | R39: 46104 | T39: 46109
A40: バッチ | B40: DEF-バ-0011 | C40: 03:対応中 | D40: 欠陥11: 06_受入準備の不具合 | E40: 46034 | F40: 40_基盤 | G40: 中 | H40: 高 | I40: 46035 | J40: 46038 | K40: 非欠陥 | L40: RD | M40: ST | N40: 46081 | P40: 無 | T40: 46053
A41: バッチ | B41: DEF-バ-0012 | C41: 02:調査中 | D41: 欠陥12: 02_受付の不具合 | E41: 46017 | F41: 20_移行 | G41: 低 | H41: 高 | I41: 46018 | K41: プロセス不備 | L41: ID | M41: ITa | N41: 46027 | P41: 無 | T41: 46036
A42: バッチ | B42: DEF-バ-0013 | C42: 02:調査中 | D42: 欠陥13: 05_清算の不具合 | E42: 46001 | F42: 03_請求 | G42: 低 | H42: 高 | I42: 46004 | K42: 技術力不足 | L42: 非欠陥 | M42: ITa | N42: 46010 | P42: 無 | T42: 46023
A43: バッチ | B43: DEF-バ-0014 | C43: 01:未着手 | D43: 欠陥14: 20_移行の不具合 | E43: 46050 | F43: 07_口振契約受付 | G43: 高 | H43: 高 | I43: 46054 | K43: 技術力不足 | L43: ID | M43: CT | N43: 46059 | P43: 無 | T43: 46069
A44: バッチ | B44: DEF-バ-0015 | C44: 01:未着手 | D44: 欠陥15: 07_口振契約受付の不具合 | E44: 46040 | F44: 40_基盤 | G44: 中 | H44: 高 | I44: 46042 | K44: 考慮不足 | L44: PD | M44: 非欠陥 | N44: 46049 | P44: 有 | Q44: 02_受付 | R44: 46052 | T44: 46063
A45: バッチ | B45: DEF-バ-0016 | C45: 98:保留 | D45: 欠陥16: 04_欠陥・返戻の不具合 | E45: 46074 | F45: 02_受付 | G45: 低 | H45: 中 | I45: 46079 | K45: 非欠陥 | L45: RD | M45: ITb | N45: 46086 | P45: 無 | T45: 46097
A46: バッチ | B46: DEF-バ-0017 | C46: 98:保留 | D46: 欠陥17: 03_請求の不具合 | E46: 46051 | F46: 07_口振契約受付 | G46: 低 | H46: 低 | I46: 46052 | K46: 注意不足 | L46: その他 | M46: CT | N46: 46059 | P46: 有 | Q46: 05_清算 | R46: 46064 | T46: 46073
A47: 基盤 | B47: DEF-基-0001 | C47: 05:完了 | D47: 欠陥1: 02_受付の不具合 | E47: 46022 | F47: 07_口振契約受付 | G47: 高 | H47: 低 | I47: 46027 | J47: 46030 | K47: プロセス不備 | L47: 非欠陥 | M47: 非欠陥 | N47: 46033 | O47: 46033 | P47: 無 | T47: 46042 | U47: 46044 | V47: 46034
A48: 基盤 | B48: DEF-基-0002 | C48: 05:完了 | D48: 欠陥2: 02_受付の不具合 | E48: 46062 | F48: 03_請求 | G48: 高 | H48: 低 | I48: 46064 | J48: 46065 | K48: プロセス不備 | L48: 非欠陥 | M48: 非欠陥 | N48: 46074 | O48: 46072 | P48: 無 | T48: 46081 | U48: 46083 | V48: 46077
A49: 基盤 | B49: DEF-基-0003 | C49: 05:完了 | D49: 欠陥3: 20_移行の不具合 | E49: 46028 | F49: 09_事務支(その他) | G49: 中 | H49: 低 | I49: 46032 | J49: 46035 | K49: 技術力不足 | L49: ED | M49: ITa | N49: 46037 | O49: 46038 | P49: 有 | Q49: 05_清算 | R49: 46041 | S49: 46044 | T49: 46051 | U49: 46051 | V49: 46043
A50: 基盤 | B50: DEF-基-0004 | C50: 05:完了 | D50: 欠陥4: 05_清算の不具合 | E50: 46017 | F50: 07_口振契約受付 | G50: 中 | H50: 高 | I50: 46020 | J50: 46022 | K50: プロセス不備 | L50: PD | M50: CT | N50: 46024 | O50: 46023 | P50: 無 | T50: 46029 | U50: 46030 | V50: 46024
A51: 基盤 | B51: DEF-基-0005 | C51: 04:検証中 | D51: 欠陥5: 10_共通の不具合 | E51: 46016 | F51: 07_口振契約受付 | G51: 中 | H51: 中 | I51: 46019 | J51: 46021 | K51: 考慮不足 | L51: 非欠陥 | M51: ITa | N51: 46023 | O51: 46021 | P51: 無 | T51: 46032
A52: 基盤 | B52: DEF-基-0006 | C52: 04:検証中 | D52: 欠陥6: 06_受入準備の不具合 | E52: 46081 | F52: 07_口振契約受付 | G52: 中 | H52: 高 | I52: 46084 | J52: 46084 | K52: 非欠陥 | L52: 非欠陥 | M52: 非欠陥 | N52: 46092 | O52: 46092 | P52: 有 | Q52: 40_基盤 | R52: 46096 | T52: 46104
A53: 基盤 | B53: DEF-基-0007 | C53: 03:対応中 | D53: 欠陥7: 06_受入準備の不具合 | E53: 46061 | F53: 07_口振契約受付 | G53: 低 | H53: 低 | I53: 46066 | J53: 46065 | K53: 業務/仕様理解不足 | L53: ID | M53: ITb | N53: 46076 | P53: 無 | T53: 46085
A54: 基盤 | B54: DEF-基-0008 | C54: 03:対応中 | D54: 欠陥8: 03_請求の不具合 | E54: 46045 | F54: 04_欠陥・返戻 | G54: 高 | H54: 高 | I54: 46047 | J54: 46050 | K54: 情報共有不足 | L54: その他 | M54: ST | N54: 46056 | P54: 無 | T54: 46070
A55: 基盤 | B55: DEF-基-0009 | C55: 03:対応中 | D55: 欠陥9: 03_請求の不具合 | E55: 46067 | F55: 05_清算 | G55: 低 | H55: 中 | I55: 46068 | J55: 46070 | K55: 情報共有不足 | L55: ED | M55: ITb | N55: 46072 | P55: 無 | T55: 46080
A56: 基盤 | B56: DEF-基-0010 | C56: 02:調査中 | D56: 欠陥10: 03_請求の不具合 | E56: 46076 | F56: 06_受入準備 | G56: 高 | H56: 低 | I56: 46053 | K56: 非欠陥 | L56: 非欠陥 | M56: ITa | N56: 46059 | P56: 無 | T56: 46064
A57: 基盤 | B57: DEF-基-0011 | C57: 01:未着手 | D57: 欠陥11: 40_基盤の不具合 | E57: 46045 | F57: 01_委託者登録 | G57: 高 | H57: 中 | I57: 46050 | K57: 注意不足 | L57: その他 | M57: ITb | N57: 46053 | P57: 無 | T57: 46066
A58: 基盤 | B58: DEF-基-0012 | C58: 01:未着手 | D58: 欠陥12: 08_事務支(変更通知)の不具合 | E58: 46067 | F58: 07_口振契約受付 | G58: 中 | H58: 低 | I58: 46068 | K58: プロセス不備 | L58: その他 | M58: ITa | N58: 46071 | P58: 無 | T58: 46082
A59: 基盤 | B59: DEF-基-0013 | C59: 98:保留 | D59: 欠陥13: 05_清算の不具合 | E59: 46062 | F59: 07_口振契約受付 | G59: 高 | H59: 低 | I59: 46064 | K59: 未知 | L59: RD | M59: ST | N59: 46071 | P59: 無 | T59: 46082
A60: 運用 | B60: DEF-運-0001 | C60: 05:完了 | D60: 欠陥1: 05_清算の不具合 | E60: 46060 | F60: 03_請求 | G60: 高 | H60: 中 | I60: 46064 | J60: 46063 | K60: 外的要因 | L60: RD | M60: ITa | N60: 46069 | O60: 46074 | P60: 無 | T60: 46074 | U60: 46076 | V60: 46078
A61: 運用 | B61: DEF-運-0002 | C61: 05:完了 | D61: 欠陥2: 30_運用の不具合 | E61: 46068 | F61: 01_委託者登録 | G61: 低 | H61: 中 | I61: 46073 | J61: 46073 | K61: 非欠陥 | L61: その他 | M61: CT | N61: 46080 | O61: 46082 | P61: 有 | Q61: 20_移行 | R61: 46085 | S61: 46087 | T61: 46086 | U61: 46086 | V61: 46085
A62: 運用 | B62: DEF-運-0003 | C62: 05:完了 | D62: 欠陥3: 06_受入準備の不具合 | E62: 46048 | F62: 03_請求 | G62: 中 | H62: 低 | I62: 46050 | J62: 46049 | K62: 未知 | L62: その他 | M62: ITa | N62: 46059 | O62: 46058 | P62: 有 | Q62: 10_共通 | R62: 46064 | S62: 46066 | T62: 46071 | U62: 46073 | V62: 46063
A63: 運用 | B63: DEF-運-0004 | C63: 05:完了 | D63: 欠陥4: 20_移行の不具合 | E63: 46004 | F63: 20_移行 | G63: 高 | H63: 高 | I63: 46008 | J63: 46010 | K63: プロセス不備 | L63: PD | M63: ST | N63: 46011 | O63: 46013 | P63: 有 | Q63: 30_運用 | R63: 46017 | S63: 46017 | T63: 46025 | U63: 46026 | V63: 46015
A64: 運用 | B64: DEF-運-0005 | C64: 05:完了 | D64: 欠陥5: 03_請求の不具合 | E64: 46044 | F64: 04_欠陥・返戻 | G64: 中 | H64: 高 | I64: 46046 | J64: 46046 | K64: 未知 | L64: ED | M64: CT | N64: 46053 | O64: 46054 | P64: 無 | T64: 46063 | U64: 46065 | V64: 46055
A65: 運用 | B65: DEF-運-0006 | C65: 04:検証中 | D65: 欠陥6: 20_移行の不具合 | E65: 46023 | F65: 30_運用 | G65: 高 | H65: 中 | I65: 46025 | J65: 46027 | K65: 業務/仕様理解不足 | L65: ED | M65: ITa | N65: 46028 | O65: 46026 | P65: 無 | T65: 46037
A66: 運用 | B66: DEF-運-0007 | C66: 04:検証中 | D66: 欠陥7: 10_共通の不具合 | E66: 46010 | F66: 30_運用 | G66: 高 | H66: 高 | I66: 46014 | J66: 46017 | K66: 業務/仕様理解不足 | L66: ID | M66: 非欠陥 | N66: 46017 | O66: 46022 | P66: 無 | T66: 46025
A67: 運用 | B67: DEF-運-0008 | C67: 04:検証中 | D67: 欠陥8: 20_移行の不具合 | E67: 45998 | F67: 03_請求 | G67: 中 | H67: 低 | I67: 46000 | J67: 46002 | K67: プロセス不備 | L67: RD | M67: ST | N67: 46004 | O67: 46004 | P67: 無 | T67: 46014
A68: 運用 | B68: DEF-運-0009 | C68: 03:対応中 | D68: 欠陥9: 06_受入準備の不具合 | E68: 46033 | F68: 20_移行 | G68: 低 | H68: 中 | I68: 46038 | J68: 46037 | K68: 未知 | L68: RD | M68: ST | N68: 46046 | P68: 無 | T68: 46058
A69: 運用 | B69: DEF-運-0010 | C69: 03:対応中 | D69: 欠陥10: 03_請求の不具合 | E69: 46071 | F69: 01_委託者登録 | G69: 低 | H69: 中 | I69: 46024 | J69: 46026 | K69: 未知 | L69: 非欠陥 | M69: ST | N69: 46031 | P69: 無 | T69: 46039
A70: 運用 | B70: DEF-運-0011 | C70: 02:調査中 | D70: 欠陥11: 08_事務支(変更通知)の不具合 | E70: 46069 | F70: 20_移行 | G70: 低 | H70: 高 | I70: 46074 | K70: 注意不足 | L70: ED | M70: ITa | N70: 46082 | P70: 無 | T70: 46087
A71: 運用 | B71: DEF-運-0012 | C71: 02:調査中 | D71: 欠陥12: 05_清算の不具合 | E71: 46005 | F71: 10_共通 | G71: 高 | H71: 中 | I71: 46010 | K71: 外的要因 | L71: PD | M71: ST | N71: 46015 | P71: 有 | Q71: 03_請求 | R71: 46021 | T71: 46023
A72: 運用 | B72: DEF-運-0013 | C72: 01:未着手 | D72: 欠陥13: 05_清算の不具合 | E72: 46010 | F72: 03_請求 | G72: 低 | H72: 低 | I72: 46013 | K72: 考慮不足 | L72: その他 | M72: ST | N72: 46023 | P72: 無 | T72: 46030
A73: 運用 | B73: DEF-運-0014 | C73: 01:未着手 | D73: 欠陥14: 10_共通の不具合 | E73: 46049 | F73: 04_欠陥・返戻 | G73: 低 | H73: 高 | I73: 46054 | K73: 影響範囲調査不足 | L73: RD | M73: CT | N73: 46064 | P73: 無 | T73: 46069
A74: 運用 | B74: DEF-運-0015 | C74: 98:保留 | D74: 欠陥15: 09_事務支(その他)の不具合 | E74: 46035 | F74: 01_委託者登録 | G74: 高 | H74: 低 | I74: 46037 | K74: 業務/仕様理解不足 | L74: ID | M74: ITb | N74: 46044 | P74: 有 | Q74: 04_欠陥・返戻 | R74: 46048 | T74: 46051
A75: 運用 | B75: DEF-運-0016 | C75: 98:保留 | D75: 欠陥16: 01_委託者登録の不具合 | E75: 46061 | F75: 03_請求 | G75: 低 | H75: 高 | I75: 46062 | K75: 業務/仕様理解不足 | L75: ED | M75: CT | N75: 46065 | P75: 有 | Q75: 03_請求 | R75: 46071 | T75: 46071

Sheet 欠陥詳細_オンライン
A1: 欠陥詳細 - オンライン
A3: チーム名 | B3: 欠陥ID | C3: 対応状況 | D3: 件名 | E3: 発見日 | F3: 業務機能分類 | G3: 緊急度 | H3: 影響度 | I3: 調査予定日 | J3: 調査完了日 | K3: 欠陥原因 | L3: 欠陥埋込フェーズ | M3: 検出すべきフェーズ | N3: 対応予定日 | O3: 対応日 | P3: 横展開有無 | Q3: 横展開先 | R3: 横展開完了予定日 | S3: 横展開完了日 | T3: リリース予定日 | U3: リリース日 | V3: 検証日
A4: オンライン | B4: DEF-オ-0001 | C4: 05:完了 | D4: 欠陥1: 09_事務支(その他)の不具合 | E4: 46042 | F4: 40_基盤 | G4: 低 | H4: 低 | I4: 46043 | J4: 46044 | K4: 未知 | L4: ID | M4: 非欠陥 | N4: 46052 | O4: 46056 | P4: 無 | T4: 46066 | U4: 46069 | V4: 46060
A5: オンライン | B5: DEF-オ-0002 | C5: 05:完了 | D5: 欠陥2: 10_共通の不具合 | E5: 46059 | F5: 40_基盤 | G5: 高 | H5: 高 | I5: 46062 | J5: 46063 | K5: 業務/仕様理解不足 | L5: PD | M5: 非欠陥 | N5: 46070 | O5: 46075 | P5: 有 | Q5: 04_欠陥・返戻 | R5: 46077 | S5: 46078 | T5: 46079 | U5: 46080 | V5: 46078
A6: オンライン | B6: DEF-オ-0003 | C6: 05:完了 | D6: 欠陥3: 06_受入準備の不具合 | E6: 46051 | F6: 02_受付 | G6: 低 | H6: 低 | I6: 46054 | J6: 46057 | K6: 非欠陥 | L6: ED | M6: ITb | N6: 46059 | O6: 46063 | P6: 無 | T6: 46068 | U6: 46068 | V6: 46064
A7: オンライン | B7: DEF-オ-0004 | C7: 05:完了 | D7: 欠陥4: 20_移行の不具合 | E7: 45995 | F7: 05_清算 | G7: 高 | H7: 高 | I7: 46000 | J7: 46001 | K7: 注意不足 | L7: RD | M7: ITa | N7: 46004 | O7: 46009 | P7: 無 | T7: 46014 | U7: 46016 | V7: 46011
A8: オンライン | B8: DEF-オ-0005 | C8: 05:完了 | D8: 欠陥5: 06_受入準備の不具合 | E8: 46037 | F8: 02_受付 | G8: 中 | H8: 低 | I8: 46041 | J8: 46043 | K8: 影響範囲調査不足 | L8: 非欠陥 | M8: ITb | N8: 46046 | O8: 46051 | P8: 無 | T8: 46054 | U8: 46057 | V8: 46053
A9: オンライン | B9: DEF-オ-0006 | C9: 05:完了 | D9: 欠陥6: 20_移行の不具合 | E9: 46028 | F9: 07_口振契約受付 | G9: 高 | H9: 低 | I9: 46029 | J9: 46029 | K9: 考慮不足 | L9: RD | M9: 非欠陥 | N9: 46033 | O9: 46033 | P9: 有 | Q9: 20_移行 | R9: 46039 | T9: 46041 | U9: 46044 | V9: 46037
A10: オンライン | B10: DEF-オ-0007 | C10: 05:完了 | D10: 欠陥7: 20_移行の不具合 | E10: 46025 | F10: 09_事務支(その他) | G10: 中 | H10: 高 | I10: 46026 | J10: 46027 | K10: 技術力不足 | L10: PD | M10: ITb | N10: 46036 | O10: 46037 | P10: 無 | T10: 46043 | U10: 46045 | V10: 46038
A11: オンライン | B11: DEF-オ-0008 | C11: 05:完了 | D11: 欠陥8: 06_受入準備の不具合 | E11: 46060 | F11: 02_受付 | G11: 高 | H11: 低 | I11: 46063 | J11: 46066 | K11: 考慮不足 | L11: 非欠陥 | M11: ST | N11: 46067 | O11: 46070 | P11: 無 | T11: 46075 | U11: 46077 | V11: 46072
A12: オンライン | B12: DEF-オ-0009 | C12: 04:検証中 | D12: 欠陥9: 08_事務支(変更通知)の不具合 | E12: 46031 | F12: 40_基盤 | G12: 高 | H12: 低 | I12: 46032 | J12: 46031 | K12: 注意不足 | L12: ID | M12: ITa | N12: 46042 | O12: 46043 | P12: 無 | T12: 46054
A13: オンライン | B13: DEF-オ-0010 | C13: 04:検証中 | D13: 欠陥10: 09_事務支(その他)の不具合 | E13: 46000 | F13: 04_欠陥・返戻 | G13: 低 | H13: 高 | I13: 46005 | J13: 46006 | K13: 影響範囲調査不足 | L13: ID | M13: ST | N13: 46013 | O13: 46011 | P13: 無 | T13: 46019
A14: オンライン | B14: DEF-オ-0011 | C14: 04:検証中 | D14: 欠陥11: 07_口振契約受付の不具合 | E14: 46045 | F14: 07_口振契約受付 | G14: 低 | H14: 低 | I14: 46050 | J14: 46050 | K14: 業務/仕様理解不足 | L14: その他 | M14: CT | N14: 46055 | O14: 46058 | P14: 無 | T14: 46062
A15: オンライン | B15: DEF-オ-0012 | C15: 04:検証中 | D15: 欠陥12: 06_受入準備の不具合 | E15: 46085 | F15: 20_移行 | G15: 中 | H15: 高 | I15: 46087 | J15: 46086 | K15: 外的要因 | L15: RD | M15: 非欠陥 | N15: 46094 | O15: 46098 | P15: 無 | T15: 46099
A16: オンライン | B16: DEF-オ-0013 | C16: 03:対応中 | D16: 欠陥13: 03_請求の不具合 | E16: 46012 | F16: 40_基盤 | G16: 中 | H16: 低 | I16: 46015 | J16: 46015 | K16: 考慮不足 | L16: その他 | M16: 非欠陥 | N16: 46024 | P16: 有 | Q16: 02_受付 | R16: 46028 | T16: 46036
A17: オンライン | B17: DEF-オ-0014 | C17: 03:対応中 | D17: 欠陥14: 08_事務支(変更通知)の不具合 | E17: 46070 | F17: 07_口振契約受付 | G17: 低 | H17: 中 | I17: 46074 | J17: 46075 | K17: 業務/仕様理解不足 | L17: 非欠陥 | M17: CT | N17: 46084 | P17: 無 | T17: 46089
A18: オンライン | B18: DEF-オ-0015 | C18: 03:対応中 | D18: 欠陥15: 06_受入準備の不具合 | E18: 46073 | F18: 08_事務支(変更通知) | G18: 高 | H18: 中 | I18: 46075 | J18: 46077 | K18: 業務/仕様理解不足 | L18: その他 | M18: 非欠陥 | N18: 46083 | P18: 無 | T18: 46094
A19: オンライン | B19: DEF-オ-0016 | C19: 03:対応中 | D19: 欠陥16: 09_事務支(その他)の不具合 | E19: 46045 | F19: 30_運用 | G19: 中 | H19: 中 | I19: 46048 | J19: 46050 | K19: 未知 | L19: その他 | M19: 非欠陥 | N19: 46080 | P19: 無 | T19: 46063
A20: オンライン | B20: DEF-オ-0017 | C20: 03:対応中 | D20: 欠陥17: 40_基盤の不具合 | E20: 46078 | F20: 07_口振契約受付 | G20: 中 | H20: 低 | I20: 46080 | J20: 46079 | K20: 影響範囲調査不足 | L20: ED | M20: 非欠陥 | N20: 46085 | P20: 無 | T20: 46097
A21: オンライン | B21: DEF-オ-0018 | C21: 02:調査中 | D21: 欠陥18: 04_欠陥・返戻の不具合 | E21: 46058 | F21: 06_受入準備 | G21: 中 | H21: 低 | I21: 46062 | K21: 注意不足 | L21: ED | M21: ITa | N21: 46069 | P21: 無 | T21: 46078
A22: オンライン | B22: DEF-オ-0019 | C22: 02:調査中 | D22: 欠陥19: 09_事務支(その他)の不具合 | E22: 46070 | F22: 07_口振契約受付 | G22: 低 | H22: 低 | I22: 46012 | K22: プロセス不備 | L22: PD | M22: 非欠陥 | N22: 46022 | P22: 無 | T22: 46030
A23: オンライン | B23: DEF-オ-0020 | C23: 02:調査中 | D23: 欠陥20: 20_移行の不具合 | E23: 45998 | F23: 07_口振契約受付 | G23: 中 | H23: 低 | I23: 45999 | K23: プロセス不備 | L23: 非欠陥 | M23: ST | N23: 46005 | P23: 無 | T23: 46012
A24: オンライン | B24: DEF-オ-0021 | C24: 01:未着手 | D24: 欠陥21: 10_共通の不具合 | E24: 46032 | F24: 30_運用 | G24: 低 | H24: 高 | I24: 46033 | K24: 非欠陥 | L24: ID | M24: ITa | N24: 46040 | P24: 有 | Q24: 06_受入準備 | R24: 46044 | T24: 46047
A25: オンライン | B25: DEF-オ-0022 | C25: 01:未着手 | D25: 欠陥22: 07_口振契約受付の不具合 | E25: 46015 | F25: 20_移行 | G25: 中 | H25: 高 | I25: 46018 | K25: 外的要因 | L25: PD | M25: ST | N25: 46027 | P25: 無 | T25: 46038
A26: オンライン | B26: DEF-オ-0023 | C26: 01:未着手 | D26: 欠陥23: 05_清算の不具合 | E26: 46014 | F26: 03_請求 | G26: 高 | H26: 低 | I26: 46015 | K26: 情報共有不足 | L26: RD | M26: 非欠陥 | N26: 46021 | P26: 無 | T26: 46034
A27: オンライン | B27: DEF-オ-0024 | C27: 98:保留 | D27: 欠陥24: 02_受付の不具合 | E27: 46075 | F27: 07_口振契約受付 | G27: 低 | H27: 低 | I27: 46078 | K27: 情報共有不足 | L27: ID | M27: ITb | N27: 46083 | P27: 無 | T27: 46093
A28: オンライン | B28: DEF-オ-0025 | C28: 98:保留 | D28: 欠陥25: 01_委託者登録の不具合 | E28: 46015 | F28: 05_清算 | G28: 高 | H28: 中 | I28: 46018 | K28: 技術力不足 | L28: ID | M28: CT | N28: 46028 | P28: 有 | Q28: 03_請求 | R28: 46032 | T28: 46033
A29: オンライン | B29: DEF-オ-0026 | C29: 98:保留 | D29: 欠陥26: 06_受入準備の不具合 | E29: 46085 | F29: 03_請求 | G29: 中 | H29: 中 | I29: 46088 | K29: 影響範囲調査不足 | L29: 非欠陥 | M29: ITa | N29: 46097 | P29: 有 | Q29: 06_受入準備 | R29: 46101 | T29: 46106

Sheet 欠陥詳細_バッチ
A1: 欠陥詳細 - バッチ
A3: チーム名 | B3: 欠陥ID | C3: 対応状況 | D3: 件名 | E3: 発見日 | F3: 業務機能分類 | G3: 緊急度 | H3: 影響度 | I3: 調査予定日 | J3: 調査完了日 | K3: 欠陥原因 | L3: 欠陥埋込フェーズ | M3: 検出すべきフェーズ | N3: 対応予定日 | O3: 対応日 | P3: 横展開有無 | Q3: 横展開先 | R3: 横展開完了予定日 | S3: 横展開完了日 | T3: リリース予定日 | U3: リリース日 | V3: 検証日
A4: バッチ | B4: DEF-バ-0001 | C4: 05:完了 | D4: 欠陥1: 06_受入準備の不具合 | E4: 46059 | F4: 03_請求 | G4: 中 | H4: 低 | I4: 46061 | J4: 46063 | K4: プロセス不備 | L4: PD | M4: ITb | N4: 46069 | O4: 46072 | P4: 有 | Q4: 07_口振契約受付 | R4: 46073 | T4: 46079 | U4: 46081 | V4: 46073
A5: バッチ | B5: DEF-バ-0002 | C5: 05:完了 | D5: 欠陥2: 20_移行の不具合 | E5: 46044 | F5: 30_運用 | G5: 低 | H5: 低 | I5: 46046 | J5: 46048 | K5: 非欠陥 | L5: その他 | M5: CT | N5: 46053 | O5: 46058 | P5: 有 | Q5: 30_運用 | R5: 46057 | T5: 46061 | U5: 46062 | V5: 46062
A6: バッチ | B6: DEF-バ-0003 | C6: 05:完了 | D6: 欠陥3: 04_欠陥・返戻の不具合 | E6: 46084 | F6: 02_受付 | G6: 高 | H6: 中 | I6: 46088 | J6: 46088 | K6: プロセス不備 | L6: RD | M6: ST | N6: 46091 | O6: 46089 | P6: 無 | T6: 46100 | U6: 46103 | V6: 46092
A7: バッチ | B7: DEF-バ-0004 | C7: 05:完了 | D7: 欠陥4: 02_受付の不具合 | E7: 46036 | F7: 10_共通 | G7: 高 | H7: 中 | I7: 46038 | J7: 46038 | K7: 外的要因 | L7: ED | M7: 非欠陥 | N7: 46047 | O7: 46045 | P7: 無 | T7: 46054 | U7: 46054 | V7: 46046
A8: バッチ | B8: DEF-バ-0005 | C8: 05:完了 | D8: 欠陥5: 01_委託者登録の不具合 | E8: 46082 | F8: 02_受付 | G8: 中 | H8: 中 | I8: 46083 | J8: 46085 | K8: プロセス不備 | L8: RD | M8: CT | N8: 46088 | O8: 46090 | P8: 無 | T8: 46099 | U8: 46099 | V8: 46092
A9: バッチ | B9: DEF-バ-0006 | C9: 04:検証中 | D9: 欠陥6: 08_事務支(変更通知)の不具合 | E9: 46030 | F9: 08_事務支(変更通知) | G9: 高 | H9: 高 | I9: 46035 | J9: 46035 | K9: 考慮不足 | L9: RD | M9: ITa | N9: 46038 | O9: 46042 | P9: 無 | T9: 46043
A10: バッチ | B10: DEF-バ-0007 | C10: 04:検証中 | D10: 欠陥7: 01_委託者登録の不具合 | E10: 46069 | F10: 40_基盤 | G10: 中 | H10: 高 | I10: 46070 | J10: 46071 | K10: 注意不足 | L10: その他 | M10: 非欠陥 | N10: 46075 | O10: 46079 | P10: 有 | Q10: 01_委託者登録 | R10: 46078 | T10: 46086
A11: バッチ | B11: DEF-バ-0008 | C11: 04:検証中 | D11: 欠陥8: 01_委託者登録の不具合 | E11: 46024 | F11: 01_委託者登録 | G11: 中 | H11: 中 | I11: 46029 | J11: 46030 | K11: 考慮不足 | L11: PD | M11: ITa | N11: 46037 | O11: 46038 | P11: 無 | T11: 46048
A12: バッチ | B12: DEF-バ-0009 | C12: 03:対応中 | D12: 欠陥9: 03_請求の不具合 | E12: 46058 | F12: 20_移行 | G12: 低 | H12: 低 | I12: 46063 | J12: 46062 | K12: 未知 | L12: RD | M12: 非欠陥 | N12: 46071 | P12: 無 | T12: 46080
A13: バッチ | B13: DEF-バ-0010 | C13: 03:対応中 | D13: 欠陥10: 07_口振契約受付の不具合 | E13: 46058 | F13: 20_移行 | G13: 高 | H13: 低 | I13: 46087 | J13: 46090 | K13: 非欠陥 | L13: PD | M13: ITb | N13: 46097 | P13: 有 | Q13: 05_清算 | R13: 46104 | T13: 46109
A14: バッチ | B14: DEF-バ-0011 | C14: 03:対応中 | D14: 欠陥11: 06_受入準備の不具合 | E14: 46034 | F14: 40_基盤 | G14: 中 | H14: 高 | I14: 46035 | J14: 46038 | K14: 非欠陥 | L14: RD | M14: ST | N14: 46081 | P14: 無 | T14: 46053
A15: バッチ | B15: DEF-バ-0012 | C15: 02:調査中 | D15: 欠陥12: 02_受付の不具合 | E15: 46017 | F15: 20_移行 | G15: 低 | H15: 高 | I15: 46018 | K15: プロセス不備 | L15: ID | M15: ITa | N15: 46027 | P15: 無 | T15: 46036
A16: バッチ | B16: DEF-バ-0013 | C16: 02:調査中 | D16: 欠陥13: 05_清算の不具合 | E16: 46001 | F16: 03_請求 | G16: 低 | H16: 高 | I16: 46004 | K16: 技術力不足 | L16: 非欠陥 | M16: ITa | N16: 46010 | P16: 無 | T16: 46023
A17: バッチ | B17: DEF-バ-0014 | C17: 01:未着手 | D17: 欠陥14: 20_移行の不具合 | E17: 46050 | F17: 07_口振契約受付 | G17: 高 | H17: 高 | I17: 46054 | K17: 技術力不足 | L17: ID | M17: CT | N17: 46059 | P17: 無 | T17: 46069
A18: バッチ | B18: DEF-バ-0015 | C18: 01:未着手 | D18: 欠陥15: 07_口振契約受付の不具合 | E18: 46040 | F18: 40_基盤 | G18: 中 | H18: 高 | I18: 46042 | K18: 考慮不足 | L18: PD | M18: 非欠陥 | N18: 46049 | P18: 有 | Q18: 02_受付 | R18: 46052 | T18: 46063
A19: バッチ | B19: DEF-バ-0016 | C19: 98:保留 | D19: 欠陥16: 04_欠陥・返戻の不具合 | E19: 46074 | F19: 02_受付 | G19: 低 | H19: 中 | I19: 46079 | K19: 非欠陥 | L19: RD | M19: ITb | N19: 46086 | P19: 無 | T19: 46097
A20: バッチ | B20: DEF-バ-0017 | C20: 98:保留 | D20: 欠陥17: 03_請求の不具合 | E20: 46051 | F20: 07_口振契約受付 | G20: 低 | H20: 低 | I20: 46052 | K20: 注意不足 | L20: その他 | M20: CT | N20: 46059 | P20: 有 | Q20: 05_清算 | R20: 46064 | T20: 46073

Sheet 欠陥詳細_基盤
A1: 欠陥詳細 - 基盤
A3: チーム名 | B3: 欠陥ID | C3: 対応状況 | D3: 件名 | E3: 発見日 | F3: 業務機能分類 | G3: 緊急度 | H3: 影響度 | I3: 調査予定日 | J3: 調査完了日 | K3: 欠陥原因 | L3: 欠陥埋込フェーズ | M3: 検出すべきフェーズ | N3: 対応予定日 | O3: 対応日 | P3: 横展開有無 | Q3: 横展開先 | R3: 横展開完了予定日 | S3: 横展開完了日 | T3: リリース予定日 | U3: リリース日 | V3: 検証日
A4: 基盤 | B4: DEF-基-0001 | C4: 05:完了 | D4: 欠陥1: 02_受付の不具合 | E4: 46022 | F4: 07_口振契約受付 | G4: 高 | H4: 低 | I4: 46027 | J4: 46030 | K4: プロセス不備 | L4: 非欠陥 | M4: 非欠陥 | N4: 46033 | O4: 46033 | P4: 無 | T4: 46042 | U4: 46044 | V4: 46034
A5: 基盤 | B5: DEF-基-0002 | C5: 05:完了 | D5: 欠陥2: 02_受付の不具合 | E5: 46062 | F5: 03_請求 | G5: 高 | H5: 低 | I5: 46064 | J5: 46065 | K5: プロセス不備 | L5: 非欠陥 | M5: 非欠陥 | N5: 46074 | O5: 46072 | P5: 無 | T5: 46081 | U5: 46083 | V5: 46077
A6: 基盤 | B6: DEF-基-0003 | C6: 05:完了 | D6: 欠陥3: 20_移行の不具合 | E6: 46028 | F6: 09_事務支(その他) | G6: 中 | H6: 低 | I6: 46032 | J6: 46035 | K6: 技術力不足 | L6: ED | M6: ITa | N6: 46037 | O6: 46038 | P6: 有 | Q6: 05_清算 | R6: 46041 | S6: 46044 | T6: 46051 | U6: 46051 | V6: 46043
A7: 基盤 | B7: DEF-基-0004 | C7: 05:完了 | D7: 欠陥4: 05_清算の不具合 | E7: 46017 | F7: 07_口振契約受付 | G7: 中 | H7: 高 | I7: 46020 | J7: 46022 | K7: プロセス不備 | L7: PD | M7: CT | N7: 46024 | O7: 46023 | P7: 無 | T7: 46029 | U7: 46030 | V7: 46024
A8: 基盤 | B8: DEF-基-0005 | C8: 04:検証中 | D8: 欠陥5: 10_共通の不具合 | E8: 46016 | F8: 07_口振契約受付 | G8: 中 | H8: 中 | I8: 46019 | J8: 46021 | K8: 考慮不足 | L8: 非欠陥 | M8: ITa | N8: 46023 | O8: 46021 | P8: 無 | T8: 46032
A9: 基盤 | B9: DEF-基-0006 | C9: 04:検証中 | D9: 欠陥6: 06_受入準備の不具合 | E9: 46081 | F9: 07_口振契約受付 | G9: 中 | H9: 高 | I9: 46084 | J9: 46084 | K9: 非欠陥 | L9: 非欠陥 | M9: 非欠陥 | N9: 46092 | O9: 46092 | P9: 有 | Q9: 40_基盤 | R9: 46096 | T9: 46104
A10: 基盤 | B10: DEF-基-0007 | C10: 03:対応中 | D10: 欠陥7: 06_受入準備の不具合 | E10: 46061 | F10: 07_口振契約受付 | G10: 低 | H10: 低 | I10: 46066 | J10: 46065 | K10: 業務/仕様理解不足 | L10: ID | M10: ITb | N10: 46076 | P10: 無 | T10: 46085
A11: 基盤 | B11: DEF-基-0008 | C11: 03:対応中 | D11: 欠陥8: 03_請求の不具合 | E11: 46045 | F11: 04_欠陥・返戻 | G11: 高 | H11: 高 | I11: 46047 | J11: 46050 | K11: 情報共有不足 | L11: その他 | M11: ST | N11: 46056 | P11: 無 | T11: 46070
A12: 基盤 | B12: DEF-基-0009 | C12: 03:対応中 | D12: 欠陥9: 03_請求の不具合 | E12: 46067 | F12: 05_清算 | G12: 低 | H12: 中 | I12: 46068 | J12: 46070 | K12: 情報共有不足 | L12: ED | M12: ITb | N12: 46072 | P12: 無 | T12: 46080
A13: 基盤 | B13: DEF-基-0010 | C13: 02:調査中 | D13: 欠陥10: 03_請求の不具合 | E13: 46076 | F13: 06_受入準備 | G13: 高 | H13: 低 | I13: 46053 | K13: 非欠陥 | L13: 非欠陥 | M13: ITa | N13: 46059 | P13: 無 | T13: 46064
A14: 基盤 | B14: DEF-基-0011 | C14: 01:未着手 | D14: 欠陥11: 40_基盤の不具合 | E14: 46045 | F14: 01_委託者登録 | G14: 高 | H14: 中 | I14: 46050 | K14: 注意不足 | L14: その他 | M14: ITb | N14: 46053 | P14: 無 | T14: 46066
A15: 基盤 | B15: DEF-基-0012 | C15: 01:未着手 | D15: 欠陥12: 08_事務支(変更通知)の不具合 | E15: 46067 | F15: 07_口振契約受付 | G15: 中 | H15: 低 | I15: 46068 | K15: プロセス不備 | L15: その他 | M15: ITa | N15: 46071 | P15: 無 | T15: 46082
A16: 基盤 | B16: DEF-基-0013 | C16: 98:保留 | D16: 欠陥13: 05_清算の不具合 | E16: 46062 | F16: 07_口振契約受付 | G16: 高 | H16: 低 | I16: 46064 | K16: 未知 | L16: RD | M16: ST | N16: 46071 | P16: 無 | T16: 46082

Sheet 欠陥詳細_運用
A1: 欠陥詳細 - 運用
A3: チーム名 | B3: 欠陥ID | C3: 対応状況 | D3: 件名 | E3: 発見日 | F3: 業務機能分類 | G3: 緊急度 | H3: 影響度 | I3: 調査予定日 | J3: 調査完了日 | K3: 欠陥原因 | L3: 欠陥埋込フェーズ | M3: 検出すべきフェーズ | N3: 対応予定日 | O3: 対応日 | P3: 横展開有無 | Q3: 横展開先 | R3: 横展開完了予定日 | S3: 横展開完了日 | T3: リリース予定日 | U3: リリース日 | V3: 検証日
A4: 運用 | B4: DEF-運-0001 | C4: 05:完了 | D4: 欠陥1: 05_清算の不具合 | E4: 46060 | F4: 03_請求 | G4: 高 | H4: 中 | I4: 46064 | J4: 46063 | K4: 外的要因 | L4: RD | M4: ITa | N4: 46069 | O4: 46074 | P4: 無 | T4: 46074 | U4: 46076 | V4: 46078
A5: 運用 | B5: DEF-運-0002 | C5: 05:完了 | D5: 欠陥2: 30_運用の不具合 | E5: 46068 | F5: 01_委託者登録 | G5: 低 | H5: 中 | I5: 46073 | J5: 46073 | K5: 非欠陥 | L5: その他 | M5: CT | N5: 46080 | O5: 46082 | P5: 有 | Q5: 20_移行 | R5: 46085 | S5: 46087 | T5: 46086 | U5: 46086 | V5: 46085
A6: 運用 | B6: DEF-運-0003 | C6: 05:完了 | D6: 欠陥3: 06_受入準備の不具合 | E6: 46048 | F6: 03_請求 | G6: 中 | H6: 低 | I6: 46050 | J6: 46049 | K6: 未知 | L6: その他 | M6: ITa | N6: 46059 | O6: 46058 | P6: 有 | Q6: 10_共通 | R6: 46064 | S6: 46066 | T6: 46071 | U6: 46073 | V6: 46063
A7: 運用 | B7: DEF-運-0004 | C7: 05:完了 | D7: 欠陥4: 20_移行の不具合 | E7: 46004 | F7: 20_移行 | G7: 高 | H7: 高 | I7: 46008 | J7: 46010 | K7: プロセス不備 | L7: PD | M7: ST | N7: 46011 | O7: 46013 | P7: 有 | Q7: 30_運用 | R7: 46017 | S7: 46017 | T7: 46025 | U7: 46026 | V7: 46015
A8: 運用 | B8: DEF-運-0005 | C8: 05:完了 | D8: 欠陥5: 03_請求の不具合 | E8: 46044 | F8: 04_欠陥・返戻 | G8: 中 | H8: 高 | I8: 46046 | J8: 46046 | K8: 未知 | L8: ED | M8: CT | N8: 46053 | O8: 46054 | P8: 無 | T8: 46063 | U8: 46065 | V8: 46055
A9: 運用 | B9: DEF-運-0006 | C9: 04:検証中 | D9: 欠陥6: 20_移行の不具合 | E9: 46023 | F9: 30_運用 | G9: 高 | H9: 中 | I9: 46025 | J9: 46027 | K9: 業務/仕様理解不足 | L9: ED | M9: ITa | N9: 46028 | O9: 46026 | P9: 無 | T9: 46037
A10: 運用 | B10: DEF-運-0007 | C10: 04:検証中 | D10: 欠陥7: 10_共通の不具合 | E10: 46010 | F10: 30_運用 | G10: 高 | H10: 高 | I10: 46014 | J10: 46017 | K10: 業務/仕様理解不足 | L10: ID | M10: 非欠陥 | N10: 46017 | O10: 46022 | P10: 無 | T10: 46025
A11: 運用 | B11: DEF-運-0008 | C11: 04:検証中 | D11: 欠陥8: 20_移行の不具合 | E11: 45998 | F11: 03_請求 | G11: 中 | H11: 低 | I11: 46000 | J11: 46002 | K11: プロセス不備 | L11: RD | M11: ST | N11: 46004 | O11: 46004 | P11: 無 | T11: 46014
A12: 運用 | B12: DEF-運-0009 | C12: 03:対応中 | D12: 欠陥9: 06_受入準備の不具合 | E12: 46033 | F12: 20_移行 | G12: 低 | H12: 中 | I12: 46038 | J12: 46037 | K12: 未知 | L12: RD | M12: ST | N12: 46046 | P12: 無 | T12: 46058
A13: 運用 | B13: DEF-運-0010 | C13: 03:対応中 | D13: 欠陥10: 03_請求の不具合 | E13: 46071 | F13: 01_委託者登録 | G13: 低 | H13: 中 | I13: 46024 | J13: 46026 | K13: 未知 | L13: 非欠陥 | M13: ST | N13: 46031 | P13: 無 | T13: 46039
A14: 運用 | B14: DEF-運-0011 | C14: 02:調査中 | D14: 欠陥11: 08_事務支(変更通知)の不具合 | E14: 46069 | F14: 20_移行 | G14: 低 | H14: 高 | I14: 46074 | K14: 注意不足 | L14: ED | M14: ITa | N14: 46082 | P14: 無 | T14: 46087
A15: 運用 | B15: DEF-運-0012 | C15: 02:調査中 | D15: 欠陥12: 05_清算の不具合 | E15: 46005 | F15: 10_共通 | G15: 高 | H15: 中 | I15: 46010 | K15: 外的要因 | L15: PD | M15: ST | N15: 46015 | P15: 有 | Q15: 03_請求 | R15: 46021 | T15: 46023
A16: 運用 | B16: DEF-運-0013 | C16: 01:未着手 | D16: 欠陥13: 05_清算の不具合 | E16: 46010 | F16: 03_請求 | G16: 低 | H16: 低 | I16: 46013 | K16: 考慮不足 | L16: その他 | M16: ST | N16: 46023 | P16: 無 | T16: 46030
A17: 運用 | B17: DEF-運-0014 | C17: 01:未着手 | D17: 欠陥14: 10_共通の不具合 | E17: 46049 | F17: 04_欠陥・返戻 | G17: 低 | H17: 高 | I17: 46054 | K17: 影響範囲調査不足 | L17: RD | M17: CT | N17: 46064 | P17: 無 | T17: 46069
A18: 運用 | B18: DEF-運-0015 | C18: 98:保留 | D18: 欠陥15: 09_事務支(その他)の不具合 | E18: 46035 | F18: 01_委託者登録 | G18: 高 | H18: 低 | I18: 46037 | K18: 業務/仕様理解不足 | L18: ID | M18: ITb | N18: 46044 | P18: 有 | Q18: 04_欠陥・返戻 | R18: 46048 | T18: 46051
A19: 運用 | B19: DEF-運-0016 | C19: 98:保留 | D19: 欠陥16: 01_委託者登録の不具合 | E19: 46061 | F19: 03_請求 | G19: 低 | H19: 高 | I19: 46062 | K19: 業務/仕様理解不足 | L19: ED | M19: CT | N19: 46065 | P19: 有 | Q19: 03_請求 | R19: 46071 | T19: 46071

Sheet 明細
A1: テスト進捗明細
K2: 基準日: | L2: =ダッシュボード!$B$2
A4: No. | B4: ファイル名 | C4: シート名 | D4: チーム名 | E4: テストID | F4: 実施者_予定 | G4: 実施者_実績 | H4: 実施者_状況 | I4: 検証者_予定 | J4: 検証者_実績 | K4: 検証者_状況 | L4: 進捗状況
A5: 1 | B5: input/ITB-B-001_日次バッチ.xlsx | C5: ITB-001_売上集計 | D5: バッチ | E5: ITB-001_売上集計-001 | F5: 46011 | G5: 46011 | H5: =IF(G5<>"","完了",IF(F5="","－",IF(F5<=$L$2,"遅延","予定"))) | I5: 46016 | J5: 46017 | K5: =IF(J5<>"","完了",IF(I5="","－",IF(I5<=$L$2,"遅延","予定"))) | L5: =IF(AND(H5="完了",K5="完了"),"完了",IF(OR(H5="遅延",K5="遅延"),"遅延","進行中"))
A6: 2 | B6: input/ITB-B-001_日次バッチ.xlsx | C6: ITB-001_売上集計 | D6: バッチ | E6: ITB-001_売上集計-002 | F6: 46035 | G6: 46037 | H6: =IF(G6<>"","完了",IF(F6="","－",IF(F6<=$L$2,"遅延","予定"))) | I6: 46038 | J6: 46039 | K6: =IF(J6<>"","完了",IF(I6="","－",IF(I6<=$L$2,"遅延","予定"))) | L6: =IF(AND(H6="完了",K6="完了"),"完了",IF(OR(H6="遅延",K6="遅延"),"遅延","進行中"))
A7: 3 | B7: input/ITB-B-001_日次バッチ.xlsx | C7: ITB-001_売上集計 | D7: バッチ | E7: ITB-001_売上集計-003 | F7: 46057 | G7: 46060 | H7: =IF(G7<>"","完了",IF(F7="","－",IF(F7<=$L$2,"遅延","予定"))) | I7: 46058 | J7: 46060 | K7: =IF(J7<>"","完了",IF(I7="","－",IF(I7<=$L$2,"遅延","予定"))) | L7: =IF(AND(H7="完了",K7="完了"),"完了",IF(OR(H7="遅延",K7="遅延"),"遅延","進行中"))
A8: 4 | B8: input/ITB-B-001_日次バッチ.xlsx | C8: ITB-001_売上集計 | D8: バッチ | E8: ITB-001_売上集計-004 | F8: 46077 | G8: 46076 | H8: =IF(G8<>"","完了",IF(F8="","－",IF(F8<=$L$2,"遅延","予定"))) | I8: 46081 | J8: 46082 | K8: =IF(J8<>"","完了",IF(I8="","－",IF(I8<=$L$2,"遅延","予定"))) | L8: =IF(AND(H8="完了",K8="完了"),"完了",IF(OR(H8="遅延",K8="遅延"),"遅延","進行中"))
A9: 5 | B9: input/ITB-B-001_日次バッチ.xlsx | C9: ITB-001_売上集計 | D9: バッチ | E9: ITB-001_売上集計-005 | F9: 46103 | H9: =IF(G9<>"","完了",IF(F9="","－",IF(F9<=$L$2,"遅延","予定"))) | I9: 46107 | K9: =IF(J9<>"","完了",IF(I9="","－",IF(I9<=$L$2,"遅延","予定"))) | L9: =IF(AND(H9="完了",K9="完了"),"完了",IF(OR(H9="遅延",K9="遅延"),"遅延","進行中"))
A10: 6 | B10: input/ITB-B-001_日次バッチ.xlsx | C10: ITB-001_売上集計 | D10: バッチ | E10: ITB-001_売上集計-006 | F10: 46123 | H10: =IF(G10<>"","完了",IF(F10="","－",IF(F10<=$L$2,"遅延","予定"))) | I10: 46127 | K10: =IF(J10<>"","完了",IF(I10="","－",IF(I10<=$L$2,"遅延","予定"))) | L10: =IF(AND(H10="完了",K10="完了"),"完了",IF(OR(H10="遅延",K10="遅延"),"遅延","進行中"))
A11: 7 | B11: input/ITB-B-001_日次バッチ.xlsx | C11: ITB-001_売上集計 | D11: バッチ | E11: ITB-001_売上集計-007 | F11: 46150 | H11: =IF(G11<>"","完了",IF(F11="","－",IF(F11<=$L$2,"遅延","予定"))) | I11: 46151 | K11: =IF(J11<>"","完了",IF(I11="","－",IF(I11<=$L$2,"遅延","予定"))) | L11: =IF(AND(H11="完了",K11="完了"),"完了",IF(OR(H11="遅延",K11="遅延"),"遅延","進行中"))
A12: 8 | B12: input/ITB-B-001_日次バッチ.xlsx | C12: ITB-001_売上集計 | D12: バッチ | E12: ITB-001_売上集計-008 | F12: 46175 | H12: =IF(G12<>"","完了",IF(F12="","－",IF(F12<=$L$2,"遅延","予定"))) | I12: 46177 | K12: =IF(J12<>"","完了",IF(I12="","－",IF(I12<=$L$2,"遅延","予定"))) | L12: =IF(AND(H12="完了",K12="完了"),"完了",IF(OR(H12="遅延",K12="遅延"),"遅延","進行中"))
A13: 9 | B13: input/ITB-B-001_日次バッチ.xlsx | C13: ITB-002_在庫更新 | D13: バッチ | E13: ITB-002_在庫更新-001 | F13: 46011 | G13: 46011 | H13: =IF(G13<>"","完了",IF(F13="","－",IF(F13<=$L$2,"遅延","予定"))) | I13: 46013 | J13: 46013 | K13: =IF(J13<>"","完了",IF(I13="","－",IF(I13<=$L$2,"遅延","予定"))) | L13: =IF(AND(H13="完了",K13="完了"),"完了",IF(OR(H13="遅延",K13="遅延"),"遅延","進行中"))
A14: 10 | B14: input/ITB-B-001_日次バッチ.xlsx | C14: ITB-002_在庫更新 | D14: バッチ | E14: ITB-002_在庫更新-002 | F14: 46036 | G14: 46038 | H14: =IF(G14<>"","完了",IF(F14="","－",IF(F14<=$L$2,"遅延","予定"))) | I14: 46038 | K14: =IF(J14<>"","完了",IF(I14="","－",IF(I14<=$L$2,"遅延","予定"))) | L14: =IF(AND(H14="完了",K14="完了"),"完了",IF(OR(H14="遅延",K14="遅延"),"遅延","進行中"))
A15: 11 | B15: input/ITB-B-001_日次バッチ.xlsx | C15: ITB-002_在庫更新 | D15: バッチ | E15: ITB-002_在庫更新-003 | F15: 46063 | H15: =IF(G15<>"","完了",IF(F15="","－",IF(F15<=$L$2,"遅延","予定"))) | I15: 46066 | K15: =IF(J15<>"","完了",IF(I15="","－",IF(I15<=$L$2,"遅延","予定"))) | L15: =IF(AND(H15="完了",K15="完了"),"完了",IF(OR(H15="遅延",K15="遅延"),"遅延","進行中"))
A16: 12 | B16: input/ITB-B-001_日次バッチ.xlsx | C16: ITB-002_在庫更新 | D16: バッチ | E16: ITB-002_在庫更新-004 | F16: 46085 | G16: 46087 | H16: =IF(G16<>"","完了",IF(F16="","－",IF(F16<=$L$2,"遅延","予定"))) | I16: 46087 | K16: =IF(J16<>"","完了",IF(I16="","－",IF(I16<=$L$2,"遅延","予定"))) | L16: =IF(AND(H16="完了",K16="完了"),"完了",IF(OR(H16="遅延",K16="遅延"),"遅延","進行中"))
A17: 13 | B17: input/ITB-B-001_日次バッチ.xlsx | C17: ITB-002_在庫更新 | D17: バッチ | E17: ITB-002_在庫更新-005 | F17: 46110 | H17: =IF(G17<>"","完了",IF(F17="","－",IF(F17<=$L$2,"遅延","予定"))) | I17: 46113 | K17: =IF(J17<>"","完了",IF(I17="","－",IF(I17<=$L$2,"遅延","予定"))) | L17: =IF(AND(H17="完了",K17="完了"),"完了",IF(OR(H17="遅延",K17="遅延"),"遅延","進行中"))
A18: 14 | B18: input/ITB-B-001_日次バッチ.xlsx | C18: ITB-002_在庫更新 | D18: バッチ | E18: ITB-002_在庫更新-006 | F18: 46131 | H18: =IF(G18<>"","完了",IF(F18="","－",IF(F18<=$L$2,"遅延","予定"))) | I18: 46134 | K18: =IF(J18<>"","完了",IF(I18="","－",IF(I18<=$L$2,"遅延","予定"))) | L18: =IF(AND(H18="完了",K18="完了"),"完了",IF(OR(H18="遅延",K18="遅延"),"遅延","進行中"))
A19: 15 | B19: input/ITB-B-001_日次バッチ.xlsx | C19: ITB-002_在庫更新 | D19: バッチ | E19: ITB-002_在庫更新-007 | F19: 46153 | H19: =IF(G19<>"","完了",IF(F19="","－",IF(F19<=$L$2,"遅延","予定"))) | I19: 46158 | K19: =IF(J19<>"","完了",IF(I19="","－",IF(I19<=$L$2,"遅延","予定"))) | L19: =IF(AND(H19="完了",K19="完了"),"完了",IF(OR(H19="遅延",K19="遅延"),"遅延","進行中"))
A20: 16 | B20: input/ITB-B-001_日次バッチ.xlsx | C20: ITB-002_在庫更新 | D20: バッチ | E20: ITB-002_在庫更新-008 | F20: 46169 | H20: =IF(G20<>"","完了",IF(F20="","－",IF(F20<=$L$2,"遅延","予定"))) | I20: 46174 | K20: =IF(J20<>"","完了",IF(I20="","－",IF(I20<=$L$2,"遅延","予定"))) | L20: =IF(AND(H20="完了",K20="完了"),"完了",IF(OR(H20="遅延",K20="遅延"),"遅延","進行中"))
A21: 17 | B21: input/ITB-B-001_日次バッチ.xlsx | C21: ITB-003_レポート生成 | D21: バッチ | E21: ITB-003_レポート生成-001 | F21: 46012 | G21: 46013 | H21: =IF(G21<>"","完了",IF(F21="","－",IF(F21<=$L$2,"遅延","予定"))) | I21: 46013 | J21: 46015 | K21: =IF(J21<>"","完了",IF(I21="","－",IF(I21<=$L$2,"遅延","予定"))) | L21: =IF(AND(H21="完了",K21="完了"),"完了",IF(OR(H21="遅延",K21="遅延"),"遅延","進行中"))
A22: 18 | B22: input/ITB-B-001_日次バッチ.xlsx | C22: ITB-003_レポート生成 | D22: バッチ | E22: ITB-003_レポート生成-002 | F22: 46039 | G22: 46040 | H22: =IF(G22<>"","完了",IF(F22="","－",IF(F22<=$L$2,"遅延","予定"))) | I22: 46043 | J22: 46045 | K22: =IF(J22<>"","完了",IF(I22="","－",IF(I22<=$L$2,"遅延","予定"))) | L22: =IF(AND(H22="完了",K22="完了"),"完了",IF(OR(H22="遅延",K22="遅延"),"遅延","進行中"))
A23: 19 | B23: input/ITB-B-001_日次バッチ.xlsx | C23: ITB-003_レポート生成 | D23: バッチ | E23: ITB-003_レポート生成-003 | F23: 46064 | G23: 46064 | H23: =IF(G23<>"","完了",IF(F23="","－",IF(F23<=$L$2,"遅延","予定"))) | I23: 46069 | J23: 46071 | K23: =IF(J23<>"","完了",IF(I23="","－",IF(I23<=$L$2,"遅延","予定"))) | L23: =IF(AND(H23="完了",K23="完了"),"完了",IF(OR(H23="遅延",K23="遅延"),"遅延","進行中"))
A24: 20 | B24: input/ITB-B-001_日次バッチ.xlsx | C24: ITB-003_レポート生成 | D24: バッチ | E24: ITB-003_レポート生成-004 | F24: 46081 | G24: 46079 | H24: =IF(G24<>"","完了",IF(F24="","－",IF(F24<=$L$2,"遅延","予定"))) | I24: 46083 | K24: =IF(J24<>"","完了",IF(I24="","－",IF(I24<=$L$2,"遅延","予定"))) | L24: =IF(AND(H24="完了",K24="完了"),"完了",IF(OR(H24="遅延",K24="遅延"),"遅延","進行中"))
A25: 21 | B25: input/ITB-B-001_日次バッチ.xlsx | C25: ITB-003_レポート生成 | D25: バッチ | E25: ITB-003_レポート生成-005 | F25: 46104 | H25: =IF(G25<>"","完了",IF(F25="","－",IF(F25<=$L$2,"遅延","予定"))) | I25: 46107 | K25: =IF(J25<>"","完了",IF(I25="","－",IF(I25<=$L$2,"遅延","予定"))) | L25: =IF(AND(H25="完了",K25="完了"),"完了",IF(OR(H25="遅延",K25="遅延"),"遅延","進行中"))
A26: 22 | B26: input/ITB-B-001_日次バッチ.xlsx | C26: ITB-003_レポート生成 | D26: バッチ | E26: ITB-003_レポート生成-006 | F26: 46128 | H26: =IF(G26<>"","完了",IF(F26="","－",IF(F26<=$L$2,"遅延","予定"))) | I26: 46133 | K26: =IF(J26<>"","完了",IF(I26="","－",IF(I26<=$L$2,"遅延","予定"))) | L26: =IF(AND(H26="完了",K26="完了"),"完了",IF(OR(H26="遅延",K26="遅延"),"遅延","進行中"))
A27: 23 | B27: input/ITB-B-001_日次バッチ.xlsx | C27: ITB-003_レポート生成 | D27: バッチ | E27: ITB-003_レポート生成-007 | F27: 46150 | H27: =IF(G27<>"","完了",IF(F27="","－",IF(F27<=$L$2,"遅延","予定"))) | I27: 46154 | K27: =IF(J27<>"","完了",IF(I27="","－",IF(I27<=$L$2,"遅延","予定"))) | L27: =IF(AND(H27="完了",K27="完了"),"完了",IF(OR(H27="遅延",K27="遅延"),"遅延","進行中"))
A28: 24 | B28: input/ITB-B-001_日次バッチ.xlsx | C28: ITB-003_レポート生成 | D28: バッチ | E28: ITB-003_レポート生成-008 | F28: 46175 | H28: =IF(G28<>"","完了",IF(F28="","－",IF(F28<=$L$2,"遅延","予定"))) | I28: 46177 | K28: =IF(J28<>"","完了",IF(I28="","－",IF(I28<=$L$2,"遅延","予定"))) | L28: =IF(AND(H28="完了",K28="完了"),"完了",IF(OR(H28="遅延",K28="遅延"),"遅延","進行中"))
A29: 25 | B29: input/ITB-B-002_月次バッチ.xlsx | C29: ITB-001_月次締め | D29: バッチ | E29: ITB-001_月次締め-001 | F29: 46003 | G29: 46002 | H29: =IF(G29<>"","完了",IF(F29="","－",IF(F29<=$L$2,"遅延","予定"))) | I29: 46006 | J29: 46005 | K29: =IF(J29<>"","完了",IF(I29="","－",IF(I29<=$L$2,"遅延","予定"))) | L29: =IF(AND(H29="完了",K29="完了"),"完了",IF(OR(H29="遅延",K29="遅延"),"遅延","進行中"))
A30: 26 | B30: input/ITB-B-002_月次バッチ.xlsx | C30: ITB-001_月次締め | D30: バッチ | E30: ITB-001_月次締め-002 | F30: 46015 | G30: 46018 | H30: =IF(G30<>"","完了",IF(F30="","－",IF(F30<=$L$2,"遅延","予定"))) | I30: 46016 | K30: =IF(J30<>"","完了",IF(I30="","－",IF(I30<=$L$2,"遅延","予定"))) | L30: =IF(AND(H30="完了",K30="完了"),"完了",IF(OR(H30="遅延",K30="遅延"),"遅延","進行中"))
A31: 27 | B31: input/ITB-B-002_月次バッチ.xlsx | C31: ITB-001_月次締め | D31: バッチ | E31: ITB-001_月次締め-003 | F31: 46028 | G31: 46027 | H31: =IF(G31<>"","完了",IF(F31="","－",IF(F31<=$L$2,"遅延","予定"))) | I31: 46030 | K31: =IF(J31<>"","完了",IF(I31="","－",IF(I31<=$L$2,"遅延","予定"))) | L31: =IF(AND(H31="完了",K31="完了"),"完了",IF(OR(H31="遅延",K31="遅延"),"遅延","進行中"))
A32: 28 | B32: input/ITB-B-002_月次バッチ.xlsx | C32: ITB-001_月次締め | D32: バッチ | E32: ITB-001_月次締め-004 | F32: 46039 | G32: 46038 | H32: =IF(G32<>"","完了",IF(F32="","－",IF(F32<=$L$2,"遅延","予定"))) | I32: 46043 | K32: =IF(J32<>"","完了",IF(I32="","－",IF(I32<=$L$2,"遅延","予定"))) | L32: =IF(AND(H32="完了",K32="完了"),"完了",IF(OR(H32="遅延",K32="遅延"),"遅延","進行中"))
A33: 29 | B33: input/ITB-B-002_月次バッチ.xlsx | C33: ITB-001_月次締め | D33: バッチ | E33: ITB-001_月次締め-005 | F33: 46056 | G33: 46057 | H33: =IF(G33<>"","完了",IF(F33="","－",IF(F33<=$L$2,"遅延","予定"))) | I33: 46059 | J33: 46060 | K33: =IF(J33<>"","完了",IF(I33="","－",IF(I33<=$L$2,"遅延","予定"))) | L33: =IF(AND(H33="完了",K33="完了"),"完了",IF(OR(H33="遅延",K33="遅延"),"遅延","進行中"))
A34: 30 | B34: input/ITB-B-002_月次バッチ.xlsx | C34: ITB-001_月次締め | D34: バッチ | E34: ITB-001_月次締め-006 | F34: 46064 | G34: 46066 | H34: =IF(G34<>"","完了",IF(F34="","－",IF(F34<=$L$2,"遅延","予定"))) | I34: 46068 | J34: 46068 | K34: =IF(J34<>"","完了",IF(I34="","－",IF(I34<=$L$2,"遅延","予定"))) | L34: =IF(AND(H34="完了",K34="完了"),"完了",IF(OR(H34="遅延",K34="遅延"),"遅延","進行中"))
A35: 31 | B35: input/ITB-B-002_月次バッチ.xlsx | C35: ITB-001_月次締め | D35: バッチ | E35: ITB-001_月次締め-007 | F35: 46075 | G35: 46078 | H35: =IF(G35<>"","完了",IF(F35="","－",IF(F35<=$L$2,"遅延","予定"))) | I35: 46080 | J35: 46081 | K35: =IF(J35<>"","完了",IF(I35="","－",IF(I35<=$L$2,"遅延","予定"))) | L35: =IF(AND(H35="完了",K35="完了"),"完了",IF(OR(H35="遅延",K35="遅延"),"遅延","進行中"))
A36: 32 | B36: input/ITB-B-002_月次バッチ.xlsx | C36: ITB-001_月次締め | D36: バッチ | E36: ITB-001_月次締め-008 | F36: 46091 | H36: =IF(G36<>"","完了",IF(F36="","－",IF(F36<=$L$2,"遅延","予定"))) | I36: 46095 | K36: =IF(J36<>"","完了",IF(I36="","－",IF(I36<=$L$2,"遅延","予定"))) | L36: =IF(AND(H36="完了",K36="完了"),"完了",IF(OR(H36="遅延",K36="遅延"),"遅延","進行中"))
A37: 33 | B37: input/ITB-B-002_月次バッチ.xlsx | C37: ITB-001_月次締め | D37: バッチ | E37: ITB-001_月次締め-009 | F37: 46098 | H37: =IF(G37<>"","完了",IF(F37="","－",IF(F37<=$L$2,"遅延","予定"))) | I37: 46101 | K37: =IF(J37<>"","完了",IF(I37="","－",IF(I37<=$L$2,"遅延","予定"))) | L37: =IF(AND(H37="完了",K37="完了"),"完了",IF(OR(H37="遅延",K37="遅延"),"遅延","進行中"))
A38: 34 | B38: input/ITB-B-002_月次バッチ.xlsx | C38: ITB-001_月次締め | D38: バッチ | E38: ITB-001_月次締め-010 | F38: 46113 | H38: =IF(G38<>"","完了",IF(F38="","－",IF(F38<=$L$2,"遅延","予定"))) | I38: 46115 | K38: =IF(J38<>"","完了",IF(I38="","－",IF(I38<=$L$2,"遅延","予定"))) | L38: =IF(AND(H38="完了",K38="完了"),"完了",IF(OR(H38="遅延",K38="遅延"),"遅延","進行中"))
A39: 35 | B39: input/ITB-B-002_月次バッチ.xlsx | C39: ITB-001_月次締め | D39: バッチ | E39: ITB-001_月次締め-011 | F39: 46121 | H39: =IF(G39<>"","完了",IF(F39="","－",IF(F39<=$L$2,"遅延","予定"))) | I39: 46123 | K39: =IF(J39<>"","完了",IF(I39="","－",IF(I39<=$L$2,"遅延","予定"))) | L39: =IF(AND(H39="完了",K39="完了"),"完了",IF(OR(H39="遅延",K39="遅延"),"遅延","進行中"))
A40: 36 | B40: input/ITB-B-002_月次バッチ.xlsx | C40: ITB-001_月次締め | D40: バッチ | E40: ITB-001_月次締め-012 | F40: 46133 | H40: =IF(G40<>"","完了",IF(F40="","－",IF(F40<=$L$2,"遅延","予定"))) | I40: 46136 | K40: =IF(J40<>"","完了",IF(I40="","－",IF(I40<=$L$2,"遅延","予定"))) | L40: =IF(AND(H40="完了",K40="完了"),"完了",IF(OR(H40="遅延",K40="遅延"),"遅延","進行中"))
A41: 37 | B41: input/ITB-B-002_月次バッチ.xlsx | C41: ITB-001_月次締め | D41: バッチ | E41: ITB-001_月次締め-013 | F41: 46143 | H41: =IF(G41<>"","完了",IF(F41="","－",IF(F41<=$L$2,"遅延","予定"))) | I41: 46146 | K41: =IF(J41<>"","完了",IF(I41="","－",IF(I41<=$L$2,"遅延","予定"))) | L41: =IF(AND(H41="完了",K41="完了"),"完了",IF(OR(H41="遅延",K41="遅延"),"遅延","進行中"))
A42: 38 | B42: input/ITB-B-002_月次バッチ.xlsx | C42: ITB-001_月次締め | D42: バッチ | E42: ITB-001_月次締め-014 | F42: 46161 | H42: =IF(G42<>"","完了",IF(F42="","－",IF(F42<=$L$2,"遅延","予定"))) | I42: 46166 | K42: =IF(J42<>"","完了",IF(I42="","－",IF(I42<=$L$2,"遅延","予定"))) | L42: =IF(AND(H42="完了",K42="完了"),"完了",IF(OR(H42="遅延",K42="遅延"),"遅延","進行中"))
A43: 39 | B43: input/ITB-B-002_月次バッチ.xlsx | C43: ITB-001_月次締め | D43: バッチ | E43: ITB-001_月次締め-015 | F43: 46175 | H43: =IF(G43<>"","完了",IF(F43="","－",IF(F43<=$L$2,"遅延","予定"))) | I43: 46178 | K43: =IF(J43<>"","完了",IF(I43="","－",IF(I43<=$L$2,"遅延","予定"))) | L43: =IF(AND(H43="完了",K43="完了"),"完了",IF(OR(H43="遅延",K43="遅延"),"遅延","進行中"))
A44: 40 | B44: input/ITB-B-002_月次バッチ.xlsx | C44: ITB-002_請求書発行 | D44: バッチ | E44: ITB-002_請求書発行-001 | F44: 46004 | G44: 46004 | H44: =IF(G44<>"","完了",IF(F44="","－",IF(F44<=$L$2,"遅延","予定"))) | I44: 46008 | J44: 46008 | K44: =IF(J44<>"","完了",IF(I44="","－",IF(I44<=$L$2,"遅延","予定"))) | L44: =IF(AND(H44="完了",K44="完了"),"完了",IF(OR(H44="遅延",K44="遅延"),"遅延","進行中"))
A45: 41 | B45: input/ITB-B-002_月次バッチ.xlsx | C45: ITB-002_請求書発行 | D45: バッチ | E45: ITB-002_請求書発行-002 | F45: 46017 | G45: 46020 | H45: =IF(G45<>"","完了",IF(F45="","－",IF(F45<=$L$2,"遅延","予定"))) | I45: 46020 | K45: =IF(J45<>"","完了",IF(I45="","－",IF(I45<=$L$2,"遅延","予定"))) | L45: =IF(AND(H45="完了",K45="完了"),"完了",IF(OR(H45="遅延",K45="遅延"),"遅延","進行中"))
A46: 42 | B46: input/ITB-B-002_月次バッチ.xlsx | C46: ITB-002_請求書発行 | D46: バッチ | E46: ITB-002_請求書発行-003 | F46: 46030 | G46: 46028 | H46: =IF(G46<>"","完了",IF(F46="","－",IF(F46<=$L$2,"遅延","予定"))) | I46: 46033 | J46: 46035 | K46: =IF(J46<>"","完了",IF(I46="","－",IF(I46<=$L$2,"遅延","予定"))) | L46: =IF(AND(H46="完了",K46="完了"),"完了",IF(OR(H46="遅延",K46="遅延"),"遅延","進行中"))
A47: 43 | B47: input/ITB-B-002_月次バッチ.xlsx | C47: ITB-002_請求書発行 | D47: バッチ | E47: ITB-002_請求書発行-004 | F47: 46043 | G47: 46041 | H47: =IF(G47<>"","完了",IF(F47="","－",IF(F47<=$L$2,"遅延","予定"))) | I47: 46046 | J47: 46048 | K47: =IF(J47<>"","完了",IF(I47="","－",IF(I47<=$L$2,"遅延","予定"))) | L47: =IF(AND(H47="完了",K47="完了"),"完了",IF(OR(H47="遅延",K47="遅延"),"遅延","進行中"))
A48: 44 | B48: input/ITB-B-002_月次バッチ.xlsx | C48: ITB-002_請求書発行 | D48: バッチ | E48: ITB-002_請求書発行-005 | F48: 46053 | G48: 46056 | H48: =IF(G48<>"","完了",IF(F48="","－",IF(F48<=$L$2,"遅延","予定"))) | I48: 46057 | J48: 46059 | K48: =IF(J48<>"","完了",IF(I48="","－",IF(I48<=$L$2,"遅延","予定"))) | L48: =IF(AND(H48="完了",K48="完了"),"完了",IF(OR(H48="遅延",K48="遅延"),"遅延","進行中"))
A49: 45 | B49: input/ITB-B-002_月次バッチ.xlsx | C49: ITB-002_請求書発行 | D49: バッチ | E49: ITB-002_請求書発行-006 | F49: 46060 | G49: 46061 | H49: =IF(G49<>"","完了",IF(F49="","－",IF(F49<=$L$2,"遅延","予定"))) | I49: 46062 | J49: 46061 | K49: =IF(J49<>"","完了",IF(I49="","－",IF(I49<=$L$2,"遅延","予定"))) | L49: =IF(AND(H49="完了",K49="完了"),"完了",IF(OR(H49="遅延",K49="遅延"),"遅延","進行中"))
A50: 46 | B50: input/ITB-B-002_月次バッチ.xlsx | C50: ITB-002_請求書発行 | D50: バッチ | E50: ITB-002_請求書発行-007 | F50: 46076 | G50: 46077 | H50: =IF(G50<>"","完了",IF(F50="","－",IF(F50<=$L$2,"遅延","予定"))) | I50: 46081 | J50: 46083 | K50: =IF(J50<>"","完了",IF(I50="","－",IF(I50<=$L$2,"遅延","予定"))) | L50: =IF(AND(H50="完了",K50="完了"),"完了",IF(OR(H50="遅延",K50="遅延"),"遅延","進行中"))
A51: 47 | B51: input/ITB-B-002_月次バッチ.xlsx | C51: ITB-002_請求書発行 | D51: バッチ | E51: ITB-002_請求書発行-008 | F51: 46091 | H51: =IF(G51<>"","完了",IF(F51="","－",IF(F51<=$L$2,"遅延","予定"))) | I51: 46094 | K51: =IF(J51<>"","完了",IF(I51="","－",IF(I51<=$L$2,"遅延","予定"))) | L51: =IF(AND(H51="完了",K51="完了"),"完了",IF(OR(H51="遅延",K51="遅延"),"遅延","進行中"))
A52: 48 | B52: input/ITB-B-002_月次バッチ.xlsx | C52: ITB-002_請求書発行 | D52: バッチ | E52: ITB-002_請求書発行-009 | F52: 46096 | H52: =IF(G52<>"","完了",IF(F52="","－",IF(F52<=$L$2,"遅延","予定"))) | I52: 46100 | K52: =IF(J52<>"","完了",IF(I52="","－",IF(I52<=$L$2,"遅延","予定"))) | L52: =IF(AND(H52="完了",K52="完了"),"完了",IF(OR(H52="遅延",K52="遅延"),"遅延","進行中"))
A53: 49 | B53: input/ITB-B-002_月次バッチ.xlsx | C53: ITB-002_請求書発行 | D53: バッチ | E53: ITB-002_請求書発行-010 | F53: 46115 | H53: =IF(G53<>"","完了",IF(F53="","－",IF(F53<=$L$2,"遅延","予定"))) | I53: 46117 | K53: =IF(J53<>"","完了",IF(I53="","－",IF(I53<=$L$2,"遅延","予定"))) | L53: =IF(AND(H53="完了",K53="完了"),"完了",IF(OR(H53="遅延",K53="遅延"),"遅延","進行中"))
A54: 50 | B54: input/ITB-B-002_月次バッチ.xlsx | C54: ITB-002_請求書発行 | D54: バッチ | E54: ITB-002_請求書発行-011 | F54: 46125 | H54: =IF(G54<>"","完了",IF(F54="","－",IF(F54<=$L$2,"遅延","予定"))) | I54: 46129 | K54: =IF(J54<>"","完了",IF(I54="","－",IF(I54<=$L$2,"遅延","予定"))) | L54: =IF(AND(H54="完了",K54="完了"),"完了",IF(OR(H54="遅延",K54="遅延"),"遅延","進行中"))
A55: 51 | B55: input/ITB-B-002_月次バッチ.xlsx | C55: ITB-002_請求書発行 | D55: バッチ | E55: ITB-002_請求書発行-012 | F55: 46132 | H55: =IF(G55<>"","完了",IF(F55="","－",IF(F55<=$L$2,"遅延","予定"))) | I55: 46134 | K55: =IF(J55<>"","完了",IF(I55="","－",IF(I55<=$L$2,"遅延","予定"))) | L55: =IF(AND(H55="完了",K55="完了"),"完了",IF(OR(H55="遅延",K55="遅延"),"遅延","進行中"))
A56: 52 | B56: input/ITB-B-002_月次バッチ.xlsx | C56: ITB-002_請求書発行 | D56: バッチ | E56: ITB-002_請求書発行-013 | F56: 46152 | H56: =IF(G56<>"","完了",IF(F56="","－",IF(F56<=$L$2,"遅延","予定"))) | I56: 46153 | K56: =IF(J56<>"","完了",IF(I56="","－",IF(I56<=$L$2,"遅延","予定"))) | L56: =IF(AND(H56="完了",K56="完了"),"完了",IF(OR(H56="遅延",K56="遅延"),"遅延","進行中"))
A57: 53 | B57: input/ITB-B-002_月次バッチ.xlsx | C57: ITB-002_請求書発行 | D57: バッチ | E57: ITB-002_請求書発行-014 | F57: 46157 | H57: =IF(G57<>"","完了",IF(F57="","－",IF(F57<=$L$2,"遅延","予定"))) | I57: 46160 | K57: =IF(J57<>"","完了",IF(I57="","－",IF(I57<=$L$2,"遅延","予定"))) | L57: =IF(AND(H57="完了",K57="完了"),"完了",IF(OR(H57="遅延",K57="遅延"),"遅延","進行中"))
A58: 54 | B58: input/ITB-B-002_月次バッチ.xlsx | C58: ITB-002_請求書発行 | D58: バッチ | E58: ITB-002_請求書発行-015 | F58: 46174 | H58: =IF(G58<>"","完了",IF(F58="","－",IF(F58<=$L$2,"遅延","予定"))) | I58: 46175 | K58: =IF(J58<>"","完了",IF(I58="","－",IF(I58<=$L$2,"遅延","予定"))) | L58: =IF(AND(H58="完了",K58="完了"),"完了",IF(OR(H58="遅延",K58="遅延"),"遅延","進行中"))
A59: 55 | B59: input/ITB-B-003_データ連携.xlsx | C59: ITB-001_外部システム連携 | D59: バッチ | E59: ITB-001_外部システム連携-001 | F59: 46010 | G59: 46010 | H59: =IF(G59<>"","完了",IF(F59="","－",IF(F59<=$L$2,"遅延","予定"))) | I59: 46014 | J59: 46013 | K59: =IF(J59<>"","完了",IF(I59="","－",IF(I59<=$L$2,"遅延","予定"))) | L59: =IF(AND(H59="完了",K59="完了"),"完了",IF(OR(H59="遅延",K59="遅延"),"遅延","進行中"))
A60: 56 | B60: input/ITB-B-003_データ連携.xlsx | C60: ITB-001_外部システム連携 | D60: バッチ | E60: ITB-001_外部システム連携-002 | F60: 46030 | G60: 46033 | H60: =IF(G60<>"","完了",IF(F60="","－",IF(F60<=$L$2,"遅延","予定"))) | I60: 46033 | J60: 46035 | K60: =IF(J60<>"","完了",IF(I60="","－",IF(I60<=$L$2,"遅延","予定"))) | L60: =IF(AND(H60="完了",K60="完了"),"完了",IF(OR(H60="遅延",K60="遅延"),"遅延","進行中"))
A61: 57 | B61: input/ITB-B-003_データ連携.xlsx | C61: ITB-001_外部システム連携 | D61: バッチ | E61: ITB-001_外部システム連携-003 | F61: 46042 | G61: 46042 | H61: =IF(G61<>"","完了",IF(F61="","－",IF(F61<=$L$2,"遅延","予定"))) | I61: 46046 | K61: =IF(J61<>"","完了",IF(I61="","－",IF(I61<=$L$2,"遅延","予定"))) | L61: =IF(AND(H61="完了",K61="完了"),"完了",IF(OR(H61="遅延",K61="遅延"),"遅延","進行中"))
A62: 58 | B62: input/ITB-B-003_データ連携.xlsx | C62: ITB-001_外部システム連携 | D62: バッチ | E62: ITB-001_外部システム連携-004 | F62: 46065 | G62: 46063 | H62: =IF(G62<>"","完了",IF(F62="","－",IF(F62<=$L$2,"遅延","予定"))) | I62: 46066 | J62: 46065 | K62: =IF(J62<>"","完了",IF(I62="","－",IF(I62<=$L$2,"遅延","予定"))) | L62: =IF(AND(H62="完了",K62="完了"),"完了",IF(OR(H62="遅延",K62="遅延"),"遅延","進行中"))
A63: 59 | B63: input/ITB-B-003_データ連携.xlsx | C63: ITB-001_外部システム連携 | D63: バッチ | E63: ITB-001_外部システム連携-005 | F63: 46083 | G63: 46083 | H63: =IF(G63<>"","完了",IF(F63="","－",IF(F63<=$L$2,"遅延","予定"))) | I63: 46088 | K63: =IF(J63<>"","完了",IF(I63="","－",IF(I63<=$L$2,"遅延","予定"))) | L63: =IF(AND(H63="完了",K63="完了"),"完了",IF(OR(H63="遅延",K63="遅延"),"遅延","進行中"))
A64: 60 | B64: input/ITB-B-003_データ連携.xlsx | C64: ITB-001_外部システム連携 | D64: バッチ | E64: ITB-001_外部システム連携-006 | F64: 46102 | H64: =IF(G64<>"","完了",IF(F64="","－",IF(F64<=$L$2,"遅延","予定"))) | I64: 46105 | K64: =IF(J64<>"","完了",IF(I64="","－",IF(I64<=$L$2,"遅延","予定"))) | L64: =IF(AND(H64="完了",K64="完了"),"完了",IF(OR(H64="遅延",K64="遅延"),"遅延","進行中"))
A65: 61 | B65: input/ITB-B-003_データ連携.xlsx | C65: ITB-001_外部システム連携 | D65: バッチ | E65: ITB-001_外部システム連携-007 | F65: 46123 | H65: =IF(G65<>"","完了",IF(F65="","－",IF(F65<=$L$2,"遅延","予定"))) | I65: 46124 | K65: =IF(J65<>"","完了",IF(I65="","－",IF(I65<=$L$2,"遅延","予定"))) | L65: =IF(AND(H65="完了",K65="完了"),"完了",IF(OR(H65="遅延",K65="遅延"),"遅延","進行中"))
A66: 62 | B66: input/ITB-B-003_データ連携.xlsx | C66: ITB-001_外部システム連携 | D66: バッチ | E66: ITB-001_外部システム連携-008 | F66: 46135 | H66: =IF(G66<>"","完了",IF(F66="","－",IF(F66<=$L$2,"遅延","予定"))) | I66: 46137 | K66: =IF(J66<>"","完了",IF(I66="","－",IF(I66<=$L$2,"遅延","予定"))) | L66: =IF(AND(H66="完了",K66="完了"),"完了",IF(OR(H66="遅延",K66="遅延"),"遅延","進行中"))
A67: 63 | B67: input/ITB-B-003_データ連携.xlsx | C67: ITB-001_外部システム連携 | D67: バッチ | E67: ITB-001_外部システム連携-009 | F67: 46150 | H67: =IF(G67<>"","完了",IF(F67="","－",IF(F67<=$L$2,"遅延","予定"))) | I67: 46155 | K67: =IF(J67<>"","完了",IF(I67="","－",IF(I67<=$L$2,"遅延","予定"))) | L67: =IF(AND(H67="完了",K67="完了"),"完了",IF(OR(H67="遅延",K67="遅延"),"遅延","進行中"))
A68: 64 | B68: input/ITB-B-003_データ連携.xlsx | C68: ITB-001_外部システム連携 | D68: バッチ | E68: ITB-001_外部システム連携-010 | F68: 46170 | H68: =IF(G68<>"","完了",IF(F68="","－",IF(F68<=$L$2,"遅延","予定"))) | I68: 46171 | K68: =IF(J68<>"","完了",IF(I68="","－",IF(I68<=$L$2,"遅延","予定"))) | L68: =IF(AND(H68="完了",K68="完了"),"完了",IF(OR(H68="遅延",K68="遅延"),"遅延","進行中"))
A69: 65 | B69: input/ITB-B-003_データ連携.xlsx | C69: ITB-002_データ同期 | D69: バッチ | E69: ITB-002_データ同期-001 | F69: 46012 | G69: 46015 | H69: =IF(G69<>"","完了",IF(F69="","－",IF(F69<=$L$2,"遅延","予定"))) | I69: 46013 | J69: 46014 | K69: =IF(J69<>"","完了",IF(I69="","－",IF(I69<=$L$2,"遅延","予定"))) | L69: =IF(AND(H69="完了",K69="完了"),"完了",IF(OR(H69="遅延",K69="遅延"),"遅延","進行中"))
A70: 66 | B70: input/ITB-B-003_データ連携.xlsx | C70: ITB-002_データ同期 | D70: バッチ | E70: ITB-002_データ同期-002 | F70: 46026 | G70: 46025 | H70: =IF(G70<>"","完了",IF(F70="","－",IF(F70<=$L$2,"遅延","予定"))) | I70: 46027 | J70: 46027 | K70: =IF(J70<>"","完了",IF(I70="","－",IF(I70<=$L$2,"遅延","予定"))) | L70: =IF(AND(H70="完了",K70="完了"),"完了",IF(OR(H70="遅延",K70="遅延"),"遅延","進行中"))
A71: 67 | B71: input/ITB-B-003_データ連携.xlsx | C71: ITB-002_データ同期 | D71: バッチ | E71: ITB-002_データ同期-003 | F71: 46044 | G71: 46047 | H71: =IF(G71<>"","完了",IF(F71="","－",IF(F71<=$L$2,"遅延","予定"))) | I71: 46046 | K71: =IF(J71<>"","完了",IF(I71="","－",IF(I71<=$L$2,"遅延","予定"))) | L71: =IF(AND(H71="完了",K71="完了"),"完了",IF(OR(H71="遅延",K71="遅延"),"遅延","進行中"))
A72: 68 | B72: input/ITB-B-003_データ連携.xlsx | C72: ITB-002_データ同期 | D72: バッチ | E72: ITB-002_データ同期-004 | F72: 46062 | G72: 46060 | H72: =IF(G72<>"","完了",IF(F72="","－",IF(F72<=$L$2,"遅延","予定"))) | I72: 46067 | J72: 46066 | K72: =IF(J72<>"","完了",IF(I72="","－",IF(I72<=$L$2,"遅延","予定"))) | L72: =IF(AND(H72="完了",K72="完了"),"完了",IF(OR(H72="遅延",K72="遅延"),"遅延","進行中"))
A73: 69 | B73: input/ITB-B-003_データ連携.xlsx | C73: ITB-002_データ同期 | D73: バッチ | E73: ITB-002_データ同期-005 | F73: 46084 | G73: 46086 | H73: =IF(G73<>"","完了",IF(F73="","－",IF(F73<=$L$2,"遅延","予定"))) | I73: 46085 | J73: 46086 | K73: =IF(J73<>"","完了",IF(I73="","－",IF(I73<=$L$2,"遅延","予定"))) | L73: =IF(AND(H73="完了",K73="完了"),"完了",IF(OR(H73="遅延",K73="遅延"),"遅延","進行中"))
A74: 70 | B74: input/ITB-B-003_データ連携.xlsx | C74: ITB-002_データ同期 | D74: バッチ | E74: ITB-002_データ同期-006 | F74: 46102 | H74: =IF(G74<>"","完了",IF(F74="","－",IF(F74<=$L$2,"遅延","予定"))) | I74: 46104 | K74: =IF(J74<>"","完了",IF(I74="","－",IF(I74<=$L$2,"遅延","予定"))) | L74: =IF(AND(H74="完了",K74="完了"),"完了",IF(OR(H74="遅延",K74="遅延"),"遅延","進行中"))
A75: 71 | B75: input/ITB-B-003_データ連携.xlsx | C75: ITB-002_データ同期 | D75: バッチ | E75: ITB-002_データ同期-007 | F75: 46115 | H75: =IF(G75<>"","完了",IF(F75="","－",IF(F75<=$L$2,"遅延","予定"))) | I75: 46116 | K75: =IF(J75<>"","完了",IF(I75="","－",IF(I75<=$L$2,"遅延","予定"))) | L75: =IF(AND(H75="完了",K75="完了"),"完了",IF(OR(H75="遅延",K75="遅延"),"遅延","進行中"))
A76: 72 | B76: input/ITB-B-003_データ連携.xlsx | C76: ITB-002_データ同期 | D76: バッチ | E76: ITB-002_データ同期-008 | F76: 46131 | H76: =IF(G76<>"","完了",IF(F76="","－",IF(F76<=$L$2,"遅延","予定"))) | I76: 46132 | K76: =IF(J76<>"","完了",IF(I76="","－",IF(I76<=$L$2,"遅延","予定"))) | L76: =IF(AND(H76="完了",K76="完了"),"完了",IF(OR(H76="遅延",K76="遅延"),"遅延","進行中"))
A77: 73 | B77: input/ITB-B-003_データ連携.xlsx | C77: ITB-002_データ同期 | D77: バッチ | E77: ITB-002_データ同期-009 | F77: 46150 | H77: =IF(G77<>"","完了",IF(F77="","－",IF(F77<=$L$2,"遅延","予定"))) | I77: 46152 | K77: =IF(J77<>"","完了",IF(I77="","－",IF(I77<=$L$2,"遅延","予定"))) | L77: =IF(AND(H77="完了",K77="完了"),"完了",IF(OR(H77="遅延",K77="遅延"),"遅延","進行中"))
A78: 74 | B78: input/ITB-B-003_データ連携.xlsx | C78: ITB-002_データ同期 | D78: バッチ | E78: ITB-002_データ同期-010 | F78: 46171 | H78: =IF(G78<>"","完了",IF(F78="","－",IF(F78<=$L$2,"遅延","予定"))) | I78: 46176 | K78: =IF(J78<>"","完了",IF(I78="","－",IF(I78<=$L$2,"遅延","予定"))) | L78: =IF(AND(H78="完了",K78="完了"),"完了",IF(OR(H78="遅延",K78="遅延"),"遅延","進行中"))
A79: 75 | B79: input/ITB-O-001_ログイン認証.xlsx | C79: ITB-001_ログイン | D79: オンライン | E79: ITB-001_ログイン-001 | F79: 45999 | G79: 45998 | H79: =IF(G79<>"","完了",IF(F79="","－",IF(F79<=$L$2,"遅延","予定"))) | I79: 46002 | J79: 46004 | K79: =IF(J79<>"","完了",IF(I79="","－",IF(I79<=$L$2,"遅延","予定"))) | L79: =IF(AND(H79="完了",K79="完了"),"完了",IF(OR(H79="遅延",K79="遅延"),"遅延","進行中"))
A80: 76 | B80: input/ITB-O-001_ログイン認証.xlsx | C80: ITB-001_ログイン | D80: オンライン | E80: ITB-001_ログイン-002 | F80: 46018 | G80: 46019 | H80: =IF(G80<>"","完了",IF(F80="","－",IF(F80<=$L$2,"遅延","予定"))) | I80: 46020 | J80: 46021 | K80: =IF(J80<>"","完了",IF(I80="","－",IF(I80<=$L$2,"遅延","予定"))) | L80: =IF(AND(H80="完了",K80="完了"),"完了",IF(OR(H80="遅延",K80="遅延"),"遅延","進行中"))
A81: 77 | B81: input/ITB-O-001_ログイン認証.xlsx | C81: ITB-001_ログイン | D81: オンライン | E81: ITB-001_ログイン-003 | F81: 46031 | G81: 46030 | H81: =IF(G81<>"","完了",IF(F81="","－",IF(F81<=$L$2,"遅延","予定"))) | I81: 46035 | J81: 46034 | K81: =IF(J81<>"","完了",IF(I81="","－",IF(I81<=$L$2,"遅延","予定"))) | L81: =IF(AND(H81="完了",K81="完了"),"完了",IF(OR(H81="遅延",K81="遅延"),"遅延","進行中"))
A82: 78 | B82: input/ITB-O-001_ログイン認証.xlsx | C82: ITB-001_ログイン | D82: オンライン | E82: ITB-001_ログイン-004 | F82: 46044 | G82: 46043 | H82: =IF(G82<>"","完了",IF(F82="","－",IF(F82<=$L$2,"遅延","予定"))) | I82: 46048 | J82: 46048 | K82: =IF(J82<>"","完了",IF(I82="","－",IF(I82<=$L$2,"遅延","予定"))) | L82: =IF(AND(H82="完了",K82="完了"),"完了",IF(OR(H82="遅延",K82="遅延"),"遅延","進行中"))
A83: 79 | B83: input/ITB-O-001_ログイン認証.xlsx | C83: ITB-001_ログイン | D83: オンライン | E83: ITB-001_ログイン-005 | F83: 46047 | G83: 46045 | H83: =IF(G83<>"","完了",IF(F83="","－",IF(F83<=$L$2,"遅延","予定"))) | I83: 46048 | J83: 46050 | K83: =IF(J83<>"","完了",IF(I83="","－",IF(I83<=$L$2,"遅延","予定"))) | L83: =IF(AND(H83="完了",K83="完了"),"完了",IF(OR(H83="遅延",K83="遅延"),"遅延","進行中"))
A84: 80 | B84: input/ITB-O-001_ログイン認証.xlsx | C84: ITB-001_ログイン | D84: オンライン | E84: ITB-001_ログイン-006 | F84: 46063 | G84: 46061 | H84: =IF(G84<>"","完了",IF(F84="","－",IF(F84<=$L$2,"遅延","予定"))) | I84: 46068 | J84: 46069 | K84: =IF(J84<>"","完了",IF(I84="","－",IF(I84<=$L$2,"遅延","予定"))) | L84: =IF(AND(H84="完了",K84="完了"),"完了",IF(OR(H84="遅延",K84="遅延"),"遅延","進行中"))
A85: 81 | B85: input/ITB-O-001_ログイン認証.xlsx | C85: ITB-001_ログイン | D85: オンライン | E85: ITB-001_ログイン-007 | F85: 46079 | G85: 46079 | H85: =IF(G85<>"","完了",IF(F85="","－",IF(F85<=$L$2,"遅延","予定"))) | I85: 46083 | K85: =IF(J85<>"","完了",IF(I85="","－",IF(I85<=$L$2,"遅延","予定"))) | L85: =IF(AND(H85="完了",K85="完了"),"完了",IF(OR(H85="遅延",K85="遅延"),"遅延","進行中"))
A86: 82 | B86: input/ITB-O-001_ログイン認証.xlsx | C86: ITB-001_ログイン | D86: オンライン | E86: ITB-001_ログイン-008 | F86: 46083 | G86: 46086 | H86: =IF(G86<>"","完了",IF(F86="","－",IF(F86<=$L$2,"遅延","予定"))) | I86: 46087 | K86: =IF(J86<>"","完了",IF(I86="","－",IF(I86<=$L$2,"遅延","予定"))) | L86: =IF(AND(H86="完了",K86="完了"),"完了",IF(OR(H86="遅延",K86="遅延"),"遅延","進行中"))
A87: 83 | B87: input/ITB-O-001_ログイン認証.xlsx | C87: ITB-001_ログイン | D87: オンライン | E87: ITB-001_ログイン-009 | F87: 46104 | H87: =IF(G87<>"","完了",IF(F87="","－",IF(F87<=$L$2,"遅延","予定"))) | I87: 46105 | K87: =IF(J87<>"","完了",IF(I87="","－",IF(I87<=$L$2,"遅延","予定"))) | L87: =IF(AND(H87="完了",K87="完了"),"完了",IF(OR(H87="遅延",K87="遅延"),"遅延","進行中"))
A88: 84 | B88: input/ITB-O-001_ログイン認証.xlsx | C88: ITB-001_ログイン | D88: オンライン | E88: ITB-001_ログイン-010 | F88: 46112 | H88: =IF(G88<>"","完了",IF(F88="","－",IF(F88<=$L$2,"遅延","予定"))) | I88: 46114 | K88: =IF(J88<>"","完了",IF(I88="","－",IF(I88<=$L$2,"遅延","予定"))) | L88: =IF(AND(H88="完了",K88="完了"),"完了",IF(OR(H88="遅延",K88="遅延"),"遅延","進行中"))
A89: 85 | B89: input/ITB-O-001_ログイン認証.xlsx | C89: ITB-001_ログイン | D89: オンライン | E89: ITB-001_ログイン-011 | F89: 46120 | H89: =IF(G89<>"","完了",IF(F89="","－",IF(F89<=$L$2,"遅延","予定"))) | I89: 46125 | K89: =IF(J89<>"","完了",IF(I89="","－",IF(I89<=$L$2,"遅延","予定"))) | L89: =IF(AND(H89="完了",K89="完了"),"完了",IF(OR(H89="遅延",K89="遅延"),"遅延","進行中"))
A90: 86 | B90: input/ITB-O-001_ログイン認証.xlsx | C90: ITB-001_ログイン | D90: オンライン | E90: ITB-001_ログイン-012 | F90: 46138 | H90: =IF(G90<>"","完了",IF(F90="","－",IF(F90<=$L$2,"遅延","予定"))) | I90: 46142 | K90: =IF(J90<>"","完了",IF(I90="","－",IF(I90<=$L$2,"遅延","予定"))) | L90: =IF(AND(H90="完了",K90="完了"),"完了",IF(OR(H90="遅延",K90="遅延"),"遅延","進行中"))
A91: 87 | B91: input/ITB-O-001_ログイン認証.xlsx | C91: ITB-001_ログイン | D91: オンライン | E91: ITB-001_ログイン-013 | F91: 46152 | H91: =IF(G91<>"","完了",IF(F91="","－",IF(F91<=$L$2,"遅延","予定"))) | I91: 46154 | K91: =IF(J91<>"","完了",IF(I91="","－",IF(I91<=$L$2,"遅延","予定"))) | L91: =IF(AND(H91="完了",K91="完了"),"完了",IF(OR(H91="遅延",K91="遅延"),"遅延","進行中"))
A92: 88 | B92: input/ITB-O-001_ログイン認証.xlsx | C92: ITB-001_ログイン | D92: オンライン | E92: ITB-001_ログイン-014 | F92: 46164 | H92: =IF(G92<>"","完了",IF(F92="","－",IF(F92<=$L$2,"遅延","予定"))) | I92: 46165 | K92: =IF(J92<>"","完了",IF(I92="","－",IF(I92<=$L$2,"遅延","予定"))) | L92: =IF(AND(H92="完了",K92="完了"),"完了",IF(OR(H92="遅延",K92="遅延"),"遅延","進行中"))
A93: 89 | B93: input/ITB-O-001_ログイン認証.xlsx | C93: ITB-001_ログイン | D93: オンライン | E93: ITB-001_ログイン-015 | F93: 46168 | H93: =IF(G93<>"","完了",IF(F93="","－",IF(F93<=$L$2,"遅延","予定"))) | I93: 46171 | K93: =IF(J93<>"","完了",IF(I93="","－",IF(I93<=$L$2,"遅延","予定"))) | L93: =IF(AND(H93="完了",K93="完了"),"完了",IF(OR(H93="遅延",K93="遅延"),"遅延","進行中"))
A94: 90 | B94: input/ITB-O-001_ログイン認証.xlsx | C94: ITB-002_ログアウト | D94: オンライン | E94: ITB-002_ログアウト-001 | F94: 46008 | G94: 46006 | H94: =IF(G94<>"","完了",IF(F94="","－",IF(F94<=$L$2,"遅延","予定"))) | I94: 46011 | J94: 46013 | K94: =IF(J94<>"","完了",IF(I94="","－",IF(I94<=$L$2,"遅延","予定"))) | L94: =IF(AND(H94="完了",K94="完了"),"完了",IF(OR(H94="遅延",K94="遅延"),"遅延","進行中"))
A95: 91 | B95: input/ITB-O-001_ログイン認証.xlsx | C95: ITB-002_ログアウト | D95: オンライン | E95: ITB-002_ログアウト-002 | F95: 46018 | G95: 46018 | H95: =IF(G95<>"","完了",IF(F95="","－",IF(F95<=$L$2,"遅延","予定"))) | I95: 46020 | J95: 46019 | K95: =IF(J95<>"","完了",IF(I95="","－",IF(I95<=$L$2,"遅延","予定"))) | L95: =IF(AND(H95="完了",K95="完了"),"完了",IF(OR(H95="遅延",K95="遅延"),"遅延","進行中"))
A96: 92 | B96: input/ITB-O-001_ログイン認証.xlsx | C96: ITB-002_ログアウト | D96: オンライン | E96: ITB-002_ログアウト-003 | F96: 46027 | G96: 46026 | H96: =IF(G96<>"","完了",IF(F96="","－",IF(F96<=$L$2,"遅延","予定"))) | I96: 46029 | J96: 46028 | K96: =IF(J96<>"","完了",IF(I96="","－",IF(I96<=$L$2,"遅延","予定"))) | L96: =IF(AND(H96="完了",K96="完了"),"完了",IF(OR(H96="遅延",K96="遅延"),"遅延","進行中"))
A97: 93 | B97: input/ITB-O-001_ログイン認証.xlsx | C97: ITB-002_ログアウト | D97: オンライン | E97: ITB-002_ログアウト-004 | F97: 46037 | G97: 46035 | H97: =IF(G97<>"","完了",IF(F97="","－",IF(F97<=$L$2,"遅延","予定"))) | I97: 46038 | J97: 46040 | K97: =IF(J97<>"","完了",IF(I97="","－",IF(I97<=$L$2,"遅延","予定"))) | L97: =IF(AND(H97="完了",K97="完了"),"完了",IF(OR(H97="遅延",K97="遅延"),"遅延","進行中"))
A98: 94 | B98: input/ITB-O-001_ログイン認証.xlsx | C98: ITB-002_ログアウト | D98: オンライン | E98: ITB-002_ログアウト-005 | F98: 46052 | G98: 46053 | H98: =IF(G98<>"","完了",IF(F98="","－",IF(F98<=$L$2,"遅延","予定"))) | I98: 46054 | K98: =IF(J98<>"","完了",IF(I98="","－",IF(I98<=$L$2,"遅延","予定"))) | L98: =IF(AND(H98="完了",K98="完了"),"完了",IF(OR(H98="遅延",K98="遅延"),"遅延","進行中"))
A99: 95 | B99: input/ITB-O-001_ログイン認証.xlsx | C99: ITB-002_ログアウト | D99: オンライン | E99: ITB-002_ログアウト-006 | F99: 46065 | H99: =IF(G99<>"","完了",IF(F99="","－",IF(F99<=$L$2,"遅延","予定"))) | I99: 46070 | K99: =IF(J99<>"","完了",IF(I99="","－",IF(I99<=$L$2,"遅延","予定"))) | L99: =IF(AND(H99="完了",K99="完了"),"完了",IF(OR(H99="遅延",K99="遅延"),"遅延","進行中"))
A100: 96 | B100: input/ITB-O-001_ログイン認証.xlsx | C100: ITB-002_ログアウト | D100: オンライン | E100: ITB-002_ログアウト-007 | F100: 46075 | G100: 46074 | H100: =IF(G100<>"","完了",IF(F100="","－",IF(F100<=$L$2,"遅延","予定"))) | I100: 46079 | J100: 46081 | K100: =IF(J100<>"","完了",IF(I100="","－",IF(I100<=$L$2,"遅延","予定"))) | L100: =IF(AND(H100="完了",K100="完了"),"完了",IF(OR(H100="遅延",K100="遅延"),"遅延","進行中"))
A101: 97 | B101: input/ITB-O-001_ログイン認証.xlsx | C101: ITB-002_ログアウト | D101: オンライン | E101: ITB-002_ログアウト-008 | F101: 46084 | G101: 46087 | H101: =IF(G101<>"","完了",IF(F101="","－",IF(F101<=$L$2,"遅延","予定"))) | I101: 46089 | K101: =IF(J101<>"","完了",IF(I101="","－",IF(I101<=$L$2,"遅延","予定"))) | L101: =IF(AND(H101="完了",K101="完了"),"完了",IF(OR(H101="遅延",K101="遅延"),"遅延","進行中"))
...

Sheet 祝日マスタ
A1: 祝日マスタ
A2: ※ 祝日を追加・編集してください。日付形式: YYYY/MM/DD
A4: 日付 | B4: 祝日名 | C4: 備考
A5: 45292 | B5: 元日
A6: 45293 | B6: 年始休暇
A7: 45294 | B7: 年始休暇
A8: 45299 | B8: 成人の日
A9: 45333 | B9: 建国記念の日
A10: 45334 | B10: 振替休日
A11: 45345 | B11: 天皇誕生日
A12: 45371 | B12: 春分の日
A13: 45411 | B13: 昭和の日
A14: 45415 | B14: 憲法記念日
A15: 45416 | B15: みどりの日
A16: 45417 | B16: こどもの日
... A161: 47848 | B161: 年末休暇
